objectid_gadm2,iso_alpha3,country,name_1,name_2,population,whostandard,natstandard,pm1998,pm1999,pm2000,pm2001,pm2002,pm2003,pm2004,pm2005,pm2006,pm2007,pm2008,pm2009,pm2010,pm2011,pm2012,pm2013,pm2014,pm2015,pm2016,pm2017,pm2018,pm2019,pm2020,pm2021,llpp_who_1998,llpp_who_1999,llpp_who_2000,llpp_who_2001,llpp_who_2002,llpp_who_2003,llpp_who_2004,llpp_who_2005,llpp_who_2006,llpp_who_2007,llpp_who_2008,llpp_who_2009,llpp_who_2010,llpp_who_2011,llpp_who_2012,llpp_who_2013,llpp_who_2014,llpp_who_2015,llpp_who_2016,llpp_who_2017,llpp_who_2018,llpp_who_2019,llpp_who_2020,llpp_who_2021,llpp_nat_1998,llpp_nat_1999,llpp_nat_2000,llpp_nat_2001,llpp_nat_2002,llpp_nat_2003,llpp_nat_2004,llpp_nat_2005,llpp_nat_2006,llpp_nat_2007,llpp_nat_2008,llpp_nat_2009,llpp_nat_2010,llpp_nat_2011,llpp_nat_2012,llpp_nat_2013,llpp_nat_2014,llpp_nat_2015,llpp_nat_2016,llpp_nat_2017,llpp_nat_2018,llpp_nat_2019,llpp_nat_2020,llpp_nat_2021
17298,IND,India,Andaman and Nicobar,Nicobar Islands,35672,5,40,7.65,8.07,9.24,8.82,9.04,11.09,12.34,9.71,11.96,12.36,12.53,11.67,13.53,11.29,12.64,12.88,12.86,11.56,12.45,9.9,10.61,13.26,13.09,9.76,0.26,0.3,0.42,0.37,0.4,0.6,0.72,0.46,0.68,0.72,0.74,0.65,0.84,0.62,0.75,0.77,0.77,0.64,0.73,0.48,0.55,0.81,0.79,0.47,0,0,0,0,0,0,0,0,0,0,0,0,0,0,0,0,0,0,0,0,0,0,0,0
17299,IND,India,Andaman and Nicobar,North and Middle Andaman,103796,5,40,16.54,16.4,17.12,17.62,19.84,19.21,20.76,19.84,21.99,20.6,21.24,22.76,22.5,21.62,22.39,22.29,26.67,21.06,21.91,18.25,20.86,21.49,22.09,19.24,1.13,1.12,1.19,1.24,1.45,1.39,1.54,1.45,1.67,1.53,1.59,1.74,1.72,1.63,1.7,1.69,2.12,1.57,1.66,1.3,1.55,1.62,1.67,1.4,0,0,0,0,0,0,0,0,0,0,0,0,0,0,0,0,0,0,0,0,0,0,0,0
17300,IND,India,Andaman and Nicobar,South Andaman,231783,5,40,13.05,12.98,14.4,15.47,17.32,17.73,19.6,17.38,20.82,19.11,21,21.88,21.48,21.32,22.54,21.43,24.56,19.85,22.57,18.83,20.97,21.79,22.08,20.26,0.79,0.78,0.92,1.03,1.21,1.25,1.43,1.21,1.55,1.38,1.57,1.65,1.61,1.6,1.72,1.61,1.92,1.46,1.72,1.36,1.57,1.65,1.67,1.49,0,0,0,0,0,0,0,0,0,0,0,0,0,0,0,0,0,0,0,0,0,0,0,0
17301,IND,India,Andhra Pradesh,Anantapur,4337847,5,40,18.43,18.98,18.43,21.53,23,23.91,24.99,28.95,27.4,29.48,27.86,30.33,30.66,29.1,27.59,27.77,30.41,27.82,27.69,30.55,30.21,28.02,29.79,29.85,1.32,1.37,1.32,1.62,1.76,1.85,1.96,2.35,2.2,2.4,2.24,2.48,2.51,2.36,2.21,2.23,2.49,2.24,2.22,2.5,2.47,2.26,2.43,2.44,0,0,0,0,0,0,0,0,0,0,0,0,0,0,0,0,0,0,0,0,0,0,0,0
17302,IND,India,Andhra Pradesh,Chittoor,4430270,5,40,14.56,15.67,15.96,19.61,19.62,20.92,22.19,24.84,22.42,25.08,24.07,25.73,25.5,25.28,24.36,23.91,24.9,22.9,24.87,26.4,25.56,22.89,23.39,25.13,0.94,1.05,1.07,1.43,1.43,1.56,1.68,1.94,1.71,1.97,1.87,2.03,2.01,1.99,1.9,1.85,1.95,1.75,1.95,2.1,2.02,1.75,1.8,1.97,0,0,0,0,0,0,0,0,0,0,0,0,0,0,0,0,0,0,0,0,0,0,0,0
17303,IND,India,Andhra Pradesh,East Godavari,5523407,5,40,15.3,18.41,20.41,20.78,21.45,22.27,24.27,25.37,28.31,29.14,31.53,31.68,28.03,30.52,29.38,29.31,34.63,29.51,30.37,32.98,31.64,30,31.6,33.82,1.01,1.31,1.51,1.55,1.61,1.69,1.89,2,2.28,2.37,2.6,2.62,2.26,2.5,2.39,2.38,2.9,2.4,2.49,2.74,2.61,2.45,2.61,2.82,0,0,0,0,0,0,0,0,0,0,0,0,0,0,0,0,0,0,0,0,0,0,0,0
17304,IND,India,Andhra Pradesh,Guntur,5057521,5,40,16.45,18.32,20.77,22.04,22.16,22.95,23.49,26.3,27.45,29.02,29.2,31.24,29.69,30.1,28,29.08,32.88,27.87,28.3,31.25,29.76,29.43,30.8,33.33,1.12,1.31,1.55,1.67,1.68,1.76,1.81,2.09,2.2,2.35,2.37,2.57,2.42,2.46,2.25,2.36,2.73,2.24,2.28,2.57,2.43,2.39,2.53,2.78,0,0,0,0,0,0,0,0,0,0,0,0,0,0,0,0,0,0,0,0,0,0,0,0
17305,IND,India,Andhra Pradesh,Krishna,4747791,5,40,16.55,18.4,20.44,21.37,21.79,22.88,23.55,25.83,27.85,29.15,29.94,31.24,29.28,30.64,28.03,29.19,33.94,28.63,28.93,31.44,30.58,29.42,31.58,34.57,1.13,1.31,1.51,1.6,1.65,1.75,1.82,2.04,2.24,2.37,2.44,2.57,2.38,2.51,2.26,2.37,2.84,2.32,2.35,2.59,2.51,2.39,2.6,2.9,0,0,0,0,0,0,0,0,0,0,0,0,0,0,0,0,0,0,0,0,0,0,0,0
17306,IND,India,Andhra Pradesh,Kurnool,4284262,5,40,17.47,19.69,19.62,22.15,23.25,23.44,23.04,27.07,27.73,28.65,27.44,29.88,30.47,28.77,26.34,26.86,30.49,26.85,27.42,29.63,29.55,27.55,28.95,30.46,1.22,1.44,1.43,1.68,1.79,1.81,1.77,2.16,2.23,2.32,2.2,2.44,2.5,2.33,2.09,2.14,2.5,2.14,2.2,2.41,2.41,2.21,2.35,2.49,0,0,0,0,0,0,0,0,0,0,0,0,0,0,0,0,0,0,0,0,0,0,0,0
17307,IND,India,Andhra Pradesh,Nellore,3166501,5,40,17.46,19.91,20.01,21.28,20.2,21.22,22.12,25.86,23.43,26.49,25.51,27.1,25.63,24.75,23.98,25.12,27.23,23.27,26.39,28.23,26.98,25.67,24.99,27.1,1.22,1.46,1.47,1.6,1.49,1.59,1.68,2.04,1.81,2.11,2.01,2.17,2.02,1.94,1.86,1.97,2.18,1.79,2.1,2.28,2.15,2.03,1.96,2.17,0,0,0,0,0,0,0,0,0,0,0,0,0,0,0,0,0,0,0,0,0,0,0,0
17308,IND,India,Andhra Pradesh,Prakasam,3584439,5,40,15.92,18.07,19.31,20.9,20.15,20.67,21.43,24.24,24.56,25.77,26.44,28.35,26.92,26.12,24.18,25.85,29.01,24.63,25.34,28.35,27.29,26.28,26.62,28.75,1.07,1.28,1.4,1.56,1.49,1.54,1.61,1.89,1.92,2.04,2.1,2.29,2.15,2.07,1.88,2.04,2.35,1.92,1.99,2.29,2.18,2.09,2.12,2.33,0,0,0,0,0,0,0,0,0,0,0,0,0,0,0,0,0,0,0,0,0,0,0,0
17309,IND,India,Andhra Pradesh,Srikakulam,2835418,5,40,15.17,16.23,17.65,19.8,19.98,20.66,22.49,23.58,25.33,26.71,30.36,30.04,25.99,30.25,27.99,27.35,32.13,29.77,30.16,31.55,30.51,29.64,30.14,32.75,1,1.1,1.24,1.45,1.47,1.53,1.71,1.82,1.99,2.13,2.49,2.45,2.06,2.47,2.25,2.19,2.66,2.43,2.47,2.6,2.5,2.41,2.46,2.72,0,0,0,0,0,0,0,0,0,0,0,0,0,0,0,0,0,0,0,0,0,0,0,0
17310,IND,India,Andhra Pradesh,Visakhapatnam,4499530,5,40,13.87,16,17.56,19.96,20.58,20.48,23.35,23.42,26.21,27.2,30.34,31.48,26.45,30.78,28.46,29.17,34.07,30.24,30.55,33.45,32.09,30.43,29.81,33.73,0.87,1.08,1.23,1.47,1.53,1.52,1.8,1.81,2.08,2.18,2.48,2.6,2.1,2.53,2.3,2.37,2.85,2.47,2.5,2.79,2.65,2.49,2.43,2.82,0,0,0,0,0,0,0,0,0,0,0,0,0,0,0,0,0,0,0,0,0,0,0,0
17311,IND,India,Andhra Pradesh,Vizianagaram,2490375,5,40,15.35,15.98,17.92,21.54,21.19,21.96,23.52,24.41,26.13,27.67,30.51,30.84,28.17,32.31,29.31,29.91,34.31,32.8,32.58,34.09,33.09,32.03,31.91,35.75,1.01,1.08,1.27,1.62,1.59,1.66,1.82,1.9,2.07,2.22,2.5,2.53,2.27,2.68,2.38,2.44,2.87,2.72,2.7,2.85,2.75,2.65,2.64,3.01,0,0,0,0,0,0,0,0,0,0,0,0,0,0,0,0,0,0,0,0,0,0,0,0
17312,IND,India,Andhra Pradesh,West Godavari,4147565,5,40,16.71,18.9,21.16,21.55,22.4,23.91,25.24,27.09,29.17,30.35,32.15,32.34,29.88,31.86,29.39,29.96,35.25,30.05,30.83,32.84,31.77,30.14,32.65,34.92,1.15,1.36,1.58,1.62,1.71,1.85,1.98,2.16,2.37,2.48,2.66,2.68,2.44,2.63,2.39,2.45,2.96,2.45,2.53,2.73,2.62,2.46,2.71,2.93,0,0,0,0,0,0,0,0,0,0,0,0,0,0,0,0,0,0,0,0,0,0,0,0
17313,IND,India,Andhra Pradesh,Y.S.R.,3069896,5,40,18.1,19.57,19.07,22.6,22.13,22.54,23.95,27.95,25.33,28.39,27.93,29.63,29.86,29.38,26.38,27.39,29.38,27.4,28.15,29.97,30.33,27.04,28.55,29.8,1.28,1.43,1.38,1.72,1.68,1.72,1.86,2.25,1.99,2.29,2.25,2.41,2.44,2.39,2.09,2.19,2.39,2.2,2.27,2.45,2.48,2.16,2.31,2.43,0,0,0,0,0,0,0,0,0,0,0,0,0,0,0,0,0,0,0,0,0,0,0,0
17314,IND,India,Arunachal Pradesh,Anjaw,24321,5,40,7.35,9.8,8.11,11.75,11.09,10.73,10.77,12.29,13.02,12.18,11.76,13.58,10.02,11.84,12.97,11.37,12.68,10.54,11.01,11.3,10.95,11.53,10.26,11.71,0.23,0.47,0.31,0.66,0.6,0.56,0.57,0.71,0.79,0.7,0.66,0.84,0.49,0.67,0.78,0.62,0.75,0.54,0.59,0.62,0.58,0.64,0.52,0.66,0,0,0,0,0,0,0,0,0,0,0,0,0,0,0,0,0,0,0,0,0,0,0,0
17315,IND,India,Arunachal Pradesh,Changlang,171561,5,40,11,12.92,12.01,14.4,13.38,14.24,14.97,16.1,18.12,17.32,16.94,19.64,16.78,17.82,17.72,16.54,16.87,15.47,15.84,15.94,16.6,16.41,15.31,18.38,0.59,0.78,0.69,0.92,0.82,0.91,0.98,1.09,1.29,1.21,1.17,1.44,1.15,1.26,1.25,1.13,1.16,1.03,1.06,1.07,1.14,1.12,1.01,1.31,0,0,0,0,0,0,0,0,0,0,0,0,0,0,0,0,0,0,0,0,0,0,0,0
17316,IND,India,Arunachal Pradesh,Dibang Valley,10411,5,40,6.25,7.89,6.81,9.14,8.81,8.22,8.13,9.58,10.36,9.5,9.36,11.39,8.22,9.45,11.18,9.62,10.19,8.24,9.38,9.13,8.66,9.18,8.17,9.64,0.12,0.28,0.18,0.41,0.37,0.32,0.31,0.45,0.53,0.44,0.43,0.63,0.32,0.44,0.61,0.45,0.51,0.32,0.43,0.4,0.36,0.41,0.31,0.45,0,0,0,0,0,0,0,0,0,0,0,0,0,0,0,0,0,0,0,0,0,0,0,0
17317,IND,India,Arunachal Pradesh,East Kameng,62155,5,40,9.07,10.14,13.23,15.79,14.79,15.11,15.88,15.93,17.18,16.11,16.32,20.82,17.36,17.74,21.21,17.27,19.06,16.74,17.56,17.19,18.91,17.96,17.15,17.83,0.4,0.5,0.81,1.06,0.96,0.99,1.07,1.07,1.19,1.09,1.11,1.55,1.21,1.25,1.59,1.2,1.38,1.15,1.23,1.19,1.36,1.27,1.19,1.26,0,0,0,0,0,0,0,0,0,0,0,0,0,0,0,0,0,0,0,0,0,0,0,0
17318,IND,India,Arunachal Pradesh,East Siang,110770,5,40,8.53,10.52,9.44,11.25,10.25,10.69,11.07,11.72,13.47,12.61,13.01,15.02,12.52,13.25,14.68,13.16,13.38,11.11,12.27,12.31,12.57,13.04,11.49,14.08,0.35,0.54,0.43,0.61,0.51,0.56,0.59,0.66,0.83,0.75,0.78,0.98,0.74,0.81,0.95,0.8,0.82,0.6,0.71,0.72,0.74,0.79,0.64,0.89,0,0,0,0,0,0,0,0,0,0,0,0,0,0,0,0,0,0,0,0,0,0,0,0
17319,IND,India,Arunachal Pradesh,Kurung Kumey,76984,5,40,7.76,9.03,10.68,14.35,13.1,12.8,13.31,13.78,14.16,13.69,13.6,18.26,14.2,14.17,17.58,14.38,15.81,13.18,14.99,13.89,14.3,14.22,13.36,15.49,0.27,0.39,0.56,0.92,0.79,0.76,0.81,0.86,0.9,0.85,0.84,1.3,0.9,0.9,1.23,0.92,1.06,0.8,0.98,0.87,0.91,0.9,0.82,1.03,0,0,0,0,0,0,0,0,0,0,0,0,0,0,0,0,0,0,0,0,0,0,0,0
17320,IND,India,Arunachal Pradesh,Lohit,77947,5,40,8.63,10.79,9.23,12.12,11.21,11.3,11.84,12.58,14.2,13.31,13.44,15.24,12.22,13.65,13.75,12.87,13.7,11.43,12.41,12.59,12.74,12.97,11.47,13.8,0.36,0.57,0.41,0.7,0.61,0.62,0.67,0.74,0.9,0.81,0.83,1,0.71,0.85,0.86,0.77,0.85,0.63,0.73,0.74,0.76,0.78,0.63,0.86,0,0,0,0,0,0,0,0,0,0,0,0,0,0,0,0,0,0,0,0,0,0,0,0
17321,IND,India,Arunachal Pradesh,Longding,53950,5,40,18.78,18.42,20.05,19.84,19.31,20.35,20.09,21.75,24.82,23.86,21.4,27.98,22.2,22.92,24.71,21.99,21.95,21.87,20.78,20.22,21.63,21.76,21.17,23.84,1.35,1.32,1.47,1.45,1.4,1.5,1.48,1.64,1.94,1.85,1.61,2.25,1.69,1.76,1.93,1.66,1.66,1.65,1.55,1.49,1.63,1.64,1.59,1.85,0,0,0,0,0,0,0,0,0,0,0,0,0,0,0,0,0,0,0,0,0,0,0,0
17322,IND,India,Arunachal Pradesh,Lower Dibang Valley,61421,5,40,7.89,9.61,8.45,10.8,10.17,10.17,10.48,11.28,12.69,11.8,12.11,13.83,11.12,12.32,12.73,11.78,12.33,10.07,11.45,11.38,11.48,11.88,10.34,12.58,0.28,0.45,0.34,0.57,0.51,0.51,0.54,0.62,0.75,0.67,0.7,0.87,0.6,0.72,0.76,0.66,0.72,0.5,0.63,0.63,0.63,0.67,0.52,0.74,0,0,0,0,0,0,0,0,0,0,0,0,0,0,0,0,0,0,0,0,0,0,0,0
17323,IND,India,Arunachal Pradesh,Lower Subansiri,129204,5,40,9.04,11.52,11.73,13.59,12.21,12.95,13.1,14.09,14.94,14.01,14.19,17.63,14.33,15.19,17.55,14.59,15.32,12.75,13.56,13.9,15.12,14.65,13.7,14.94,0.4,0.64,0.66,0.84,0.71,0.78,0.79,0.89,0.97,0.88,0.9,1.24,0.91,1,1.23,0.94,1.01,0.76,0.84,0.87,0.99,0.95,0.85,0.97,0,0,0,0,0,0,0,0,0,0,0,0,0,0,0,0,0,0,0,0,0,0,0,0
17324,IND,India,Arunachal Pradesh,Namsai,84555,5,40,10.63,12.28,11.06,13.58,12.24,13.22,14.05,15,17.49,16.78,16.66,18.86,16.34,17.28,17.12,16.19,16.68,14.46,15.46,15.62,15.94,16.26,14.71,18.25,0.55,0.71,0.59,0.84,0.71,0.81,0.89,0.98,1.22,1.15,1.14,1.36,1.11,1.2,1.19,1.1,1.14,0.93,1.03,1.04,1.07,1.1,0.95,1.3,0,0,0,0,0,0,0,0,0,0,0,0,0,0,0,0,0,0,0,0,0,0,0,0
17325,IND,India,Arunachal Pradesh,Papum Pare,149051,5,40,11.38,12.46,14.73,15.79,14.26,15.28,16.27,16.84,18.6,17.62,18.01,21.65,19.24,21.47,23.04,20.19,20.09,18.31,18.62,19.27,21.99,20.2,19.08,20,0.62,0.73,0.95,1.06,0.91,1.01,1.1,1.16,1.33,1.24,1.27,1.63,1.4,1.61,1.77,1.49,1.48,1.3,1.33,1.4,1.67,1.49,1.38,1.47,0,0,0,0,0,0,0,0,0,0,0,0,0,0,0,0,0,0,0,0,0,0,0,0
17326,IND,India,Arunachal Pradesh,Tawang,57722,5,40,10.73,11.86,15.36,20.85,17.95,19.83,16.98,18.47,16.58,14.67,14.91,18.18,13.08,14.43,18.22,15.12,17.57,16.72,17.58,15.2,16.13,15.56,14.57,17.13,0.56,0.67,1.02,1.55,1.27,1.45,1.17,1.32,1.14,0.95,0.97,1.29,0.79,0.92,1.3,0.99,1.23,1.15,1.23,1,1.09,1.03,0.94,1.19,0,0,0,0,0,0,0,0,0,0,0,0,0,0,0,0,0,0,0,0,0,0,0,0
17327,IND,India,Arunachal Pradesh,Tirap,77469,5,40,16.72,17.01,18.75,18.87,18.05,19.37,19.3,21.25,23.44,23.09,21.38,25.87,21.62,21.9,22.86,20.58,21,19.82,20.61,19.41,21.16,20.87,20.43,23.11,1.15,1.18,1.35,1.36,1.28,1.41,1.4,1.59,1.81,1.77,1.61,2.04,1.63,1.66,1.75,1.53,1.57,1.45,1.53,1.41,1.58,1.56,1.51,1.78,0,0,0,0,0,0,0,0,0,0,0,0,0,0,0,0,0,0,0,0,0,0,0,0
17328,IND,India,Arunachal Pradesh,Upper Siang,41777,5,40,7.36,8.52,8.04,10.05,9.49,9.02,9.26,10.01,11.17,10.09,10.45,12.71,9.97,10.84,12.33,10.81,11.39,9.25,10.76,10.33,10.17,10.67,9.58,11.04,0.23,0.35,0.3,0.49,0.44,0.39,0.42,0.49,0.61,0.5,0.53,0.76,0.49,0.57,0.72,0.57,0.63,0.42,0.56,0.52,0.51,0.56,0.45,0.59,0,0,0,0,0,0,0,0,0,0,0,0,0,0,0,0,0,0,0,0,0,0,0,0
17329,IND,India,Arunachal Pradesh,Upper Subansiri,96830,5,40,8.9,11.58,10.87,13.23,12.21,12.04,12.81,13.26,14.34,13.38,13.58,17.02,13.34,13.92,16.32,13.7,14.81,12.04,13.46,13.41,13.99,14.21,12.86,14.79,0.38,0.64,0.58,0.81,0.71,0.69,0.76,0.81,0.92,0.82,0.84,1.18,0.82,0.87,1.11,0.85,0.96,0.69,0.83,0.82,0.88,0.9,0.77,0.96,0,0,0,0,0,0,0,0,0,0,0,0,0,0,0,0,0,0,0,0,0,0,0,0
17330,IND,India,Arunachal Pradesh,West Kameng,127801,5,40,8.49,9.26,13.51,16.6,15.54,16.1,16,16.19,17.25,15.93,15.84,20.33,16.52,16.56,20.45,16.59,18.39,16.41,16.81,16.71,18.22,17.41,17.01,17.93,0.34,0.42,0.83,1.14,1.03,1.09,1.08,1.1,1.2,1.07,1.06,1.5,1.13,1.13,1.51,1.14,1.31,1.12,1.16,1.15,1.3,1.22,1.18,1.27,0,0,0,0,0,0,0,0,0,0,0,0,0,0,0,0,0,0,0,0,0,0,0,0
17331,IND,India,Arunachal Pradesh,West Siang,125776,5,40,9.06,11.43,10.6,12.63,11.32,11.63,12.14,12.66,14.03,13.14,13.34,16.26,13.14,13.84,15.84,13.72,14.18,11.8,13.05,13.1,13.56,13.69,12.6,14.46,0.4,0.63,0.55,0.75,0.62,0.65,0.7,0.75,0.88,0.8,0.82,1.1,0.8,0.87,1.06,0.85,0.9,0.67,0.79,0.79,0.84,0.85,0.75,0.93,0,0,0,0,0,0,0,0,0,0,0,0,0,0,0,0,0,0,0,0,0,0,0,0
17332,IND,India,Assam,Baksa,1040170,5,40,15.33,16.41,18.67,23.58,21.46,24.26,25.96,25.53,28.65,27.49,28.01,32.99,29.56,31.36,34.06,30.33,31.89,28.36,28.1,31.61,35.37,32.48,31.64,33.13,1.01,1.12,1.34,1.82,1.61,1.89,2.05,2.01,2.32,2.2,2.26,2.74,2.41,2.58,2.85,2.48,2.63,2.29,2.26,2.61,2.98,2.69,2.61,2.76,0,0,0,0,0,0,0,0,0,0,0,0,0,0,0,0,0,0,0,0,0,0,0,0
17333,IND,India,Assam,Barpeta,1807709,5,40,19.04,21.1,22.65,27.15,25.19,27.62,27.48,30.8,32.12,30.68,31.77,36.15,33.09,33.81,39.87,35.23,35.49,30.57,30.88,34.76,37.77,36.04,35.21,39.17,1.38,1.58,1.73,2.17,1.98,2.22,2.2,2.53,2.66,2.52,2.62,3.05,2.75,2.82,3.42,2.96,2.99,2.51,2.54,2.92,3.21,3.04,2.96,3.35,0,0,0,0,0,0,0,0,0,0,0,0,0,0,0,0,0,0,0,0,0,0,0,0
17334,IND,India,Assam,Bongaigaon,856065,5,40,17.9,19.54,21.94,24.45,23.1,25.95,24.44,29.68,30.06,28.74,29.07,33.43,30.11,30.42,37.21,31.66,31.48,27.87,28.09,31.16,35.05,31.8,32.69,35.26,1.26,1.43,1.66,1.91,1.77,2.05,1.91,2.42,2.46,2.33,2.36,2.79,2.46,2.49,3.16,2.61,2.59,2.24,2.26,2.56,2.94,2.63,2.71,2.97,0,0,0,0,0,0,0,0,0,0,0,0,0,0,0,0,0,0,0,0,0,0,0,0
17335,IND,India,Assam,Cachar,1888196,5,40,22.19,23.2,24.67,26.01,26.79,29.31,30.01,29.43,33.86,32.42,31.93,36.77,32.87,36.6,37.83,33.77,35.5,35.18,34.38,31.9,38.32,33.86,38.4,39.33,1.68,1.78,1.93,2.06,2.14,2.38,2.45,2.39,2.83,2.69,2.64,3.11,2.73,3.1,3.22,2.82,2.99,2.96,2.88,2.64,3.27,2.83,3.27,3.36,0,0,0,0,0,0,0,0,0,0,0,0,0,0,0,0,0,0,0,0,0,0,0,0
17336,IND,India,Assam,Chirang,361414,5,40,18.74,21.01,22.97,25.12,23.64,26.66,26.13,28.88,30.47,28.69,29.27,34.3,30.97,30.74,36.16,31.08,32.57,28.71,28.77,32.19,35.54,32.08,33.34,35.2,1.35,1.57,1.76,1.97,1.83,2.12,2.07,2.34,2.5,2.32,2.38,2.87,2.55,2.52,3.05,2.56,2.7,2.32,2.33,2.66,2.99,2.65,2.78,2.96,0,0,0,0,0,0,0,0,0,0,0,0,0,0,0,0,0,0,0,0,0,0,0,0
17337,IND,India,Assam,Darrang,1033178,5,40,14.94,17.52,19.61,24.26,21.81,25.23,26.19,27.31,29.26,29.22,27.25,32.75,30.5,33.75,35.67,31.43,32.12,28.55,29.35,31.71,36.63,32.36,32.65,34.34,0.97,1.23,1.43,1.89,1.65,1.98,2.08,2.19,2.38,2.37,2.18,2.72,2.5,2.82,3.01,2.59,2.66,2.31,2.39,2.62,3.1,2.68,2.71,2.88,0,0,0,0,0,0,0,0,0,0,0,0,0,0,0,0,0,0,0,0,0,0,0,0
17338,IND,India,Assam,Dhemaji,653544,5,40,15.54,16.88,17.66,18.06,15.53,17.56,18.61,18.33,20.25,19.18,19.1,23.04,20.19,20.93,22.32,20.03,20.64,18.04,19.71,19.61,21.15,19.9,19.66,22.16,1.03,1.16,1.24,1.28,1.03,1.23,1.33,1.31,1.49,1.39,1.38,1.77,1.49,1.56,1.7,1.47,1.53,1.28,1.44,1.43,1.58,1.46,1.44,1.68,0,0,0,0,0,0,0,0,0,0,0,0,0,0,0,0,0,0,0,0,0,0,0,0
17339,IND,India,Assam,Dhubri,2065855,5,40,24.22,23.12,27.8,29.3,28.34,32.35,29.92,35.89,38.33,37.53,36.35,39.55,38.81,38,46.35,40.69,39.76,36.13,34.83,38.53,43.47,40.33,42.67,45.73,1.88,1.78,2.23,2.38,2.29,2.68,2.44,3.03,3.27,3.19,3.07,3.39,3.31,3.23,4.05,3.5,3.41,3.05,2.92,3.29,3.77,3.46,3.69,3.99,0,0,0,0,0,0,0,0,0,0,0,0,0,0,0.62,0.07,0,0,0,0,0.34,0.03,0.26,0.56
17340,IND,India,Assam,Dibrugarh,1457487,5,40,18.76,18.84,20.91,19.88,18.29,19.59,20.72,21.65,23.56,22.49,21.35,25.64,22.28,21.92,23.68,20.88,21.13,19.2,21.11,20.79,22.72,21.73,21.95,24.27,1.35,1.36,1.56,1.46,1.3,1.43,1.54,1.63,1.82,1.71,1.6,2.02,1.69,1.66,1.83,1.56,1.58,1.39,1.58,1.55,1.74,1.64,1.66,1.89,0,0,0,0,0,0,0,0,0,0,0,0,0,0,0,0,0,0,0,0,0,0,0,0
17341,IND,India,Assam,Dima Hasao,236240,5,40,17.71,19.12,22.71,23.78,24.26,25.94,25.08,26.1,30.37,28.53,28.17,32.94,26.34,29.22,32.89,28.26,28.43,29.19,27.03,28.77,33.1,30.3,32.83,32.71,1.25,1.38,1.74,1.84,1.89,2.05,1.97,2.07,2.49,2.31,2.27,2.74,2.09,2.37,2.73,2.28,2.3,2.37,2.16,2.33,2.75,2.48,2.73,2.72,0,0,0,0,0,0,0,0,0,0,0,0,0,0,0,0,0,0,0,0,0,0,0,0
17342,IND,India,Assam,Goalpara,1083754,5,40,22.15,23.65,27.33,28.98,28.76,30.04,27.8,34.51,35.4,35.35,33.83,37.18,35.47,33.54,41.88,37.18,36.47,33.64,33.07,36.66,42.05,38.87,39.16,42.74,1.68,1.83,2.19,2.35,2.33,2.45,2.23,2.89,2.98,2.97,2.83,3.15,2.99,2.8,3.61,3.15,3.08,2.81,2.75,3.1,3.63,3.32,3.35,3.7,0,0,0,0,0,0,0,0,0,0,0,0,0,0,0.18,0,0,0,0,0,0.2,0,0,0.27
17343,IND,India,Assam,Golaghat,1174246,5,40,20.28,22.39,23.15,24.27,22.8,25.73,26.42,26.42,28.86,28.08,25.95,33.72,28.95,30.72,32.27,29.55,29.18,27.59,27.97,28.31,31.57,29.65,28.9,31.5,1.5,1.7,1.78,1.89,1.74,2.03,2.1,2.1,2.34,2.26,2.05,2.81,2.35,2.52,2.67,2.41,2.37,2.21,2.25,2.28,2.6,2.42,2.34,2.6,0,0,0,0,0,0,0,0,0,0,0,0,0,0,0,0,0,0,0,0,0,0,0,0
17344,IND,India,Assam,Hailakandi,729039,5,40,25.27,24.15,28.88,29.22,29.71,32.89,32.32,32.82,37.85,36.48,35.13,39.91,37.34,39.47,39.77,35.46,37.23,36.34,37.39,33.15,42.82,36.07,40.65,43.08,1.99,1.88,2.34,2.37,2.42,2.73,2.68,2.73,3.22,3.09,2.95,3.42,3.17,3.38,3.41,2.99,3.16,3.07,3.17,2.76,3.71,3.05,3.49,3.73,0,0,0,0,0,0,0,0,0,0,0,0,0,0,0,0,0,0,0,0,0.28,0,0.06,0.3
17345,IND,India,Assam,Jorhat,1209479,5,40,21.44,23.27,24.24,25.16,23.57,25.68,27.09,26.68,30.51,28.78,27,32.46,29.23,29.71,30.77,28.91,28.9,26.92,27.74,27.23,30.61,28.33,27.94,30.96,1.61,1.79,1.89,1.98,1.82,2.03,2.16,2.12,2.5,2.33,2.16,2.69,2.37,2.42,2.52,2.34,2.34,2.15,2.23,2.18,2.51,2.29,2.25,2.54,0,0,0,0,0,0,0,0,0,0,0,0,0,0,0,0,0,0,0,0,0,0,0,0
17346,IND,India,Assam,Kamrup,1797369,5,40,21.23,24.28,26.61,30.61,29.47,31.28,31.91,33.87,36.24,35.15,35.18,40.46,37.1,39.04,43.02,37.7,38.26,34.35,34.86,38.45,43.21,39.96,40.09,42.45,1.59,1.89,2.12,2.51,2.4,2.58,2.64,2.83,3.06,2.95,2.96,3.47,3.15,3.34,3.73,3.2,3.26,2.88,2.93,3.28,3.75,3.43,3.44,3.67,0,0,0,0,0,0,0,0,0,0,0,0.04,0,0,0.3,0,0,0,0,0,0.32,0,0.01,0.24
17347,IND,India,Assam,Kamrup Metropolitan,1244321,5,40,21.8,24.35,26.83,29.9,28.8,31.67,31.87,34.3,35.62,34.92,34.72,42.53,37.26,37.77,41.99,36.83,38.11,34.23,34.33,37.16,40.57,38.34,38.06,41.73,1.65,1.9,2.14,2.44,2.33,2.61,2.63,2.87,3,2.93,2.91,3.68,3.16,3.21,3.63,3.12,3.24,2.86,2.87,3.15,3.49,3.27,3.24,3.6,0,0,0,0,0,0,0,0,0,0,0,0.25,0,0,0.2,0,0,0,0,0,0.06,0,0,0.17
17348,IND,India,Assam,Karbi Anglong,1060385,5,40,18.45,19.8,22.59,24.25,23.31,26.01,26.14,26.63,28.72,28.26,26.25,34.24,29.04,31.04,34.14,29.8,30.34,29.01,27.97,30.07,33.14,31.29,31.51,32.96,1.32,1.45,1.72,1.89,1.79,2.06,2.07,2.12,2.32,2.28,2.08,2.87,2.36,2.55,2.86,2.43,2.48,2.35,2.25,2.46,2.76,2.58,2.6,2.74,0,0,0,0,0,0,0,0,0,0,0,0,0,0,0,0,0,0,0,0,0,0,0,0
17349,IND,India,Assam,Karimganj,1376809,5,40,26.55,25.54,31.01,30.73,31.92,34.79,33.99,35.17,40.27,37.65,37.38,42.01,38.87,41.49,42.62,37.25,39.88,38.4,40.23,35.62,45.34,39.07,42.59,45.79,2.11,2.01,2.55,2.52,2.64,2.92,2.84,2.96,3.46,3.2,3.17,3.63,3.32,3.58,3.69,3.16,3.42,3.27,3.45,3,3.95,3.34,3.68,4,0,0,0,0,0,0,0,0,0.03,0,0,0.2,0,0.15,0.26,0,0,0,0.02,0,0.52,0,0.25,0.57
17350,IND,India,Assam,Kokrajhar,1185246,5,40,22.62,23.75,26.76,28.43,27.66,31.45,30.55,34.16,35.98,34.03,34.08,39.67,36.67,35.33,42.23,36.05,36.92,33.52,33.36,37.11,39.75,37.27,37.99,41.5,1.73,1.84,2.13,2.3,2.22,2.59,2.5,2.86,3.04,2.85,2.85,3.4,3.1,2.97,3.65,3.04,3.13,2.79,2.78,3.15,3.41,3.16,3.23,3.58,0,0,0,0,0,0,0,0,0,0,0,0,0,0,0.22,0,0,0,0,0,0,0,0,0.15
17351,IND,India,Assam,Lakhimpur,1294903,5,40,16.45,16.87,18.52,19.09,17.03,18.47,20.21,20.06,22.15,21.15,20.73,25.08,22.6,23.92,24.77,22.85,23.15,20.97,22.05,22.15,24.6,22.55,21.9,24.1,1.12,1.16,1.32,1.38,1.18,1.32,1.49,1.48,1.68,1.58,1.54,1.97,1.73,1.85,1.94,1.75,1.78,1.57,1.67,1.68,1.92,1.72,1.66,1.87,0,0,0,0,0,0,0,0,0,0,0,0,0,0,0,0,0,0,0,0,0,0,0,0
17352,IND,India,Assam,Morigaon,1040848,5,40,19.18,22.36,24.03,27.73,26.09,30.03,30.98,30.98,32.62,32.11,30.29,37.52,33.2,35.01,40.77,34.06,35.79,31.77,31.37,34.7,37.07,34.99,36.48,39.02,1.39,1.7,1.87,2.23,2.07,2.45,2.55,2.55,2.71,2.66,2.48,3.19,2.76,2.94,3.51,2.85,3.02,2.62,2.58,2.91,3.14,2.94,3.09,3.33,0,0,0,0,0,0,0,0,0,0,0,0,0,0,0.08,0,0,0,0,0,0,0,0,0
17353,IND,India,Assam,Nagaon,3094947,5,40,17.05,18.99,22.02,24.79,23.05,25.96,25.83,27.31,28.89,28.47,27.75,34.02,30.14,31.91,35.51,30.55,31.74,29.3,28.69,31.84,34.42,32.13,32.99,34.46,1.18,1.37,1.67,1.94,1.77,2.05,2.04,2.19,2.34,2.3,2.23,2.84,2.46,2.64,2.99,2.5,2.62,2.38,2.32,2.63,2.88,2.66,2.74,2.89,0,0,0,0,0,0,0,0,0,0,0,0,0,0,0,0,0,0,0,0,0,0,0,0
17354,IND,India,Assam,Nalbari,897465,5,40,17.15,20.15,21.91,27.28,24.91,28.16,29.01,30.26,31.39,30,30.61,35.19,31.6,33.82,38.79,34.14,33.93,29.79,29.65,35.02,38.26,35.8,34.57,37.89,1.19,1.48,1.66,2.18,1.95,2.27,2.35,2.48,2.59,2.45,2.51,2.96,2.61,2.82,3.31,2.86,2.84,2.43,2.42,2.94,3.26,3.02,2.9,3.22,0,0,0,0,0,0,0,0,0,0,0,0,0,0,0,0,0,0,0,0,0,0,0,0
17355,IND,India,Assam,Sivasagar,1299682,5,40,22.23,21.51,24.9,23.9,22.62,24.2,25.22,25.74,29.48,27.94,25.96,31.39,27.37,27.48,28.46,25.98,26.26,25.13,25.75,24.88,27.72,26.5,26.54,29.28,1.69,1.62,1.95,1.85,1.73,1.88,1.98,2.03,2.4,2.25,2.05,2.59,2.19,2.2,2.3,2.06,2.08,1.97,2.03,1.95,2.23,2.11,2.11,2.38,0,0,0,0,0,0,0,0,0,0,0,0,0,0,0,0,0,0,0,0,0,0,0,0
17356,IND,India,Assam,Sonitpur,2175344,5,40,12.01,12.12,15.48,17.18,15.89,17.76,19.47,19.29,21.93,21.05,21.38,25.36,23.22,24.62,26.36,23.35,24.68,22.54,23.25,23.96,26.7,24.94,24.43,24.61,0.69,0.7,1.03,1.19,1.07,1.25,1.42,1.4,1.66,1.57,1.6,2,1.79,1.92,2.09,1.8,1.93,1.72,1.79,1.86,2.13,1.95,1.9,1.92,0,0,0,0,0,0,0,0,0,0,0,0,0,0,0,0,0,0,0,0,0,0,0,0
17357,IND,India,Assam,Tinsukia,1440278,5,40,14.96,16.03,16.2,16.55,15.27,16.64,17.41,19.29,20.9,20.69,20.01,22.7,19.64,19.78,20.78,18.43,18.77,16.75,18.69,17.91,19.29,19.28,18.44,22.1,0.98,1.08,1.1,1.13,1.01,1.14,1.22,1.4,1.56,1.54,1.47,1.73,1.43,1.45,1.55,1.32,1.35,1.15,1.34,1.27,1.4,1.4,1.32,1.68,0,0,0,0,0,0,0,0,0,0,0,0,0,0,0,0,0,0,0,0,0,0,0,0
17358,IND,India,Assam,Udalguri,864891,5,40,13.88,14.23,17,20.94,18.94,21.64,23.68,23.31,26.48,25.97,25.19,30.75,27.61,29.65,31.64,27.7,29.86,27.12,26.62,28.59,32.24,30.17,29.38,30.7,0.87,0.9,1.18,1.56,1.37,1.63,1.83,1.79,2.11,2.06,1.98,2.52,2.22,2.42,2.61,2.22,2.44,2.17,2.12,2.31,2.67,2.47,2.39,2.52,0,0,0,0,0,0,0,0,0,0,0,0,0,0,0,0,0,0,0,0,0,0,0,0
17359,IND,India,Bihar,Araria,3280698,5,40,47.87,42.73,46.7,51.28,47.66,50.47,48.61,55.06,65.99,62.66,61.46,71.93,57.86,64.92,69.64,65.21,63.53,64.85,59.08,60.65,65.68,63.66,70.14,67.22,4.2,3.7,4.09,4.54,4.18,4.46,4.27,4.91,5.98,5.65,5.53,6.56,5.18,5.87,6.33,5.9,5.74,5.87,5.3,5.45,5.95,5.75,6.38,6.1,0.77,0.27,0.66,1.11,0.75,1.03,0.84,1.48,2.55,2.22,2.1,3.13,1.75,2.44,2.9,2.47,2.31,2.44,1.87,2.02,2.52,2.32,2.95,2.67
17360,IND,India,Bihar,Arwal,821007,5,40,55.57,56.34,58.92,65.71,63.45,68.61,68.54,62.78,65.22,71.27,83.47,75.7,72.78,85.96,76.54,80.97,76.68,70.23,86.42,73.81,74.95,89.23,87.17,86.95,4.96,5.03,5.28,5.95,5.73,6.23,6.23,5.66,5.9,6.49,7.69,6.93,6.64,7.93,7.01,7.44,7.02,6.39,7.98,6.74,6.85,8.25,8.05,8.03,1.53,1.6,1.85,2.52,2.3,2.8,2.8,2.23,2.47,3.06,4.26,3.5,3.21,4.5,3.58,4.01,3.59,2.96,4.55,3.31,3.42,4.82,4.62,4.6
17361,IND,India,Bihar,Aurangabad,2918688,5,40,47.04,48.53,49.55,54.19,52.95,57.63,56.21,51.36,54.56,59.7,70.5,61.61,60.81,72.48,63.64,65.92,62.28,58.05,70.27,61.23,60.96,72.91,74.34,73.47,4.12,4.27,4.37,4.82,4.7,5.16,5.02,4.54,4.86,5.36,6.42,5.55,5.47,6.61,5.75,5.97,5.61,5.2,6.4,5.51,5.48,6.66,6.8,6.71,0.69,0.84,0.94,1.39,1.27,1.73,1.59,1.11,1.43,1.93,2.99,2.12,2.04,3.18,2.32,2.54,2.18,1.77,2.97,2.08,2.05,3.23,3.37,3.28
17362,IND,India,Bihar,Banka,2351874,5,40,40.64,41.94,44.03,50.89,48.42,47.18,50.57,47.13,57.77,53.42,60.3,61.14,52.58,67.89,58.84,67.46,60.28,62.6,62.91,60.77,64.94,65.52,67.87,67.93,3.49,3.62,3.82,4.5,4.26,4.13,4.47,4.13,5.17,4.74,5.42,5.5,4.66,6.16,5.28,6.12,5.42,5.64,5.68,5.47,5.87,5.93,6.16,6.17,0.06,0.19,0.39,1.07,0.83,0.7,1.04,0.7,1.74,1.31,1.99,2.07,1.23,2.73,1.85,2.69,1.99,2.21,2.25,2.04,2.44,2.5,2.73,2.74
17363,IND,India,Bihar,Begusarai,3464719,5,40,58.38,59.08,64.49,72.43,70.27,71.68,76.59,72.15,82.28,81.83,86.24,90.15,81.74,96.56,88.01,95.23,89.48,85.74,91.16,88.45,93.29,92.52,91.03,90.51,5.23,5.3,5.83,6.61,6.4,6.53,7.02,6.58,7.57,7.53,7.96,8.34,7.52,8.97,8.14,8.84,8.28,7.91,8.44,8.18,8.65,8.58,8.43,8.38,1.8,1.87,2.4,3.18,2.97,3.1,3.59,3.15,4.14,4.1,4.53,4.91,4.09,5.54,4.71,5.41,4.85,4.48,5.01,4.75,5.22,5.15,5,4.95
17364,IND,India,Bihar,Bhagalpur,3540537,5,40,48.92,48.72,51.29,58.61,55.6,55.96,57.02,56.59,69.66,64.45,69.15,73,63.16,77.54,75.08,77.08,71.43,73.15,71.42,71.61,76.18,74.07,78.63,77.72,4.3,4.28,4.54,5.25,4.96,4.99,5.1,5.06,6.34,5.83,6.29,6.66,5.7,7.11,6.87,7.06,6.51,6.68,6.51,6.53,6.98,6.77,7.22,7.13,0.87,0.85,1.11,1.82,1.53,1.56,1.67,1.63,2.91,2.4,2.86,3.23,2.27,3.68,3.44,3.63,3.08,3.25,3.08,3.1,3.55,3.34,3.79,3.7
17365,IND,India,Bihar,Bhojpur,3180135,5,40,59.52,61,64.89,74.88,70.41,75.78,75.46,71.21,75.2,78.96,94.07,84.42,82.42,96.62,85.09,91.72,83.07,79.29,97.78,79.6,82.41,96.23,92.01,93.86,5.34,5.49,5.87,6.85,6.41,6.94,6.91,6.49,6.88,7.25,8.73,7.78,7.59,8.98,7.85,8.5,7.65,7.28,9.09,7.31,7.59,8.94,8.53,8.71,1.91,2.06,2.44,3.42,2.98,3.51,3.48,3.06,3.45,3.82,5.3,4.35,4.16,5.55,4.42,5.07,4.22,3.85,5.66,3.88,4.16,5.51,5.1,5.28
17366,IND,India,Bihar,Buxar,1958634,5,40,63.16,62.22,67.32,77.29,73.42,79.55,79.67,73.76,74.15,80.35,97.72,85.61,83.07,95.58,84.54,89.66,80.59,77.26,98.81,81.59,82.3,99.04,95.36,97.57,5.7,5.61,6.11,7.08,6.7,7.31,7.32,6.74,6.78,7.38,9.09,7.9,7.65,8.88,7.8,8.3,7.41,7.08,9.19,7.51,7.58,9.22,8.86,9.07,2.27,2.18,2.68,3.65,3.27,3.88,3.89,3.31,3.35,3.95,5.66,4.47,4.22,5.45,4.37,4.87,3.98,3.65,5.76,4.08,4.15,5.79,5.43,5.64
17367,IND,India,Bihar,Darbhanga,4595227,5,40,60.84,59.33,66.18,75.09,68.87,71.63,71.72,75.33,90.31,88.42,88.59,98.09,85.35,95.62,91.34,91.42,87.68,88.11,89.11,86.67,89.32,91.56,94.97,91.1,5.47,5.32,6,6.87,6.26,6.53,6.54,6.89,8.36,8.18,8.19,9.12,7.87,8.88,8.46,8.47,8.1,8.14,8.24,8,8.26,8.48,8.82,8.44,2.04,1.89,2.57,3.44,2.83,3.1,3.11,3.46,4.93,4.75,4.76,5.69,4.44,5.45,5.03,5.04,4.67,4.71,4.81,4.57,4.83,5.05,5.39,5.01
17368,IND,India,Bihar,Gaya,5063630,5,40,45.08,46.18,47.79,52.61,51.31,55.38,54.57,49.17,53.45,58.51,67.88,60.49,59.84,72.18,64.07,66.94,63,59.15,70.85,61.15,62.04,72.86,73.69,71.37,3.93,4.04,4.19,4.67,4.54,4.94,4.86,4.33,4.75,5.24,6.16,5.44,5.37,6.58,5.79,6.07,5.68,5.31,6.45,5.5,5.59,6.65,6.73,6.5,0.5,0.61,0.76,1.24,1.11,1.51,1.43,0.9,1.32,1.81,2.73,2.01,1.94,3.15,2.36,2.64,2.25,1.88,3.02,2.07,2.16,3.22,3.3,3.07
17369,IND,India,Bihar,Gopalganj,3001323,5,40,68.08,68.47,81.28,93.67,84.13,88.6,90.17,90.12,100.38,101.3,108.82,106,101.65,111.49,102.4,105,97.74,97.47,107.7,98.15,99.21,107.43,108.51,102.57,6.18,6.22,7.48,8.69,7.76,8.19,8.35,8.34,9.35,9.44,10.17,9.9,9.47,10.44,9.55,9.8,9.09,9.06,10.06,9.13,9.23,10.04,10.14,9.56,2.75,2.79,4.05,5.26,4.33,4.76,4.92,4.91,5.92,6.01,6.74,6.47,6.04,7.01,6.12,6.37,5.66,5.63,6.63,5.7,5.8,6.61,6.71,6.13
17370,IND,India,Bihar,Jamui,2054451,5,40,40.3,40.12,43.8,50.61,49.9,49.03,52.39,47.97,55.47,55.68,62.44,60.49,55.56,69.89,59.46,67.95,62.05,62.61,66.82,62.46,65.4,68.89,69.86,67.77,3.46,3.44,3.8,4.47,4.4,4.32,4.64,4.21,4.95,4.97,5.63,5.44,4.95,6.36,5.34,6.17,5.59,5.65,6.06,5.63,5.92,6.26,6.36,6.15,0.03,0.01,0.37,1.04,0.97,0.89,1.21,0.78,1.52,1.54,2.2,2.01,1.52,2.93,1.91,2.74,2.16,2.22,2.63,2.2,2.49,2.83,2.93,2.72
17371,IND,India,Bihar,Jehanabad,1297183,5,40,53.66,54.65,57.4,64.98,61.94,66.5,66.67,60.6,65.13,69.67,81.51,75.83,73.33,86.33,77.34,83.03,78.52,72.32,86.39,73.71,75.4,87.69,85.59,86.39,4.77,4.87,5.14,5.88,5.58,6.03,6.04,5.45,5.89,6.34,7.5,6.94,6.7,7.97,7.09,7.65,7.2,6.6,7.98,6.73,6.9,8.1,7.9,7.98,1.34,1.44,1.71,2.45,2.15,2.6,2.61,2.02,2.46,2.91,4.07,3.51,3.27,4.54,3.66,4.22,3.77,3.17,4.55,3.3,3.47,4.67,4.47,4.55
17372,IND,India,Bihar,Kaimur,1869285,5,40,50.18,49.13,52.7,58.91,57.32,63.99,62.96,56.98,56.43,61.35,75.5,64.54,64.05,73.83,64.46,68.64,61.48,61.95,74.21,65.63,66.01,77.82,75.73,77.77,4.43,4.32,4.67,5.28,5.13,5.78,5.68,5.09,5.04,5.52,6.91,5.83,5.79,6.75,5.83,6.24,5.54,5.58,6.78,5.94,5.98,7.14,6.93,7.13,1,0.89,1.24,1.85,1.7,2.35,2.25,1.66,1.61,2.09,3.48,2.4,2.36,3.32,2.4,2.81,2.11,2.15,3.35,2.51,2.55,3.71,3.5,3.7
17373,IND,India,Bihar,Katihar,3543450,5,40,51.89,48.71,50.64,56.73,53.22,56.64,53.23,58.86,70.96,65.73,68.8,75.63,62.18,73.53,82.9,73.32,72.12,73.48,66.57,70.77,74.77,72.58,80.44,78.31,4.6,4.28,4.47,5.07,4.73,5.06,4.73,5.28,6.46,5.95,6.25,6.92,5.6,6.72,7.63,6.7,6.58,6.71,6.03,6.45,6.84,6.62,7.39,7.18,1.17,0.85,1.04,1.64,1.3,1.63,1.3,1.85,3.03,2.52,2.82,3.49,2.17,3.29,4.2,3.27,3.15,3.28,2.6,3.02,3.41,3.19,3.96,3.75
17374,IND,India,Bihar,Khagaria,1922426,5,40,57.35,57.88,62.14,69.74,66.48,67.85,69.79,69.57,81.24,78.4,80.91,86.26,77.23,92.44,90.22,90.31,84.85,84.15,84.88,85.11,90.41,87.86,89.46,87.87,5.13,5.18,5.6,6.34,6.02,6.16,6.35,6.33,7.47,7.19,7.44,7.96,7.08,8.57,8.35,8.36,7.83,7.76,7.83,7.85,8.37,8.12,8.28,8.12,1.7,1.75,2.17,2.91,2.59,2.73,2.92,2.9,4.04,3.76,4.01,4.53,3.65,5.14,4.92,4.93,4.4,4.33,4.4,4.42,4.94,4.69,4.85,4.69
17375,IND,India,Bihar,Kishanganj,1986137,5,40,43,38.48,40.77,44.3,41.1,45.81,42.52,48.56,57.14,53.38,54.01,63.53,50.7,56.48,59.76,55.9,54.79,55.17,51.05,53.23,57.47,55.59,61.67,60.32,3.72,3.28,3.51,3.85,3.54,4,3.68,4.27,5.11,4.74,4.8,5.74,4.48,5.05,5.37,4.99,4.88,4.92,4.51,4.73,5.14,4.96,5.55,5.42,0.29,0,0.08,0.42,0.11,0.57,0.25,0.84,1.68,1.31,1.37,2.31,1.05,1.62,1.94,1.56,1.45,1.49,1.08,1.3,1.71,1.53,2.12,1.99
17376,IND,India,Bihar,Lakhisarai,1200365,5,40,48.61,48.73,53.41,60.36,59.84,59.91,64.81,58.76,66.54,66.98,73.41,73.37,68.22,81.58,72.64,79.72,76.12,73.16,77.92,73.71,79.19,80.42,79.59,78.33,4.27,4.29,4.74,5.42,5.37,5.38,5.86,5.27,6.03,6.07,6.7,6.7,6.2,7.5,6.63,7.32,6.97,6.68,7.15,6.73,7.27,7.39,7.31,7.19,0.84,0.86,1.31,1.99,1.94,1.95,2.43,1.84,2.6,2.64,3.27,3.27,2.77,4.07,3.2,3.89,3.54,3.25,3.72,3.3,3.84,3.96,3.88,3.76
17377,IND,India,Bihar,Madhepura,2322286,5,40,53.88,51.14,55.59,61.52,57.83,60.42,59.69,64.88,77.65,74.53,74.8,83.28,71.67,81.09,85.78,80.03,76.78,80.28,74.31,75.02,80.88,79.23,83.27,80.65,4.79,4.52,4.96,5.54,5.18,5.43,5.36,5.87,7.12,6.81,6.84,7.67,6.53,7.46,7.92,7.35,7.03,7.38,6.79,6.86,7.44,7.28,7.67,7.41,1.36,1.09,1.53,2.11,1.75,2,1.93,2.44,3.69,3.38,3.41,4.24,3.1,4.03,4.49,3.92,3.6,3.95,3.36,3.43,4.01,3.85,4.24,3.98
17378,IND,India,Bihar,Madhubani,5166527,5,40,54.48,52.82,59,66.89,61.01,63.39,61.54,67.19,80.05,79.09,78.43,88.73,73.12,79.81,78.65,78.69,77.98,78.25,75.27,73.01,77.55,79.92,83,82.3,4.85,4.69,5.29,6.07,5.49,5.72,5.54,6.09,7.35,7.26,7.2,8.21,6.68,7.33,7.22,7.22,7.15,7.18,6.89,6.66,7.11,7.34,7.64,7.58,1.42,1.26,1.86,2.64,2.06,2.29,2.11,2.66,3.92,3.83,3.77,4.78,3.25,3.9,3.79,3.79,3.72,3.75,3.46,3.23,3.68,3.91,4.21,4.15
17379,IND,India,Bihar,Munger,1521105,5,40,47.59,48.22,52.66,59.14,56.71,56.84,60.92,57.9,68.74,65.71,70.93,72.89,64.61,79.59,72.48,79.28,74.08,73.05,74.77,73.14,78.83,76.76,78.79,77.8,4.17,4.24,4.67,5.31,5.07,5.08,5.48,5.18,6.25,5.95,6.46,6.65,5.84,7.31,6.61,7.28,6.77,6.67,6.84,6.68,7.24,7.03,7.23,7.13,0.74,0.81,1.24,1.88,1.64,1.65,2.05,1.75,2.82,2.52,3.03,3.22,2.41,3.88,3.18,3.85,3.34,3.24,3.41,3.25,3.81,3.6,3.8,3.7
17380,IND,India,Bihar,Muzaffarpur,5529068,5,40,65.97,66.02,75.17,86.06,78.68,82.62,83.87,83.98,98.52,96.42,100.64,104.03,94.95,105.2,96.01,99.93,95.53,94.43,103.11,93.2,96.51,101.98,102.48,98.32,5.98,5.98,6.88,7.94,7.22,7.61,7.73,7.74,9.16,8.96,9.37,9.7,8.81,9.82,8.92,9.3,8.87,8.76,9.61,8.64,8.97,9.5,9.55,9.15,2.55,2.55,3.45,4.51,3.79,4.18,4.3,4.31,5.73,5.53,5.94,6.27,5.38,6.39,5.49,5.87,5.44,5.33,6.18,5.21,5.54,6.07,6.12,5.72
17381,IND,India,Bihar,Nalanda,3327893,5,40,52.87,53.56,56.69,65.29,63.52,66.17,68.08,61.48,68.84,71.24,80.99,78.65,75.16,88.22,78.75,86.35,81.13,75.61,88.08,77.62,80.69,88.72,87.55,86.68,4.69,4.76,5.07,5.91,5.74,5.99,6.18,5.53,6.26,6.49,7.45,7.22,6.88,8.16,7.23,7.97,7.46,6.92,8.14,7.12,7.42,8.2,8.09,8,1.26,1.33,1.64,2.48,2.31,2.56,2.75,2.1,2.83,3.06,4.02,3.79,3.45,4.73,3.8,4.54,4.03,3.49,4.71,3.69,3.99,4.77,4.66,4.57
17382,IND,India,Bihar,Nawada,2589681,5,40,45.69,46.05,49.58,56.24,54.72,57.18,59.15,53.15,57.85,62.16,70.88,66.42,64.75,77.89,68.76,73.74,70.28,66.81,75.71,68.09,70.02,78.12,79.24,74.74,3.99,4.02,4.37,5.02,4.87,5.11,5.31,4.72,5.18,5.6,6.46,6.02,5.86,7.14,6.25,6.74,6.4,6.06,6.93,6.18,6.37,7.17,7.28,6.83,0.56,0.59,0.94,1.59,1.44,1.68,1.88,1.29,1.75,2.17,3.03,2.59,2.43,3.71,2.82,3.31,2.97,2.63,3.5,2.75,2.94,3.74,3.85,3.4
17383,IND,India,Bihar,Pashchim Champaran,4549547,5,40,50.6,50.93,61.7,71.48,63.11,66.47,66.83,71.32,81.61,81.62,85.92,90.16,82.69,86.92,82.1,80.43,76.34,79.3,82.51,79.58,81.49,84.73,85.95,85.47,4.47,4.5,5.56,6.52,5.69,6.02,6.06,6.5,7.51,7.51,7.93,8.35,7.61,8.03,7.56,7.39,6.99,7.28,7.6,7.31,7.5,7.81,7.93,7.89,1.04,1.07,2.13,3.09,2.26,2.59,2.63,3.07,4.08,4.08,4.5,4.92,4.18,4.6,4.13,3.96,3.56,3.85,4.17,3.88,4.07,4.38,4.5,4.46
17384,IND,India,Bihar,Patna,6718984,5,40,57.59,58.65,63.24,72.47,69.51,73.16,74.39,69.79,77.23,80.15,90.63,87.76,83.6,98.51,86.64,95.12,89.82,83.85,97.91,83.42,89.04,96.74,92.17,93.36,5.15,5.26,5.71,6.61,6.32,6.68,6.8,6.35,7.08,7.37,8.39,8.11,7.7,9.16,8,8.83,8.31,7.73,9.1,7.69,8.24,8.99,8.54,8.66,1.72,1.83,2.28,3.18,2.89,3.25,3.37,2.92,3.65,3.94,4.96,4.68,4.27,5.73,4.57,5.4,4.88,4.3,5.67,4.26,4.81,5.56,5.11,5.23
17385,IND,India,Bihar,Purba Champaran,5844764,5,40,60.89,61.97,72.3,80.39,74.16,77.73,78.39,80.19,91.36,92.35,96.19,98.08,91.27,95.13,91.75,93.02,90.61,87.85,94.79,89.36,90.4,98.14,98.66,94.83,5.48,5.58,6.6,7.39,6.78,7.13,7.19,7.37,8.46,8.56,8.94,9.12,8.45,8.83,8.5,8.63,8.39,8.12,8.8,8.27,8.37,9.13,9.18,8.8,2.05,2.15,3.17,3.96,3.35,3.7,3.76,3.94,5.03,5.13,5.51,5.69,5.02,5.4,5.07,5.2,4.96,4.69,5.37,4.84,4.94,5.7,5.75,5.37
17386,IND,India,Bihar,Purnia,3765574,5,40,51.64,46.94,49.99,55.18,51.25,55.16,52.55,59.44,71.38,67.64,68.17,76.13,63.5,71.82,79.83,72.61,70.37,73.18,65.24,68.83,73.6,71.3,79.11,75.28,4.57,4.11,4.41,4.92,4.53,4.92,4.66,5.34,6.5,6.14,6.19,6.97,5.73,6.55,7.33,6.63,6.41,6.68,5.9,6.26,6.72,6.5,7.26,6.89,1.14,0.68,0.98,1.49,1.1,1.49,1.23,1.91,3.07,2.71,2.76,3.54,2.3,3.12,3.9,3.2,2.98,3.25,2.47,2.83,3.29,3.07,3.83,3.46
17387,IND,India,Bihar,Rohtas,3449308,5,40,50.75,50.7,53.29,59.67,57.39,63.16,62.05,56.47,57.46,62.98,75.72,64.82,63.61,74.87,66.08,70.23,65.08,61.64,75.3,64.74,65.31,77.1,77.39,77.96,4.48,4.48,4.73,5.36,5.13,5.7,5.59,5.04,5.14,5.68,6.93,5.86,5.74,6.85,5.99,6.39,5.89,5.55,6.89,5.85,5.91,7.07,7.09,7.15,1.05,1.05,1.3,1.93,1.7,2.27,2.16,1.61,1.71,2.25,3.5,2.43,2.31,3.42,2.56,2.96,2.46,2.12,3.46,2.42,2.48,3.64,3.66,3.72
17388,IND,India,Bihar,Saharsa,2186832,5,40,57.37,55.32,60.96,67.54,63.56,65.16,65.37,69.74,82.54,79.97,79.96,89.05,77.78,88.64,90.96,86.27,82.8,84.26,81.63,80.87,86.69,85.02,88.28,85.46,5.13,4.93,5.48,6.13,5.74,5.9,5.92,6.34,7.6,7.35,7.35,8.24,7.13,8.2,8.42,7.96,7.62,7.77,7.51,7.43,8.01,7.84,8.16,7.88,1.7,1.5,2.05,2.7,2.31,2.47,2.49,2.91,4.17,3.92,3.92,4.81,3.7,4.77,4.99,4.53,4.19,4.34,4.08,4,4.58,4.41,4.73,4.45
17389,IND,India,Bihar,Samastipur,4911121,5,40,64.13,63.85,70.94,80.04,75.39,77.59,82.07,80.44,92.8,91.05,94.05,101.06,90.82,106.2,96.8,101.47,95.52,92.95,100.22,94.17,97.38,99.18,99.02,96.96,5.79,5.77,6.46,7.35,6.9,7.11,7.55,7.39,8.6,8.43,8.73,9.41,8.41,9.92,9,9.45,8.87,8.62,9.33,8.74,9.05,9.23,9.21,9.01,2.36,2.34,3.03,3.92,3.47,3.68,4.12,3.96,5.17,5,5.3,5.98,4.98,6.49,5.57,6.02,5.44,5.19,5.9,5.31,5.62,5.8,5.78,5.58
17390,IND,India,Bihar,Saran,4615182,5,40,66.18,67.29,75.82,88.84,80.19,84.49,85.86,83.8,92.04,92.43,103.32,98.91,94.15,107.3,94.49,103.32,94.87,91.86,108.02,91.12,95.86,104.26,99.82,101.07,6,6.1,6.94,8.22,7.37,7.79,7.92,7.72,8.53,8.57,9.63,9.2,8.74,10.03,8.77,9.63,8.81,8.51,10.1,8.44,8.9,9.73,9.29,9.42,2.57,2.67,3.51,4.79,3.94,4.36,4.49,4.29,5.1,5.14,6.2,5.77,5.31,6.6,5.34,6.2,5.38,5.08,6.67,5.01,5.47,6.3,5.86,5.99
17391,IND,India,Bihar,Sheikhpura,724935,5,40,50.74,51.06,54.46,62.35,61.59,63.1,66.32,59.05,66.05,68.2,75.97,74.59,71.21,84.64,74.18,81.29,76.78,73.1,81.09,75.02,79.26,84.49,83.13,82.16,4.48,4.51,4.85,5.62,5.55,5.69,6.01,5.3,5.98,6.19,6.95,6.82,6.49,7.8,6.78,7.48,7.03,6.67,7.46,6.86,7.28,7.79,7.66,7.56,1.05,1.08,1.42,2.19,2.12,2.26,2.58,1.87,2.55,2.76,3.52,3.39,3.06,4.37,3.35,4.05,3.6,3.24,4.03,3.43,3.85,4.36,4.23,4.13
17392,IND,India,Bihar,Sheohar,1283274,5,40,60.37,60.64,69.36,76.57,70.84,75.14,74.51,77.75,91.18,90.13,92.76,96.79,88.36,91.87,90.15,90.99,89.28,87.04,92.29,87.27,87.67,95.97,97.08,94.07,5.43,5.45,6.31,7.01,6.45,6.87,6.81,7.13,8.45,8.34,8.6,9,8.17,8.51,8.34,8.43,8.26,8.04,8.55,8.06,8.1,8.92,9.02,8.73,2,2.02,2.88,3.58,3.02,3.44,3.38,3.7,5.02,4.91,5.17,5.57,4.74,5.08,4.91,5,4.83,4.61,5.12,4.63,4.67,5.49,5.59,5.3
17393,IND,India,Bihar,Sitamarhi,3423369,5,40,56.65,56.84,64.38,70.82,65.97,68.58,68.82,71.78,83.97,83.75,85.84,91.7,81.19,84.16,82.65,85.31,82.95,81.81,85.27,80.63,82.31,89.28,90.42,91.68,5.06,5.08,5.82,6.45,5.97,6.23,6.25,6.54,7.74,7.72,7.92,8.5,7.47,7.76,7.61,7.87,7.64,7.53,7.87,7.41,7.58,8.26,8.37,8.49,1.63,1.65,2.39,3.02,2.54,2.8,2.82,3.11,4.31,4.29,4.49,5.07,4.04,4.33,4.18,4.44,4.21,4.1,4.44,3.98,4.15,4.83,4.94,5.06
17394,IND,India,Bihar,Siwan,3820774,5,40,68.88,68.7,80.25,93.69,84.11,88.6,89.76,88.36,95.65,97.85,109.27,101.85,97.9,110.14,97.86,104.8,93.25,93.11,108.74,93.99,97.13,106.57,104.95,102.69,6.26,6.24,7.37,8.69,7.75,8.19,8.31,8.17,8.88,9.1,10.22,9.49,9.1,10.3,9.1,9.78,8.65,8.63,10.17,8.72,9.03,9.95,9.79,9.57,2.83,2.81,3.94,5.26,4.32,4.76,4.88,4.74,5.45,5.67,6.79,6.06,5.67,6.87,5.67,6.35,5.22,5.2,6.74,5.29,5.6,6.52,6.36,6.14
17395,IND,India,Bihar,Supaul,2580752,5,40,50.88,48.11,53.02,59.4,54.93,57.24,55.37,61.58,74.26,71.31,70.22,80.99,66.06,73.5,77.51,72.91,71.15,72.77,67.31,66.42,72.92,71.19,76.45,74.22,4.5,4.22,4.71,5.33,4.89,5.12,4.94,5.54,6.79,6.5,6.39,7.45,5.98,6.71,7.11,6.66,6.48,6.64,6.11,6.02,6.66,6.49,7,6.78,1.07,0.79,1.28,1.9,1.46,1.69,1.51,2.11,3.36,3.07,2.96,4.02,2.55,3.28,3.68,3.23,3.05,3.21,2.68,2.59,3.23,3.06,3.57,3.35
17396,IND,India,Bihar,Vaishali,4005909,5,40,65.19,65.6,72.69,84.26,77.87,81.8,84.68,83.24,93.01,93.19,99.8,101.91,94.6,110.24,95.96,104.05,99.38,93.02,106.44,94.44,99.03,104.25,100,100.05,5.9,5.94,6.63,7.77,7.14,7.53,7.81,7.67,8.62,8.64,9.29,9.5,8.78,10.31,8.91,9.71,9.25,8.63,9.94,8.77,9.22,9.73,9.31,9.31,2.47,2.51,3.2,4.34,3.71,4.1,4.38,4.24,5.19,5.21,5.86,6.07,5.35,6.88,5.48,6.28,5.82,5.2,6.51,5.34,5.79,6.3,5.88,5.88
17397,IND,India,Chandigarh,Chandigarh,1166507,5,40,27.52,26.09,30.84,33.83,32.17,36.4,36.8,36.37,39,37.92,42.31,38.69,45.73,46.27,43.14,44.65,43.03,46.28,51,44.65,46,44.1,46.24,48.65,2.21,2.07,2.53,2.83,2.66,3.08,3.12,3.07,3.33,3.23,3.66,3.3,3.99,4.04,3.74,3.89,3.73,4.05,4.51,3.89,4.02,3.83,4.04,4.28,0,0,0,0,0,0,0,0,0,0,0.23,0,0.56,0.61,0.31,0.46,0.3,0.62,1.08,0.46,0.59,0.4,0.61,0.85
17398,IND,India,Chhattisgarh,Balod,712346,5,40,36.58,37.92,36.13,43.47,42.29,47.36,48.22,50.04,50.21,54.43,53.88,51.62,52.29,56.53,49.69,56.16,55.48,57.56,57.74,54.23,54.67,57.33,61.95,64.96,3.09,3.23,3.05,3.77,3.65,4.15,4.24,4.41,4.43,4.84,4.79,4.57,4.63,5.05,4.38,5.01,4.95,5.15,5.17,4.82,4.87,5.13,5.58,5.88,0,0,0,0.34,0.22,0.72,0.81,0.98,1,1.41,1.36,1.14,1.2,1.62,0.95,1.58,1.52,1.72,1.74,1.39,1.44,1.7,2.15,2.45
17399,IND,India,Chhattisgarh,Baloda Bazar,1451746,5,40,44.99,45.82,41.14,48.49,47.57,49.55,53.49,51.54,53.96,58.35,61.46,60.78,57.75,64.13,57.18,61.45,62.54,60.27,63.62,62.82,63.96,65.67,73.17,74.54,3.92,4,3.54,4.26,4.17,4.37,4.75,4.56,4.8,5.23,5.53,5.47,5.17,5.79,5.11,5.53,5.64,5.42,5.74,5.67,5.78,5.95,6.68,6.81,0.49,0.57,0.11,0.83,0.74,0.94,1.32,1.13,1.37,1.8,2.1,2.04,1.74,2.36,1.68,2.1,2.21,1.99,2.31,2.24,2.35,2.52,3.25,3.38
17400,IND,India,Chhattisgarh,Balrampur,933249,5,40,21.08,22.9,23.19,29.5,29.52,31.97,32.15,30.58,32.39,36.68,39.47,37.96,35.74,42.69,38.18,42.09,39.54,38.4,40.27,37.31,34.68,41.29,41.95,42.81,1.58,1.75,1.78,2.4,2.4,2.64,2.66,2.51,2.68,3.1,3.38,3.23,3.01,3.69,3.25,3.63,3.39,3.27,3.46,3.17,2.91,3.56,3.62,3.7,0,0,0,0,0,0,0,0,0,0,0,0,0,0.26,0,0.2,0,0,0.03,0,0,0.13,0.19,0.27
17401,IND,India,Chhattisgarh,Bastar,1071722,5,40,25.66,24.92,25.3,31.13,30.09,33.31,33.51,35.01,34.28,36.54,37.7,35.65,35.45,38.76,34.05,38.89,36.87,40.22,37.91,36.33,37.43,35.77,40.43,42.37,2.03,1.95,1.99,2.56,2.46,2.77,2.79,2.94,2.87,3.09,3.21,3,2.98,3.31,2.85,3.32,3.12,3.45,3.23,3.07,3.18,3.02,3.47,3.66,0,0,0,0,0,0,0,0,0,0,0,0,0,0,0,0,0,0.02,0,0,0,0,0.04,0.23
17402,IND,India,Chhattisgarh,Bemetara,836256,5,40,42.24,43.9,42.06,49.56,50.26,50.25,52.89,50.52,54.92,59.75,60.14,61.8,59.44,65.05,59.06,62.1,62.63,62.49,64.84,67.16,66.65,70.23,77.66,76.05,3.65,3.81,3.63,4.37,4.44,4.43,4.69,4.46,4.89,5.37,5.4,5.57,5.34,5.88,5.3,5.6,5.65,5.63,5.86,6.09,6.04,6.39,7.12,6.96,0.22,0.38,0.2,0.94,1.01,1,1.26,1.03,1.46,1.94,1.97,2.14,1.91,2.45,1.87,2.17,2.22,2.2,2.43,2.66,2.61,2.96,3.69,3.53
17403,IND,India,Chhattisgarh,Bijapur,294152,5,40,17.44,20.46,21.13,24.74,23.98,26.42,27.09,28.14,28.03,31.2,30.49,30.72,29.68,32.08,29.26,31.52,31.84,31.55,31.82,30.84,31.97,30.7,33.44,36.48,1.22,1.52,1.58,1.93,1.86,2.1,2.16,2.27,2.26,2.57,2.5,2.52,2.42,2.65,2.38,2.6,2.63,2.6,2.63,2.53,2.64,2.52,2.79,3.09,0,0,0,0,0,0,0,0,0,0,0,0,0,0,0,0,0,0,0,0,0,0,0,0
17404,IND,India,Chhattisgarh,Bilaspur,2211061,5,40,36.43,36.79,35.72,41.45,42.3,43.03,46.18,44.9,46.51,51.72,54.8,55,50.17,57.06,51.43,58,56.62,55.19,57.09,57.32,55.96,59.37,62.61,66.43,3.08,3.12,3.01,3.57,3.66,3.73,4.04,3.91,4.07,4.58,4.88,4.9,4.43,5.1,4.55,5.19,5.06,4.92,5.1,5.13,4.99,5.33,5.65,6.02,0,0,0,0.14,0.23,0.3,0.61,0.48,0.64,1.15,1.45,1.47,1,1.67,1.12,1.76,1.63,1.49,1.67,1.7,1.56,1.9,2.22,2.59
17405,IND,India,Chhattisgarh,Dantewada,245465,5,40,17.16,19.47,19.73,24.68,23.22,26.06,26.43,28.25,28.27,30.28,29.99,29.75,29.46,31.97,28.31,31.49,31.29,32.25,31.51,30.7,31.73,29.77,32.82,35.63,1.19,1.42,1.44,1.93,1.79,2.06,2.1,2.28,2.28,2.48,2.45,2.43,2.4,2.64,2.28,2.6,2.58,2.67,2.6,2.52,2.62,2.43,2.73,3,0,0,0,0,0,0,0,0,0,0,0,0,0,0,0,0,0,0,0,0,0,0,0,0
17406,IND,India,Chhattisgarh,Dhamtari,917922,5,40,40.93,41.19,40.08,47.86,46.05,49.14,50.9,52.73,53.06,56,56.09,54.64,55.43,59.04,52.11,59.62,57.61,60.31,61.25,56.61,56.89,57.69,65.88,66.97,3.52,3.55,3.44,4.2,4.02,4.33,4.5,4.68,4.71,5,5.01,4.86,4.94,5.3,4.62,5.35,5.16,5.42,5.51,5.06,5.09,5.16,5.97,6.07,0.09,0.12,0.01,0.77,0.59,0.9,1.07,1.25,1.28,1.57,1.58,1.43,1.51,1.87,1.19,1.92,1.73,1.99,2.08,1.63,1.66,1.73,2.54,2.64
17407,IND,India,Chhattisgarh,Durg,2265907,5,40,52.35,53.85,50.63,58.29,56.43,58.15,60.38,61.53,63.83,69.23,70.68,66.98,69.45,74.96,68,73,70.29,70.83,73.18,68.27,71.24,74.95,79.21,84.08,4.64,4.79,4.47,5.22,5.04,5.21,5.43,5.54,5.77,6.29,6.44,6.07,6.32,6.86,6.17,6.66,6.4,6.45,6.68,6.2,6.49,6.86,7.27,7.75,1.21,1.36,1.04,1.79,1.61,1.78,2,2.11,2.34,2.86,3.01,2.64,2.89,3.43,2.74,3.23,2.97,3.02,3.25,2.77,3.06,3.43,3.84,4.32
17408,IND,India,Chhattisgarh,Gariaband,596091,5,40,32.2,31.86,30.61,38.77,38.77,40.64,41.89,41.9,43.03,45.43,46.75,45.28,46.24,48.73,43.11,49.07,45.89,50.44,47.52,44.98,45.84,45.18,52.02,52.98,2.67,2.63,2.51,3.31,3.31,3.49,3.62,3.62,3.73,3.96,4.09,3.95,4.04,4.29,3.73,4.32,4.01,4.45,4.17,3.92,4,3.94,4.61,4.7,0,0,0,0,0,0.06,0.19,0.19,0.3,0.53,0.66,0.52,0.61,0.86,0.3,0.89,0.58,1.02,0.74,0.49,0.57,0.51,1.18,1.27
17409,IND,India,Chhattisgarh,Janjgir-Champa,1857077,5,40,40.99,40.59,38.05,43.38,43.9,43.53,48.78,47.66,48.48,53.34,57.56,58.56,53.86,61.94,54.8,61.95,62.56,58.71,62.95,61.1,60.33,61.73,68.88,71.79,3.53,3.49,3.24,3.76,3.81,3.78,4.29,4.18,4.26,4.74,5.15,5.25,4.79,5.58,4.88,5.58,5.64,5.26,5.68,5.5,5.42,5.56,6.26,6.55,0.1,0.06,0,0.33,0.38,0.35,0.86,0.75,0.83,1.31,1.72,1.82,1.36,2.15,1.45,2.15,2.21,1.83,2.25,2.07,1.99,2.13,2.83,3.12
17410,IND,India,Chhattisgarh,Jashpur,968152,5,40,22.29,23.32,23.5,30.34,30.66,32.72,32.73,31.83,33.26,37.49,39.52,38.99,36.32,45,38.57,44.19,40.57,40.29,41.12,38.36,37.1,41.48,43.98,44.19,1.69,1.8,1.81,2.48,2.51,2.72,2.72,2.63,2.77,3.18,3.38,3.33,3.07,3.92,3.29,3.84,3.49,3.46,3.54,3.27,3.15,3.57,3.82,3.84,0,0,0,0,0,0,0,0,0,0,0,0,0,0.49,0,0.41,0.06,0.03,0.11,0,0,0.14,0.39,0.41
17411,IND,India,Chhattisgarh,Kabirdham,907766,5,40,32.37,33.53,34.07,39.41,41.29,42.39,44.75,42.22,46.13,50.49,50.74,51.61,48.23,54.73,47.3,52.15,52.9,54.83,54.16,57.38,56.54,60.43,63.03,63.87,2.68,2.8,2.85,3.37,3.56,3.66,3.9,3.65,4.03,4.46,4.48,4.57,4.24,4.87,4.15,4.62,4.69,4.88,4.82,5.13,5.05,5.43,5.69,5.77,0,0,0,0,0.13,0.23,0.47,0.22,0.6,1.03,1.05,1.14,0.81,1.44,0.72,1.19,1.26,1.45,1.39,1.7,1.62,2,2.26,2.34
17412,IND,India,Chhattisgarh,Kondagaon,576811,5,40,26.69,26.17,26.18,32.27,31.78,34.99,35.97,36.36,36.57,38.99,39.15,37.43,38.83,40.12,35.7,39.86,37.29,41.91,39.28,37.56,38.41,36.88,42.03,42.09,2.13,2.07,2.08,2.67,2.62,2.94,3.04,3.07,3.09,3.33,3.35,3.18,3.31,3.44,3.01,3.42,3.16,3.62,3.36,3.19,3.27,3.12,3.63,3.63,0,0,0,0,0,0,0,0,0,0,0,0,0,0.01,0,0,0,0.19,0,0,0,0,0.2,0.2
17413,IND,India,Chhattisgarh,Korba,1381578,5,40,33.15,33.32,33.06,38.25,37.45,37.14,39.93,39.37,41.45,45.68,48.51,49.24,45.14,51.93,46.42,52.6,51.35,49.37,49.9,50.36,48.77,50.6,53.04,55.51,2.76,2.78,2.75,3.26,3.18,3.15,3.42,3.37,3.57,3.99,4.26,4.34,3.93,4.6,4.06,4.66,4.54,4.35,4.4,4.45,4.29,4.47,4.71,4.95,0,0,0,0,0,0,0,0,0.14,0.56,0.83,0.91,0.5,1.17,0.63,1.23,1.11,0.92,0.97,1.02,0.86,1.04,1.28,1.52
17414,IND,India,Chhattisgarh,Koriya,744630,5,40,24.03,24.44,24.4,30.37,29.74,33.43,33.65,32.97,34.15,38.61,41.74,40.1,37.05,43.57,39,43.79,41.16,40.72,40.38,40.9,37.4,42.5,41.68,43.63,1.87,1.91,1.9,2.49,2.42,2.79,2.81,2.74,2.86,3.29,3.6,3.44,3.14,3.78,3.33,3.8,3.54,3.5,3.47,3.52,3.18,3.67,3.59,3.79,0,0,0,0,0,0,0,0,0,0,0.17,0.01,0,0.35,0,0.37,0.11,0.07,0.04,0.09,0,0.24,0.16,0.36
17415,IND,India,Chhattisgarh,Mahasamund,1191325,5,40,42.15,41.19,36.87,43.4,43.55,45.32,48.93,47.04,49.76,53.61,57.14,55.26,53.31,59.81,52.38,58.34,57.67,58.31,57.79,55.98,56.87,57.32,66.57,67.61,3.64,3.55,3.12,3.76,3.78,3.95,4.3,4.12,4.39,4.76,5.11,4.93,4.73,5.37,4.64,5.23,5.16,5.22,5.17,5,5.08,5.13,6.03,6.14,0.21,0.12,0,0.33,0.35,0.52,0.87,0.69,0.96,1.33,1.68,1.5,1.3,1.94,1.21,1.8,1.73,1.79,1.74,1.57,1.65,1.7,2.6,2.71
17416,IND,India,Chhattisgarh,Mungeli,823853,5,40,36.02,37.58,37.19,43.06,45.03,45.35,47.99,45.21,48.34,53.33,54.58,56.31,51.03,57.74,51.86,57.09,56.92,56.75,58.26,60.18,59.92,63.46,67.78,69.62,3.04,3.19,3.15,3.73,3.92,3.95,4.21,3.94,4.25,4.74,4.86,5.03,4.51,5.17,4.59,5.1,5.09,5.07,5.22,5.41,5.38,5.73,6.15,6.33,0,0,0,0.3,0.49,0.52,0.78,0.51,0.82,1.31,1.43,1.6,1.08,1.74,1.16,1.67,1.66,1.64,1.79,1.98,1.95,2.3,2.72,2.9
17417,IND,India,Chhattisgarh,Narayanpur,137879,5,40,24.88,24.58,25.71,30.62,30.32,33.25,34.89,35.6,35.24,37.94,38.47,36.88,37.45,39.18,33.9,37.63,36.66,40.38,38.49,37.72,38.42,36.96,41.05,42.54,1.95,1.92,2.03,2.51,2.48,2.77,2.93,3,2.96,3.23,3.28,3.12,3.18,3.35,2.83,3.2,3.1,3.47,3.28,3.21,3.28,3.13,3.53,3.68,0,0,0,0,0,0,0,0,0,0,0,0,0,0,0,0,0,0.04,0,0,0,0,0.1,0.25
17418,IND,India,Chhattisgarh,Raigarh,1710339,5,40,33.54,33.37,31.31,37.14,38.08,38.43,42.29,40.53,42.89,47.15,50.65,50.92,46.53,54.99,47.7,54.61,55.09,52.73,54,52.49,52.51,53.91,59.53,60.77,2.8,2.78,2.58,3.15,3.24,3.28,3.65,3.48,3.71,4.13,4.47,4.5,4.07,4.9,4.18,4.86,4.91,4.68,4.8,4.65,4.66,4.79,5.34,5.47,0,0,0,0,0,0,0.22,0.05,0.28,0.7,1.04,1.07,0.64,1.47,0.75,1.43,1.48,1.25,1.37,1.22,1.23,1.36,1.91,2.04
17419,IND,India,Chhattisgarh,Raipur,2575952,5,40,50.91,52.28,49.43,59.28,56.94,59.35,62.41,62.98,64.7,71.3,72.58,70.7,70.48,76.52,69.31,75.39,72.52,73.29,76.22,71.4,73.36,74.78,85.5,86.26,4.5,4.63,4.35,5.32,5.09,5.33,5.63,5.68,5.85,6.5,6.62,6.44,6.42,7.01,6.3,6.9,6.62,6.69,6.98,6.51,6.7,6.84,7.89,7.96,1.07,1.2,0.92,1.89,1.66,1.9,2.2,2.25,2.42,3.07,3.19,3.01,2.99,3.58,2.87,3.47,3.19,3.26,3.55,3.08,3.27,3.41,4.46,4.53
17420,IND,India,Chhattisgarh,Rajnandgaon,1735370,5,40,35.3,37.59,35.1,42.03,41.71,46.1,46.73,47.17,49.15,53.93,54.88,51.83,52.53,56.96,50.36,55.58,55.72,57.57,55.71,57.39,55.85,61.39,64.29,66.84,2.97,3.19,2.95,3.63,3.6,4.03,4.09,4.13,4.33,4.79,4.89,4.59,4.66,5.09,4.45,4.96,4.97,5.15,4.97,5.13,4.98,5.53,5.81,6.06,0,0,0,0.2,0.17,0.6,0.66,0.7,0.9,1.36,1.46,1.16,1.23,1.66,1.02,1.53,1.54,1.72,1.54,1.7,1.55,2.1,2.38,2.63
17421,IND,India,Chhattisgarh,Sukma,316763,5,40,16.51,19.49,19.48,23.39,22.66,24.75,25.38,26.81,26.95,29.47,29.7,29.75,28.95,31.65,28.74,31.07,31.92,31.63,31.08,30.24,32.09,29.95,31.73,35.38,1.13,1.42,1.42,1.8,1.73,1.94,2,2.14,2.15,2.4,2.42,2.43,2.35,2.61,2.33,2.55,2.64,2.61,2.56,2.47,2.65,2.44,2.62,2.98,0,0,0,0,0,0,0,0,0,0,0,0,0,0,0,0,0,0,0,0,0,0,0,0
17422,IND,India,Chhattisgarh,Surajpur,950457,5,40,24.09,25.41,24.69,31.39,30.84,34.09,34.55,32.91,35.21,39.61,42.46,41.63,38.69,45.34,41.13,45.98,43.15,42.03,42.88,41.11,37.32,43.73,45.21,46.06,1.87,2,1.93,2.59,2.53,2.85,2.9,2.74,2.96,3.39,3.67,3.59,3.3,3.95,3.54,4.02,3.74,3.63,3.71,3.54,3.17,3.8,3.94,4.02,0,0,0,0,0,0,0,0,0,0,0.24,0.16,0,0.52,0.11,0.59,0.31,0.2,0.28,0.11,0,0.37,0.51,0.59
17423,IND,India,Chhattisgarh,Surguja,822404,5,40,23.19,24.26,23.3,30.77,30.14,33.38,33.43,32.36,34.35,39.08,40.64,40.22,37.29,45.08,39.38,45.32,41.58,41.43,42.65,39.39,36.62,42.09,44.57,44.23,1.78,1.89,1.79,2.53,2.46,2.78,2.79,2.68,2.88,3.34,3.49,3.45,3.16,3.93,3.37,3.95,3.59,3.57,3.69,3.37,3.1,3.63,3.88,3.84,0,0,0,0,0,0,0,0,0,0,0.06,0.02,0,0.5,0,0.52,0.16,0.14,0.26,0,0,0.2,0.45,0.41
17424,IND,India,Chhattisgarh,Uttar Bastar Kanker,865701,5,40,28.89,29.5,29.26,35.69,34.47,39.07,40.72,40.75,41.21,43.23,43.13,41.6,42.87,45.25,39.44,45.21,42.89,47.21,45,42.18,42.72,43.11,47.46,50.5,2.34,2.4,2.38,3.01,2.89,3.34,3.5,3.5,3.55,3.75,3.74,3.59,3.71,3.94,3.38,3.94,3.71,4.14,3.92,3.64,3.7,3.73,4.16,4.46,0,0,0,0,0,0,0.07,0.07,0.12,0.32,0.31,0.16,0.28,0.51,0,0.51,0.28,0.71,0.49,0.21,0.27,0.3,0.73,1.03
17425,IND,India,Dadra and Nagar Haveli,Dadra and Nagar Haveli,416797,5,40,13.33,13.98,15.68,16.97,17.48,19.21,18.93,20.48,21.82,22.35,23.7,22.82,24.31,24.52,22.94,24,24.35,24.18,23.32,26.63,24.86,25.32,26.59,27.29,0.82,0.88,1.05,1.17,1.22,1.39,1.37,1.52,1.65,1.7,1.83,1.75,1.89,1.91,1.76,1.86,1.9,1.88,1.8,2.12,1.95,1.99,2.12,2.18,0,0,0,0,0,0,0,0,0,0,0,0,0,0,0,0,0,0,0,0,0,0,0,0
17426,IND,India,Daman and Diu,Daman,246981,5,40,15.91,16.48,16.86,17.19,17.21,19.65,18.81,21.09,22.45,23,24.71,23.08,24.66,24.28,22.68,23.93,23.87,25.23,24.41,27.58,25.84,26.82,28.19,28.29,1.07,1.12,1.16,1.19,1.2,1.44,1.35,1.58,1.71,1.76,1.93,1.77,1.93,1.89,1.73,1.85,1.85,1.98,1.9,2.21,2.04,2.14,2.27,2.28,0,0,0,0,0,0,0,0,0,0,0,0,0,0,0,0,0,0,0,0,0,0,0,0
17427,IND,India,Daman and Diu,Diu,41506,5,40,21.34,22.33,19.75,18.91,19.12,20.67,19.53,21.04,20.94,22.07,21.12,19.94,20.91,20.83,18.18,20.84,22.32,20.87,19.46,21,21.06,20.94,22.53,22.18,1.6,1.7,1.45,1.36,1.38,1.54,1.42,1.57,1.56,1.67,1.58,1.46,1.56,1.55,1.29,1.55,1.7,1.56,1.42,1.57,1.57,1.56,1.72,1.68,0,0,0,0,0,0,0,0,0,0,0,0,0,0,0,0,0,0,0,0,0,0,0,0
17428,IND,India,Goa,North Goa,843725,5,40,16.71,18.02,19.13,18.28,20.12,20.46,19.29,21.83,20.46,23.89,25.22,26.93,24.25,24.38,23.93,22.6,28.1,26.51,25.63,25.95,28.53,23.31,27.56,29.76,1.15,1.28,1.38,1.3,1.48,1.51,1.4,1.65,1.52,1.85,1.98,2.15,1.89,1.9,1.86,1.72,2.26,2.11,2.02,2.05,2.31,1.79,2.21,2.43,0,0,0,0,0,0,0,0,0,0,0,0,0,0,0,0,0,0,0,0,0,0,0,0
17429,IND,India,Goa,South Goa,662649,5,40,15.23,16.94,17.93,17.92,19.76,19.99,19.31,21.88,20.54,23.83,25.05,26.57,23.14,24.09,23.23,21.9,27.36,25.31,24.42,25.14,27.11,22.48,26.38,28.17,1,1.17,1.27,1.27,1.45,1.47,1.4,1.65,1.52,1.85,1.96,2.11,1.78,1.87,1.79,1.66,2.19,1.99,1.9,1.97,2.17,1.71,2.1,2.27,0,0,0,0,0,0,0,0,0,0,0,0,0,0,0,0,0,0,0,0,0,0,0,0
17430,IND,India,Gujarat,Ahmadabad,8114639,5,40,35.96,35.96,33.96,35.32,33.27,37.59,36.96,39.5,40.59,40.02,40.54,37.68,42.51,40.62,38.82,41.28,43.57,41.05,40.28,46.38,41.52,49.12,48.65,48.8,3.03,3.03,2.84,2.97,2.77,3.19,3.13,3.38,3.49,3.43,3.48,3.2,3.68,3.49,3.31,3.56,3.78,3.53,3.46,4.06,3.58,4.32,4.28,4.29,0,0,0,0,0,0,0,0,0.06,0,0.05,0,0.25,0.06,0,0.13,0.35,0.1,0.03,0.63,0.15,0.89,0.85,0.86
17431,IND,India,Gujarat,Amreli,1169050,5,40,18,18.31,17.35,17.23,17.55,19.75,19.31,20.57,21.16,21.64,22.3,20.73,22.12,22.83,20.16,23.71,23.92,23.35,21.85,23.99,23.23,25.58,27.44,26.8,1.27,1.3,1.21,1.2,1.23,1.45,1.4,1.53,1.58,1.63,1.7,1.54,1.68,1.75,1.49,1.83,1.85,1.8,1.65,1.86,1.79,2.02,2.2,2.14,0,0,0,0,0,0,0,0,0,0,0,0,0,0,0,0,0,0,0,0,0,0,0,0
17432,IND,India,Gujarat,Anand,2325140,5,40,24.73,25.72,26.1,26.87,26.47,29.93,30.25,32.61,32.38,33.48,34.96,31.68,34.61,33.98,32.79,34.31,37.05,33.41,33.71,37.68,33.91,41.15,39.48,42.53,1.93,2.03,2.07,2.14,2.1,2.44,2.47,2.71,2.68,2.79,2.94,2.61,2.9,2.84,2.72,2.87,3.14,2.78,2.81,3.2,2.83,3.54,3.38,3.68,0,0,0,0,0,0,0,0,0,0,0,0,0,0,0,0,0,0,0,0,0,0.11,0,0.25
17433,IND,India,Gujarat,Aravalli,1248109,5,40,27.04,28.04,26.09,29.79,28.94,32.52,30.74,33.44,35.32,34.64,33.94,33.26,38.16,36.11,34.21,35.85,36.95,34.5,34.1,37.76,33.92,41.49,38.49,40.86,2.16,2.26,2.07,2.43,2.35,2.7,2.52,2.79,2.97,2.9,2.84,2.77,3.25,3.05,2.86,3.02,3.13,2.89,2.85,3.21,2.83,3.58,3.28,3.51,0,0,0,0,0,0,0,0,0,0,0,0,0,0,0,0,0,0,0,0,0,0.15,0,0.08
17434,IND,India,Gujarat,Banaskantha,3473427,5,40,25.34,26.25,24.5,29.6,29.13,31.85,30.64,32.6,35.39,31.64,32.4,31.95,34.64,32.94,30.35,33.44,32.71,33.61,31.03,33.19,30.55,37.71,36.09,36.38,1.99,2.08,1.91,2.41,2.36,2.63,2.51,2.7,2.98,2.61,2.69,2.64,2.91,2.74,2.48,2.79,2.72,2.8,2.55,2.76,2.5,3.21,3.05,3.08,0,0,0,0,0,0,0,0,0,0,0,0,0,0,0,0,0,0,0,0,0,0,0,0
17435,IND,India,Gujarat,Bharuch,1747468,5,40,22.52,23.18,23.39,23.66,24.04,26.56,26.62,29.24,29.63,30.88,31.86,29.18,31.15,30.31,27.31,31.26,32.58,30.13,28.9,33.73,31.19,36.74,37.64,36.42,1.72,1.78,1.8,1.83,1.87,2.11,2.12,2.38,2.41,2.54,2.63,2.37,2.56,2.48,2.19,2.57,2.7,2.46,2.34,2.82,2.57,3.11,3.2,3.08,0,0,0,0,0,0,0,0,0,0,0,0,0,0,0,0,0,0,0,0,0,0,0,0
17436,IND,India,Gujarat,Bhavnagar,2614976,5,40,23.06,23.68,22.25,20.64,21.52,23.84,23.7,25.61,25.4,26.26,27.89,24.75,25.95,26.35,22.94,28.32,28.36,27.82,25.6,29.38,27.65,32.01,33.55,31.67,1.77,1.83,1.69,1.53,1.62,1.85,1.83,2.02,2,2.08,2.24,1.94,2.05,2.09,1.76,2.29,2.29,2.24,2.02,2.39,2.22,2.65,2.8,2.61,0,0,0,0,0,0,0,0,0,0,0,0,0,0,0,0,0,0,0,0,0,0,0,0
17437,IND,India,Gujarat,Botad,512928,5,40,22.62,22.49,22.57,21.96,21.95,24.81,25.24,26.34,25.67,25.89,26.87,24.07,26.89,26.73,24.85,28.49,29.06,27.46,26.26,29.97,27.2,32.97,32.72,31.75,1.73,1.71,1.72,1.66,1.66,1.94,1.98,2.09,2.03,2.05,2.14,1.87,2.15,2.13,1.95,2.3,2.36,2.2,2.08,2.45,2.18,2.74,2.72,2.62,0,0,0,0,0,0,0,0,0,0,0,0,0,0,0,0,0,0,0,0,0,0,0,0
17438,IND,India,Gujarat,Chhota Udaipur,830166,5,40,25.74,25.4,26.45,27.95,26.76,29.41,28.54,30.44,32.68,32.83,33.23,32.41,34.86,33.2,31.02,33.42,34.79,32.93,32.18,37.17,33.31,38.86,38.12,40.84,2.03,2,2.1,2.25,2.13,2.39,2.31,2.49,2.71,2.73,2.77,2.69,2.93,2.76,2.55,2.79,2.92,2.74,2.66,3.15,2.77,3.32,3.25,3.51,0,0,0,0,0,0,0,0,0,0,0,0,0,0,0,0,0,0,0,0,0,0,0,0.08
17439,IND,India,Gujarat,Dahod,2285314,5,40,24.79,24.84,24.92,27.28,26.8,29.92,28.23,30.02,32.84,32.26,32.47,32.58,35.61,35.04,31.64,34.49,35.05,33.13,32.81,36.83,33.53,38.89,37.19,40.59,1.94,1.94,1.95,2.18,2.14,2.44,2.28,2.45,2.73,2.67,2.69,2.7,3,2.94,2.61,2.89,2.94,2.76,2.73,3.12,2.8,3.32,3.15,3.49,0,0,0,0,0,0,0,0,0,0,0,0,0,0,0,0,0,0,0,0,0,0,0,0.06
17440,IND,India,Gujarat,Dang,242616,5,40,12.19,12.04,15.1,18.68,18.03,20.64,20.79,21.41,22.76,23.85,24.87,24.26,26.13,24.21,22.91,25.7,24.76,25.09,23.92,26.91,25.26,28.24,28.23,30.63,0.7,0.69,0.99,1.34,1.28,1.53,1.55,1.61,1.74,1.85,1.95,1.89,2.07,1.88,1.76,2.03,1.94,1.97,1.85,2.15,1.99,2.28,2.28,2.51,0,0,0,0,0,0,0,0,0,0,0,0,0,0,0,0,0,0,0,0,0,0,0,0
17441,IND,India,Gujarat,Devbhumi Dwarka,771801,5,40,16.24,17.06,17.73,18.53,17.75,19.39,19.87,19.78,21.76,20.95,22.07,20.49,21.88,21.77,20.43,23.46,24.22,22.19,22.3,22.32,22.3,26.36,26.91,24.46,1.1,1.18,1.25,1.33,1.25,1.41,1.46,1.45,1.64,1.56,1.67,1.52,1.65,1.64,1.51,1.81,1.88,1.69,1.7,1.7,1.7,2.09,2.15,1.91,0,0,0,0,0,0,0,0,0,0,0,0,0,0,0,0,0,0,0,0,0,0,0,0
17442,IND,India,Gujarat,Gandhinagar,1312495,5,40,33.88,34.95,32.25,34.5,33.49,37.96,37,39.08,40.87,39.75,39.41,37.13,42.12,39.83,37.81,40.34,42.18,39.42,38.83,44.4,39.78,47.37,46.25,46.46,2.83,2.94,2.67,2.89,2.79,3.23,3.14,3.34,3.52,3.41,3.37,3.15,3.64,3.41,3.22,3.46,3.64,3.37,3.31,3.86,3.41,4.15,4.04,4.06,0,0,0,0,0,0,0,0,0.09,0,0,0,0.21,0,0,0.03,0.21,0,0,0.43,0,0.72,0.61,0.63
17443,IND,India,Gujarat,Gir Somnath,1176642,5,40,18.76,19.38,17.11,16.19,16.59,17.81,17.12,18.23,18.88,20.37,19.97,18.65,19.7,19.63,17.47,20.38,21.6,19.74,19.42,20.75,20.81,21.44,23.83,23.23,1.35,1.41,1.19,1.1,1.14,1.26,1.19,1.3,1.36,1.51,1.47,1.34,1.44,1.43,1.22,1.51,1.63,1.44,1.41,1.54,1.55,1.61,1.85,1.79,0,0,0,0,0,0,0,0,0,0,0,0,0,0,0,0,0,0,0,0,0,0,0,0
17444,IND,India,Gujarat,Jamnagar,1668092,5,40,17.42,19.29,19.64,20.56,19.84,21.52,21.8,21.99,24.06,23,24.61,22.71,24.47,24.72,23.09,26.23,26.92,25.43,24.92,25.24,25.33,29.76,30.48,28.77,1.22,1.4,1.43,1.53,1.45,1.62,1.65,1.67,1.87,1.76,1.92,1.74,1.91,1.93,1.77,2.08,2.15,2,1.95,1.98,1.99,2.43,2.5,2.33,0,0,0,0,0,0,0,0,0,0,0,0,0,0,0,0,0,0,0,0,0,0,0,0
17445,IND,India,Gujarat,Junagadh,2428430,5,40,17.17,17.67,16.52,16.25,16.58,18.16,17.85,18.82,19.65,20.31,20.64,19.32,20.78,20.92,19,21.86,22.52,20.86,20.56,21.58,21.64,23.08,25.13,24.67,1.19,1.24,1.13,1.1,1.13,1.29,1.26,1.35,1.44,1.5,1.53,1.4,1.55,1.56,1.37,1.65,1.72,1.55,1.53,1.62,1.63,1.77,1.97,1.93,0,0,0,0,0,0,0,0,0,0,0,0,0,0,0,0,0,0,0,0,0,0,0,0
17446,IND,India,Gujarat,Kachchh,2341093,5,40,19.52,20.36,20.38,21.6,21.78,22.1,22.57,24.01,26.03,23.67,25.43,23.27,24.41,23.35,22.53,25.7,26.32,26.53,24.03,24.64,24.28,28.47,27.62,25.98,1.42,1.51,1.51,1.63,1.64,1.68,1.72,1.86,2.06,1.83,2,1.79,1.9,1.8,1.72,2.03,2.09,2.11,1.87,1.92,1.89,2.3,2.22,2.06,0,0,0,0,0,0,0,0,0,0,0,0,0,0,0,0,0,0,0,0,0,0,0,0
17447,IND,India,Gujarat,Kheda,2571979,5,40,29.83,30.05,29.23,31.29,30.14,33.58,33.01,35.48,36.44,36.48,36.86,34.55,38.34,36.64,35.56,36.74,39.61,36.42,36.32,40.99,36.49,44.01,41.75,44.32,2.43,2.45,2.37,2.58,2.46,2.8,2.74,2.99,3.08,3.08,3.12,2.9,3.27,3.1,3,3.11,3.39,3.08,3.07,3.53,3.09,3.82,3.6,3.85,0,0,0,0,0,0,0,0,0,0,0,0,0,0,0,0,0,0,0,0.1,0,0.39,0.17,0.42
17448,IND,India,Gujarat,Mahesana,2252431,5,40,31.51,33.64,30.12,33.24,32.73,36.77,35.66,37.17,39.77,37.82,37.55,35.55,40.58,38.04,36.07,38.85,39.77,37.32,36.49,40.98,37.36,44.44,42.73,43.51,2.6,2.81,2.46,2.77,2.72,3.11,3,3.15,3.41,3.22,3.19,2.99,3.49,3.24,3.04,3.32,3.41,3.17,3.09,3.53,3.17,3.87,3.7,3.77,0,0,0,0,0,0,0,0,0,0,0,0,0.06,0,0,0,0,0,0,0.1,0,0.44,0.27,0.34
17449,IND,India,Gujarat,Mahisagar,1221844,5,40,26.71,27.26,26.07,29.02,28.32,31.01,29.54,32,34.31,33.82,33.94,33.76,37.56,35.9,33.52,35.61,36.94,34.72,34.31,38.31,34.39,41.87,38.76,41.39,2.13,2.18,2.06,2.35,2.29,2.55,2.41,2.65,2.87,2.82,2.84,2.82,3.19,3.03,2.79,3,3.13,2.91,2.87,3.26,2.88,3.61,3.31,3.57,0,0,0,0,0,0,0,0,0,0,0,0,0,0,0,0,0,0,0,0,0,0.18,0,0.14
17450,IND,India,Gujarat,Morbi,1141930,5,40,19.66,20.7,19.87,22.04,21.58,23.16,23.67,24.56,25.87,24.22,25.93,24.04,25.88,25.12,24.71,27.78,28.11,27.17,25.7,26.87,26.25,30.91,31.08,30.35,1.44,1.54,1.46,1.67,1.62,1.78,1.83,1.92,2.05,1.88,2.05,1.87,2.05,1.97,1.93,2.23,2.27,2.17,2.03,2.14,2.08,2.54,2.56,2.48,0,0,0,0,0,0,0,0,0,0,0,0,0,0,0,0,0,0,0,0,0,0,0,0
17451,IND,India,Gujarat,Narmada,551005,5,40,19.83,19.89,22.02,23.82,23.2,25.61,25.36,27.28,28.89,30.12,30.89,29.26,31.47,29.75,27.92,30.55,31.6,30.29,29.4,33.22,30.74,35.55,35.39,37.33,1.45,1.46,1.67,1.84,1.78,2.02,2,2.18,2.34,2.46,2.54,2.38,2.59,2.43,2.25,2.5,2.61,2.48,2.39,2.77,2.52,2.99,2.98,3.17,0,0,0,0,0,0,0,0,0,0,0,0,0,0,0,0,0,0,0,0,0,0,0,0
17452,IND,India,Gujarat,Navsari,1481252,5,40,16.62,17.52,17.99,19.11,19.71,21.75,21.72,24.06,25.18,25.32,27.7,25.32,28.03,27.22,24.94,27.04,27.59,27.63,26.34,29.33,28.43,31.77,32.84,32.4,1.14,1.23,1.27,1.38,1.44,1.64,1.64,1.87,1.98,1.99,2.22,1.99,2.26,2.18,1.95,2.16,2.21,2.22,2.09,2.38,2.3,2.62,2.73,2.68,0,0,0,0,0,0,0,0,0,0,0,0,0,0,0,0,0,0,0,0,0,0,0,0
17453,IND,India,Gujarat,Panch Mahals,1507491,5,40,28.99,28.68,28.25,30.29,28.98,31.47,30.41,32.73,34.22,33.94,33.83,33.29,36.38,34.7,32.79,34.59,36.68,34.15,33.58,38.65,34.7,40.9,38.86,41.83,2.35,2.32,2.28,2.48,2.35,2.59,2.49,2.72,2.86,2.84,2.83,2.77,3.08,2.91,2.72,2.9,3.11,2.86,2.8,3.3,2.91,3.52,3.32,3.61,0,0,0,0,0,0,0,0,0,0,0,0,0,0,0,0,0,0,0,0,0,0.09,0,0.18
17454,IND,India,Gujarat,Patan,1695329,5,40,27.98,29.15,27.16,31.83,30.97,33.04,32.66,34.48,36.5,33.34,34.84,32.94,36.16,33.57,32.15,35.04,34.84,34.09,32.2,35.1,32.31,39.66,37.88,38.01,2.25,2.37,2.17,2.63,2.54,2.75,2.71,2.89,3.09,2.78,2.92,2.74,3.05,2.8,2.66,2.94,2.92,2.85,2.67,2.95,2.68,3.4,3.22,3.24,0,0,0,0,0,0,0,0,0,0,0,0,0,0,0,0,0,0,0,0,0,0,0,0
17455,IND,India,Gujarat,Porbandar,661981,5,40,19.09,19.64,18.19,17.89,17.67,19.3,19.34,19.78,21.08,21.1,21.83,20.43,21.69,21.63,20.03,22.9,23.4,21.52,21.82,22.36,22.36,25.4,26.52,25.48,1.38,1.43,1.29,1.26,1.24,1.4,1.41,1.45,1.58,1.58,1.65,1.51,1.64,1.63,1.47,1.75,1.8,1.62,1.65,1.7,1.7,2,2.11,2.01,0,0,0,0,0,0,0,0,0,0,0,0,0,0,0,0,0,0,0,0,0,0,0,0
17456,IND,India,Gujarat,Rajkot,3457034,5,40,16.95,18.22,18.54,18.85,18.94,20.8,21.26,21.68,22.85,22.48,23.59,22.01,24.14,23.99,23.13,25.76,25.88,24.68,23.64,24.94,24.65,28.46,29.87,28.55,1.17,1.3,1.33,1.36,1.37,1.55,1.59,1.63,1.75,1.71,1.82,1.67,1.88,1.86,1.78,2.03,2.05,1.93,1.83,1.95,1.93,2.3,2.44,2.31,0,0,0,0,0,0,0,0,0,0,0,0,0,0,0,0,0,0,0,0,0,0,0,0
17457,IND,India,Gujarat,Sabar Kantha,1467999,5,40,27.39,28.33,25.76,29.86,28.97,33.25,31.6,34.04,36.82,35.53,34.41,33.76,39.01,37.52,34.79,37.29,37.68,35.33,35.04,37.96,34.78,41.89,38.77,41.28,2.19,2.29,2.03,2.44,2.35,2.77,2.61,2.85,3.12,2.99,2.88,2.82,3.33,3.19,2.92,3.16,3.2,2.97,2.94,3.23,2.92,3.62,3.31,3.56,0,0,0,0,0,0,0,0,0,0,0,0,0,0,0,0,0,0,0,0,0,0.19,0,0.13
17458,IND,India,Gujarat,Surat,6797359,5,40,21.54,22.15,21.64,22.01,22.74,25.44,24.82,27.78,28.62,29.61,31.56,28.88,30.25,30.16,26.99,30.97,31.71,31.2,30.01,34.15,32.46,36.82,38.8,37.76,1.62,1.68,1.63,1.67,1.74,2,1.94,2.23,2.31,2.41,2.6,2.34,2.47,2.47,2.16,2.54,2.62,2.57,2.45,2.86,2.69,3.12,3.31,3.21,0,0,0,0,0,0,0,0,0,0,0,0,0,0,0,0,0,0,0,0,0,0,0,0
17459,IND,India,Gujarat,Surendranagar,1625126,5,40,21.82,22.27,21.51,23.09,22.47,25.03,25.53,26.33,26.6,25.99,27.34,24.41,27.41,26.16,25.87,28.65,29.13,27.4,25.81,29.34,26.38,32.57,32.19,31.71,1.65,1.69,1.62,1.77,1.71,1.96,2.01,2.09,2.12,2.06,2.19,1.9,2.2,2.07,2.05,2.32,2.36,2.19,2.04,2.39,2.1,2.7,2.66,2.62,0,0,0,0,0,0,0,0,0,0,0,0,0,0,0,0,0,0,0,0,0,0,0,0
17460,IND,India,Gujarat,Tapi,901167,5,40,17.37,17.62,19.8,21.86,21.44,23.6,23.71,25.9,27.33,27.77,29.29,27.66,30.02,28.45,26.93,29.68,29.3,29.44,28.81,31.57,29.85,34.54,34.3,36.13,1.21,1.24,1.45,1.65,1.61,1.82,1.83,2.05,2.19,2.23,2.38,2.22,2.45,2.3,2.15,2.42,2.38,2.4,2.33,2.6,2.44,2.89,2.87,3.05,0,0,0,0,0,0,0,0,0,0,0,0,0,0,0,0,0,0,0,0,0,0,0,0
17461,IND,India,Gujarat,Vadodara,3940590,5,40,25.13,25.83,26.15,27.58,26.67,29.26,29.19,31.84,32.33,32.92,33.77,31.56,34.03,33.5,31.78,33.53,35.83,32.3,32.07,36.67,33.49,39.27,38.32,41.27,1.97,2.04,2.07,2.21,2.12,2.38,2.37,2.63,2.68,2.74,2.82,2.6,2.84,2.79,2.62,2.8,3.02,2.68,2.65,3.1,2.79,3.36,3.27,3.55,0,0,0,0,0,0,0,0,0,0,0,0,0,0,0,0,0,0,0,0,0,0,0,0.12
17462,IND,India,Gujarat,Valsad,1939303,5,40,14.99,15.51,16.5,17.24,17.42,19.68,19.15,20.94,22.33,22.88,24.55,23.16,24.74,24.36,22.74,24.05,24.04,24.69,23.57,26.84,25.27,26.22,27.4,27.84,0.98,1.03,1.13,1.2,1.22,1.44,1.39,1.56,1.7,1.75,1.92,1.78,1.93,1.9,1.74,1.87,1.87,1.93,1.82,2.14,1.99,2.08,2.2,2.24,0,0,0,0,0,0,0,0,0,0,0,0,0,0,0,0,0,0,0,0,0,0,0,0
17463,IND,India,Haryana,Ambala,1356523,5,40,35.24,34.49,37.91,37.99,40.32,43.14,44.39,42.75,46.56,46.46,53.46,47.72,54.83,58.93,49.65,54.48,51.4,56.13,60.13,54.63,55.3,54.01,56.12,58.22,2.96,2.89,3.22,3.23,3.46,3.74,3.86,3.7,4.07,4.06,4.75,4.19,4.88,5.29,4.38,4.85,4.55,5.01,5.4,4.86,4.93,4.8,5.01,5.22,0,0,0,0,0.03,0.31,0.43,0.27,0.64,0.63,1.32,0.76,1.45,1.86,0.95,1.42,1.12,1.58,1.97,1.43,1.5,1.37,1.58,1.79
17464,IND,India,Haryana,Bhiwani,1281849,5,40,42.75,41.3,46.54,49.2,52.55,60.59,55.4,57.56,59.09,64.58,63.02,66.93,73.11,74.21,64.79,65.77,62.99,68.2,66.54,69.98,70.53,82.92,70.69,81.25,3.7,3.56,4.07,4.33,4.66,5.45,4.94,5.15,5.3,5.84,5.69,6.07,6.67,6.78,5.86,5.96,5.68,6.19,6.03,6.37,6.42,7.64,6.44,7.47,0.27,0.13,0.64,0.9,1.23,2.02,1.51,1.72,1.87,2.41,2.26,2.64,3.24,3.35,2.43,2.53,2.25,2.76,2.6,2.94,2.99,4.21,3.01,4.04
17465,IND,India,Haryana,Charkhi Dadri,541560,5,40,42.86,42.83,48.64,53.92,58.32,63.95,58.79,60.28,62.42,65.79,67.01,68.9,77.29,77.93,69.1,70.19,67.08,71.93,71.87,71.71,73.06,87.57,72.66,84.7,3.71,3.71,4.28,4.79,5.22,5.78,5.27,5.42,5.63,5.96,6.08,6.26,7.08,7.15,6.28,6.39,6.08,6.56,6.55,6.54,6.67,8.09,6.63,7.81,0.28,0.28,0.85,1.36,1.79,2.35,1.84,1.99,2.2,2.53,2.65,2.83,3.65,3.72,2.85,2.96,2.65,3.13,3.12,3.11,3.24,4.66,3.2,4.38
17466,IND,India,Haryana,Faridabad,2443079,5,40,68.28,63.59,73.49,82.77,81.24,95.64,84.25,85.97,83.35,90.92,98.26,93.34,113.94,116.08,98,101.85,95.97,95.31,105.5,99.75,101.29,110.08,101.14,115.56,6.2,5.74,6.71,7.62,7.47,8.88,7.77,7.93,7.68,8.42,9.14,8.66,10.68,10.89,9.11,9.49,8.92,8.85,9.85,9.29,9.44,10.3,9.42,10.83,2.77,2.31,3.28,4.19,4.04,5.45,4.34,4.5,4.25,4.99,5.71,5.23,7.25,7.46,5.68,6.06,5.49,5.42,6.42,5.86,6.01,6.87,5.99,7.4
17467,IND,India,Haryana,Fatehabad,1052288,5,40,41.57,39.38,45.05,47.27,51.84,61.11,56.53,61.64,60.46,65.59,62.21,61.87,72.9,71.96,64.75,68.67,63.81,72.24,72.84,69.9,69.92,76.08,75.43,81.65,3.58,3.37,3.92,4.14,4.59,5.5,5.05,5.55,5.44,5.94,5.61,5.57,6.65,6.56,5.86,6.24,5.76,6.59,6.65,6.36,6.36,6.97,6.9,7.51,0.15,0,0.49,0.71,1.16,2.07,1.62,2.12,2.01,2.51,2.18,2.14,3.22,3.13,2.43,2.81,2.33,3.16,3.22,2.93,2.93,3.54,3.47,4.08
17468,IND,India,Haryana,Gurugram,1746628,5,40,67.26,63.19,75.92,78.23,87.32,97.95,88.37,90.6,83.69,92.14,96.43,92.22,111.08,116.4,98.52,100.35,93.83,99.08,109.18,107.15,108.57,119.75,103.75,119.5,6.1,5.7,6.95,7.18,8.07,9.11,8.17,8.39,7.71,8.54,8.96,8.55,10.4,10.92,9.17,9.34,8.71,9.22,10.21,10.01,10.15,11.25,9.68,11.22,2.67,2.27,3.52,3.75,4.64,5.68,4.74,4.96,4.28,5.11,5.53,5.12,6.97,7.49,5.74,5.91,5.28,5.79,6.78,6.58,6.72,7.82,6.25,7.79
17469,IND,India,Haryana,Hisar,1938571,5,40,45.23,43.32,46.78,48.57,50.72,60.72,56.99,60.19,61.44,67.77,64.05,67.32,75.3,76.68,65.89,68.39,65.32,70.81,69.18,71.48,69.51,81.78,76.93,83.57,3.94,3.76,4.09,4.27,4.48,5.46,5.09,5.41,5.53,6.15,5.79,6.11,6.89,7.02,5.97,6.21,5.91,6.45,6.29,6.52,6.32,7.52,7.05,7.7,0.51,0.33,0.66,0.84,1.05,2.03,1.66,1.98,2.1,2.72,2.36,2.68,3.46,3.59,2.54,2.78,2.48,3.02,2.86,3.09,2.89,4.09,3.62,4.27
17470,IND,India,Haryana,Jhajjar,1111303,5,40,58.09,57.61,63.76,74.3,74.84,84.19,76.85,81.32,76.99,84.68,86.87,84.77,101.26,107.02,88.16,90.2,83.79,87.35,91.81,92.46,92.72,107.52,92.7,106.2,5.2,5.16,5.76,6.79,6.84,7.76,7.04,7.48,7.06,7.81,8.02,7.82,9.43,10,8.15,8.35,7.72,8.07,8.51,8.57,8.6,10.05,8.59,9.92,1.77,1.73,2.33,3.36,3.41,4.33,3.61,4.05,3.63,4.38,4.59,4.39,6,6.57,4.72,4.92,4.29,4.64,5.08,5.14,5.17,6.62,5.16,6.49
17471,IND,India,Haryana,Jind,1519442,5,40,42.48,44.23,48.19,53.25,55.46,67.53,63.47,68.42,64.63,71.34,72.56,69.24,83.74,84.62,72.89,75.35,71.85,72.86,78.1,75.62,79.32,85.22,78.71,89.28,3.67,3.84,4.23,4.73,4.95,6.13,5.73,6.22,5.84,6.5,6.62,6.3,7.72,7.8,6.65,6.89,6.55,6.65,7.16,6.92,7.28,7.86,7.22,8.26,0.24,0.41,0.8,1.3,1.52,2.7,2.3,2.79,2.41,3.07,3.19,2.87,4.29,4.37,3.22,3.46,3.12,3.22,3.73,3.49,3.85,4.43,3.79,4.83
17472,IND,India,Haryana,Kaithal,1233024,5,40,41.04,41.8,45.98,49.35,52.23,62.56,59.32,63.7,62.08,66.1,70.64,66.21,78.88,79.21,65.85,71.14,65.83,69.59,75.54,71.71,73.71,74.96,71.75,80.2,3.53,3.61,4.02,4.35,4.63,5.64,5.32,5.75,5.59,5.99,6.43,6,7.24,7.27,5.96,6.48,5.96,6.33,6.91,6.54,6.73,6.86,6.54,7.37,0.1,0.18,0.59,0.92,1.2,2.21,1.89,2.32,2.16,2.56,3,2.57,3.81,3.84,2.53,3.05,2.53,2.9,3.48,3.11,3.3,3.43,3.11,3.94
17473,IND,India,Haryana,Karnal,1665277,5,40,42.23,43.52,47.87,48.56,51.52,62.6,59.7,61.1,62.31,65.92,74.26,67.74,79.87,82.6,61.17,72.72,65.94,71.37,74.1,72.39,76.26,74.17,75.33,80.89,3.65,3.77,4.2,4.27,4.56,5.64,5.36,5.5,5.62,5.97,6.79,6.15,7.34,7.6,5.5,6.64,5.97,6.5,6.77,6.6,6.98,6.78,6.89,7.44,0.22,0.34,0.77,0.84,1.13,2.21,1.93,2.07,2.19,2.54,3.36,2.72,3.91,4.17,2.07,3.21,2.54,3.07,3.34,3.17,3.55,3.35,3.46,4.01
17474,IND,India,Haryana,Kurukshetra,1287013,5,40,37.47,37.09,41.75,42.22,45.59,52.09,51.84,51.38,55.75,56.64,64.89,59.26,68.56,72.67,55.16,63.07,60.07,64.9,71.32,64.74,66.5,63.52,67.3,71.42,3.18,3.15,3.6,3.65,3.98,4.61,4.59,4.55,4.97,5.06,5.87,5.32,6.23,6.63,4.92,5.69,5.4,5.87,6.5,5.85,6.03,5.73,6.11,6.51,0,0,0.17,0.22,0.55,1.18,1.16,1.12,1.54,1.63,2.44,1.89,2.8,3.2,1.49,2.26,1.97,2.44,3.07,2.42,2.6,2.3,2.68,3.08
17475,IND,India,Haryana,Mahendragarh,1045728,5,40,40.3,39.97,45.98,53,56.46,61.73,56.65,58.24,59.2,61.46,60.85,63.41,74.07,71.53,61.84,65.38,62.22,65.91,66.56,63.67,65.54,76.67,65.69,78.1,3.46,3.43,4.02,4.7,5.04,5.56,5.06,5.22,5.31,5.53,5.47,5.72,6.77,6.52,5.57,5.92,5.61,5.97,6.03,5.75,5.93,7.02,5.95,7.16,0.03,0,0.59,1.27,1.61,2.13,1.63,1.79,1.88,2.1,2.04,2.29,3.34,3.09,2.14,2.49,2.18,2.54,2.6,2.32,2.5,3.59,2.52,3.73
17476,IND,India,Haryana,Mewat,1209627,5,40,58.02,53.77,62.69,73.47,72.86,82.87,76.6,78.09,73.88,78.44,84.01,79.85,96.31,98.93,81.59,87.05,80.67,84.09,90.74,87.52,88.05,99.06,91.81,103.72,5.2,4.78,5.65,6.71,6.65,7.63,7.02,7.16,6.75,7.2,7.74,7.34,8.95,9.21,7.51,8.04,7.42,7.75,8.4,8.09,8.14,9.22,8.51,9.67,1.77,1.35,2.22,3.28,3.22,4.2,3.59,3.73,3.32,3.77,4.31,3.91,5.52,5.78,4.08,4.61,3.99,4.32,4.97,4.66,4.71,5.79,5.08,6.24
17477,IND,India,Haryana,Palwal,869785,5,40,66.29,61.84,70.1,77.2,72.9,88.84,82.93,85.04,79.28,85.18,91.46,89.61,101.96,108.68,92.73,93.83,89.75,88.6,96.92,93.29,91.44,99.11,96.3,108.38,6.01,5.57,6.38,7.08,6.65,8.22,7.64,7.84,7.28,7.86,8.47,8.29,9.5,10.16,8.6,8.71,8.31,8.19,9.01,8.65,8.47,9.22,8.95,10.13,2.58,2.14,2.95,3.65,3.22,4.79,4.21,4.41,3.85,4.43,5.04,4.86,6.07,6.73,5.17,5.28,4.88,4.76,5.58,5.22,5.04,5.79,5.52,6.7
17478,IND,India,Haryana,Panchkula,615855,5,40,24.65,24.07,28.58,30.75,30.35,33.97,34.02,33.1,35.66,35.32,39.37,36.17,42.22,43.11,38.89,41.31,39.49,42.85,47.94,42.13,42.8,41.5,42.01,44.36,1.93,1.87,2.31,2.52,2.48,2.84,2.84,2.75,3,2.97,3.37,3.05,3.65,3.74,3.32,3.56,3.38,3.71,4.21,3.64,3.7,3.58,3.63,3.86,0,0,0,0,0,0,0,0,0,0,0,0,0.22,0.31,0,0.13,0,0.28,0.78,0.21,0.27,0.15,0.2,0.43
17479,IND,India,Haryana,Panipat,1349731,5,40,48.35,50.5,57.17,57.36,59.86,73.3,69.82,72.12,70.04,77.12,83.97,79.22,96.37,93.63,74.07,86.27,78.12,78.19,82.14,80.04,87.78,86.34,85.21,95.8,4.25,4.46,5.11,5.13,5.38,6.69,6.35,6.58,6.37,7.07,7.74,7.27,8.95,8.69,6.77,7.96,7.17,7.17,7.56,7.35,8.11,7.97,7.86,8.9,0.82,1.03,1.68,1.7,1.95,3.26,2.92,3.15,2.94,3.64,4.31,3.84,5.52,5.26,3.34,4.53,3.74,3.74,4.13,3.92,4.68,4.54,4.43,5.47
17480,IND,India,Haryana,Rewari,896708,5,40,49.19,49.59,55.41,65.16,67.51,77.4,70.87,72.05,69.31,72.58,75.82,73.61,89.61,91.54,74.36,77.96,72.28,78.98,83.99,80.71,82.3,94.5,79.99,94.54,4.33,4.37,4.94,5.9,6.13,7.09,6.45,6.57,6.3,6.62,6.94,6.72,8.29,8.48,6.8,7.15,6.59,7.25,7.74,7.42,7.58,8.77,7.35,8.77,0.9,0.94,1.51,2.47,2.7,3.66,3.02,3.14,2.87,3.19,3.51,3.29,4.86,5.05,3.37,3.72,3.16,3.82,4.31,3.99,4.15,5.34,3.92,5.34
17481,IND,India,Haryana,Rohtak,1181579,5,40,52.77,53.52,57.07,65.91,67.26,78.49,73.68,77.31,72.15,82.34,84.11,80.87,96.99,103.06,84.71,87.33,81.06,81.07,83.49,85.69,87.07,99.7,90.13,102.69,4.68,4.75,5.1,5.97,6.1,7.2,6.73,7.09,6.58,7.58,7.75,7.44,9.02,9.61,7.81,8.07,7.45,7.45,7.69,7.91,8.04,9.28,8.34,9.57,1.25,1.32,1.67,2.54,2.67,3.77,3.3,3.66,3.15,4.15,4.32,4.01,5.59,6.18,4.38,4.64,4.02,4.02,4.26,4.48,4.61,5.85,4.91,6.14
17482,IND,India,Haryana,Sirsa,1448417,5,40,42.04,40.02,46.55,48.3,50.68,60.22,53.57,56.61,62.55,66.12,56.53,62.91,69.33,67.85,63.83,64.52,64.28,69.01,65.61,69.23,65.41,70.26,68.82,77.03,3.63,3.43,4.07,4.24,4.48,5.41,4.76,5.06,5.64,5.99,5.05,5.68,6.3,6.16,5.77,5.83,5.81,6.27,5.94,6.29,5.92,6.4,6.25,7.06,0.2,0,0.64,0.81,1.05,1.98,1.33,1.63,2.21,2.56,1.62,2.25,2.87,2.73,2.34,2.4,2.38,2.84,2.51,2.86,2.49,2.97,2.82,3.63
17483,IND,India,Haryana,Sonipat,1630727,5,40,58.31,59.29,65.57,71.04,71.83,83.96,80.22,82.31,75.93,87.25,90.66,86.11,105.49,106.92,87.92,95.82,88.31,87.62,91.21,92.29,96.99,102.55,94.52,109.28,5.22,5.32,5.94,6.47,6.55,7.74,7.37,7.58,6.95,8.06,8.4,7.95,9.85,9.99,8.13,8.9,8.16,8.1,8.45,8.55,9.02,9.56,8.77,10.22,1.79,1.89,2.51,3.04,3.12,4.31,3.94,4.15,3.52,4.63,4.97,4.52,6.42,6.56,4.7,5.47,4.73,4.67,5.02,5.12,5.59,6.13,5.34,6.79
17484,IND,India,Haryana,Yamunanagar,1081123,5,40,37.55,37.23,41.41,40.52,42.39,45.84,47.18,46.39,49.49,50.81,58.81,51.44,59.03,64.16,52.72,59.37,56.06,60.24,64.58,57.43,60.55,57.61,60.78,62.7,3.19,3.16,3.57,3.48,3.66,4,4.13,4.06,4.36,4.49,5.27,4.55,5.29,5.8,4.68,5.33,5,5.41,5.84,5.14,5.44,5.16,5.47,5.65,0,0,0.14,0.05,0.23,0.57,0.7,0.63,0.93,1.06,1.84,1.12,1.86,2.37,1.25,1.9,1.57,1.98,2.41,1.71,2.01,1.73,2.04,2.22
17485,IND,India,Himachal Pradesh,Bilaspur,400562,5,40,20.63,19.23,23.68,26.3,26.86,28.79,28.35,27,28.5,27.23,29.42,29.02,30.58,31.84,28.67,29.64,29,32.3,37.13,32.28,32.67,30.63,32.38,32.93,1.53,1.39,1.83,2.09,2.14,2.33,2.29,2.16,2.3,2.18,2.39,2.35,2.51,2.63,2.32,2.41,2.35,2.68,3.15,2.67,2.71,2.51,2.68,2.74,0,0,0,0,0,0,0,0,0,0,0,0,0,0,0,0,0,0,0,0,0,0,0,0
17486,IND,India,Himachal Pradesh,Chamba,550522,5,40,19.35,19.29,23.31,25.37,24.4,23.85,22.53,22.03,23.18,24.37,22.97,20.94,23.07,23.78,22.79,24.38,24.93,25.32,31.25,27.59,26.41,24.17,25.28,28.21,1.41,1.4,1.79,2,1.9,1.85,1.72,1.67,1.78,1.9,1.76,1.56,1.77,1.84,1.74,1.9,1.95,1.99,2.57,2.21,2.1,1.88,1.99,2.27,0,0,0,0,0,0,0,0,0,0,0,0,0,0,0,0,0,0,0,0,0,0,0,0
17487,IND,India,Himachal Pradesh,Hamirpur,486535,5,40,19.28,18.09,21.77,25.03,25.09,26.75,26.22,25.62,26.09,26.1,27.35,27.19,28.37,29.7,27.32,28.51,27.39,30.51,36.34,30.03,30.73,28.56,30.44,31.53,1.4,1.28,1.64,1.96,1.97,2.13,2.08,2.02,2.07,2.07,2.19,2.17,2.29,2.42,2.19,2.3,2.19,2.5,3.07,2.45,2.52,2.31,2.49,2.6,0,0,0,0,0,0,0,0,0,0,0,0,0,0,0,0,0,0,0,0,0,0,0,0
17488,IND,India,Himachal Pradesh,Kangra,1634647,5,40,17.46,16.63,19.9,22.93,21.98,23.25,22.42,22.85,23.5,24.87,25.33,23.63,25.13,26.71,24.53,26.67,25.82,28.43,33.08,27.37,26.88,25.86,27.7,28.89,1.22,1.14,1.46,1.76,1.66,1.79,1.71,1.75,1.81,1.95,1.99,1.83,1.97,2.13,1.91,2.12,2.04,2.3,2.75,2.19,2.14,2.04,2.22,2.34,0,0,0,0,0,0,0,0,0,0,0,0,0,0,0,0,0,0,0,0,0,0,0,0
17489,IND,India,Himachal Pradesh,Kinnaur,90791,5,40,13.72,14.63,21.22,21.22,19.33,21.25,22.11,19.76,19.74,20.02,21.26,19.87,19.77,22.61,23.8,24.42,24.03,25.31,29.08,22.22,22.83,20.05,22.4,26.34,0.85,0.94,1.59,1.59,1.4,1.59,1.68,1.45,1.44,1.47,1.59,1.46,1.45,1.73,1.84,1.9,1.86,1.99,2.36,1.69,1.75,1.47,1.71,2.09,0,0,0,0,0,0,0,0,0,0,0,0,0,0,0,0,0,0,0,0,0,0,0,0
17490,IND,India,Himachal Pradesh,Kullu,485003,5,40,15.34,15.45,21.89,23.43,19.72,22.04,22.16,19.63,20.94,20.23,21.18,19.28,20.36,22.9,21.62,23.98,23.07,24,28.39,23.5,23.48,21.7,22.56,26.06,1.01,1.02,1.65,1.81,1.44,1.67,1.68,1.43,1.56,1.49,1.59,1.4,1.51,1.75,1.63,1.86,1.77,1.86,2.29,1.81,1.81,1.64,1.72,2.06,0,0,0,0,0,0,0,0,0,0,0,0,0,0,0,0,0,0,0,0,0,0,0,0
17491,IND,India,Himachal Pradesh,Lahul & Spiti,33755,5,40,13.01,14.4,19.12,20.19,19.06,19.83,20.68,19.11,18.85,20.01,19.43,20.03,18.74,19.94,20.77,20.75,21.58,21.87,26.62,22.47,22.21,19.88,21.64,23.4,0.78,0.92,1.38,1.49,1.38,1.45,1.54,1.38,1.36,1.47,1.41,1.47,1.35,1.46,1.55,1.54,1.62,1.65,2.12,1.71,1.69,1.46,1.63,1.8,0,0,0,0,0,0,0,0,0,0,0,0,0,0,0,0,0,0,0,0,0,0,0,0
17492,IND,India,Himachal Pradesh,Mandi,1065477,5,40,17.91,17.24,22.01,24.02,22.25,24.38,23.88,20.8,22.69,21.36,23.19,22.17,23.49,24.6,22.92,24.86,24.7,25.99,30.12,25.26,26.02,24.19,25,27.6,1.27,1.2,1.67,1.86,1.69,1.9,1.85,1.55,1.73,1.6,1.78,1.68,1.81,1.92,1.76,1.95,1.93,2.06,2.46,1.99,2.06,1.88,1.96,2.21,0,0,0,0,0,0,0,0,0,0,0,0,0,0,0,0,0,0,0,0,0,0,0,0
17493,IND,India,Himachal Pradesh,Shimla,890325,5,40,20.46,19.64,26.09,27.31,24.42,27.12,25.73,22.79,24.14,22.85,25.62,23.39,25.12,27.01,24.54,26.11,25.88,26.35,29.88,25.3,26.02,24.26,24.84,28.14,1.51,1.43,2.07,2.19,1.9,2.17,2.03,1.74,1.88,1.75,2.02,1.8,1.97,2.16,1.92,2.07,2.05,2.09,2.44,1.99,2.06,1.89,1.94,2.27,0,0,0,0,0,0,0,0,0,0,0,0,0,0,0,0,0,0,0,0,0,0,0,0
17494,IND,India,Himachal Pradesh,Sirmaur,563714,5,40,23.89,22.77,28.76,29.82,29.32,32.58,31.03,27.95,30.99,29.89,34.26,31.46,33.63,35.78,31.33,33.25,32.21,36.16,39.3,34.68,34.85,33.03,33.64,36.25,1.85,1.74,2.33,2.43,2.38,2.7,2.55,2.25,2.55,2.44,2.87,2.59,2.81,3.02,2.58,2.77,2.67,3.05,3.36,2.91,2.93,2.75,2.81,3.06,0,0,0,0,0,0,0,0,0,0,0,0,0,0,0,0,0,0,0,0,0,0,0,0
17495,IND,India,Himachal Pradesh,Solan,643262,5,40,20.28,19.46,24.11,25.94,25.6,28.71,27.62,26.51,28.46,27.78,30.65,28.66,31.93,32.75,29.36,30.16,29.2,32.23,36.98,32.31,32.46,31.25,32.28,34.71,1.5,1.42,1.87,2.05,2.02,2.32,2.22,2.11,2.3,2.23,2.51,2.32,2.64,2.72,2.39,2.47,2.37,2.67,3.13,2.68,2.69,2.57,2.67,2.91,0,0,0,0,0,0,0,0,0,0,0,0,0,0,0,0,0,0,0,0,0,0,0,0
17496,IND,India,Himachal Pradesh,Una,521731,5,40,24.56,23.02,27.59,29.58,30.67,34.12,33.23,33.74,34.35,34.09,36.58,35.93,37.73,40.4,36.98,36.99,35.26,39.65,45,38.88,39.17,36.93,40.12,40.49,1.92,1.77,2.21,2.41,2.52,2.85,2.77,2.82,2.88,2.85,3.09,3.03,3.21,3.47,3.13,3.13,2.97,3.4,3.92,3.32,3.35,3.13,3.44,3.48,0,0,0,0,0,0,0,0,0,0,0,0,0,0.04,0,0,0,0,0.49,0,0,0,0.01,0.05
17497,Z01,India,Jammu and Kashmir,Anantnag,1196575,5,40,22.76,23.89,26.27,29.81,29.55,27.49,26.5,24.87,28.7,34.64,28.25,26.19,29.67,32.24,26.46,27.28,28.3,29.68,41.89,31.11,28.14,29.57,27.47,31.81,1.74,1.85,2.08,2.43,2.41,2.2,2.11,1.95,2.32,2.9,2.28,2.08,2.42,2.67,2.1,2.18,2.28,2.42,3.62,2.56,2.27,2.41,2.2,2.63,0,0,0,0,0,0,0,0,0,0,0,0,0,0,0,0,0,0,0.19,0,0,0,0,0
17498,Z01,India,Jammu and Kashmir,Badgam,615774,5,40,25.93,26.66,28.92,33.7,32.91,31.61,30.66,28.98,33.64,38.12,32.34,30.24,33.7,36.71,31.15,32.18,33.19,33.62,49.82,35.79,32.6,34.52,33.31,40.38,2.05,2.12,2.34,2.81,2.74,2.61,2.52,2.35,2.81,3.25,2.68,2.47,2.81,3.11,2.56,2.66,2.76,2.8,4.39,3.02,2.71,2.89,2.77,3.47,0,0,0,0,0,0,0,0,0,0,0,0,0,0,0,0,0,0,0.96,0,0,0,0,0.04
17499,Z01,India,Jammu and Kashmir,Bandipore,315381,5,40,23.97,23.47,24.15,29.63,27.61,28.03,25.39,24.75,28.2,32.56,27.44,26.03,29.95,30.03,26.28,27.16,27.93,28.1,41.65,29.9,27.07,29.66,27.47,31.69,1.86,1.81,1.88,2.41,2.22,2.26,2,1.94,2.27,2.7,2.2,2.06,2.44,2.45,2.09,2.17,2.25,2.26,3.59,2.44,2.16,2.42,2.2,2.62,0,0,0,0,0,0,0,0,0,0,0,0,0,0,0,0,0,0,0.16,0,0,0,0,0
17500,Z01,India,Jammu and Kashmir,Baramulla,1024643,5,40,28.22,27.83,29.5,35.19,33.28,32.99,30.77,29.44,33.66,36.78,32.17,30.31,33.45,34.69,30.9,32.11,32.01,33.17,48.22,35.87,31.9,34.85,33.12,38.86,2.28,2.24,2.4,2.96,2.77,2.74,2.53,2.4,2.81,3.11,2.66,2.48,2.79,2.91,2.54,2.66,2.65,2.76,4.24,3.03,2.64,2.93,2.76,3.32,0,0,0,0,0,0,0,0,0,0,0,0,0,0,0,0,0,0,0.81,0,0,0,0,0
17501,Z01,India,Jammu and Kashmir,Doda,506963,5,40,22.02,22.45,24.57,27.38,26.58,24.81,23.19,23.49,24.07,29.26,25.29,22.44,25.69,26.34,24.54,25.62,25.85,26.11,33.2,29.76,27.49,25.15,24.82,28.41,1.67,1.71,1.92,2.19,2.11,1.94,1.78,1.81,1.87,2.38,1.99,1.71,2.03,2.09,1.91,2.02,2.04,2.07,2.76,2.43,2.2,1.97,1.94,2.29,0,0,0,0,0,0,0,0,0,0,0,0,0,0,0,0,0,0,0,0,0,0,0,0
17502,Z01,India,Jammu and Kashmir,Ganderbal,629371,5,40,21.85,21.86,23.21,28.03,27.01,26.66,24.62,23.58,26.99,31.83,26.26,24.93,28.86,29.67,25.41,26.48,27.73,27.78,40.87,29.06,26.45,28.36,26.52,31.35,1.65,1.65,1.78,2.26,2.16,2.12,1.92,1.82,2.15,2.63,2.08,1.95,2.34,2.42,2,2.11,2.23,2.23,3.52,2.36,2.1,2.29,2.11,2.58,0,0,0,0,0,0,0,0,0,0,0,0,0,0,0,0,0,0,0.09,0,0,0,0,0
17503,Z01,India,Jammu and Kashmir,Jammu,1649970,5,40,27.91,27.44,30.1,33.47,32.47,32.81,30.94,33.7,33.88,38.39,39.37,36.79,39.39,39.55,38.19,37.09,40.35,42.68,49.35,40.38,38.14,37.48,40.39,43.16,2.24,2.2,2.46,2.79,2.69,2.73,2.54,2.81,2.83,3.27,3.37,3.12,3.37,3.39,3.25,3.14,3.46,3.69,4.35,3.47,3.25,3.18,3.47,3.74,0,0,0,0,0,0,0,0,0,0,0,0,0,0,0,0,0.03,0.26,0.92,0.04,0,0,0.04,0.31
17504,Z01,India,Jammu and Kashmir,Kathua,779872,5,40,21.87,20.3,24.44,28.04,26.14,27.22,26.16,28.78,28.53,31.65,32.74,29.71,31.57,33.2,31.38,32.05,33.54,35.05,39.39,32.82,32.01,29.99,33.28,34.48,1.65,1.5,1.91,2.26,2.07,2.18,2.07,2.33,2.31,2.61,2.72,2.42,2.6,2.76,2.59,2.65,2.8,2.94,3.37,2.73,2.65,2.45,2.77,2.89,0,0,0,0,0,0,0,0,0,0,0,0,0,0,0,0,0,0,0,0,0,0,0,0
17505,Z01,India,Jammu and Kashmir,Kishtwar,252274,5,40,19.31,19.8,22.35,24.72,23.73,22.48,21.72,21.96,22.96,28.14,22.57,20.86,24.12,25.11,22.48,23.85,23.54,24.85,32.25,26.27,24.42,23.78,23.45,26.39,1.4,1.45,1.7,1.93,1.84,1.71,1.64,1.66,1.76,2.27,1.72,1.55,1.87,1.97,1.71,1.85,1.82,1.95,2.67,2.08,1.9,1.84,1.81,2.1,0,0,0,0,0,0,0,0,0,0,0,0,0,0,0,0,0,0,0,0,0,0,0,0
17506,Z01,India,Jammu and Kashmir,Kulgam,528649,5,40,23.89,25.38,27.82,31.46,31.35,28.77,27.83,26.19,30.17,36.32,29.69,27.71,31.27,33.99,28.19,28.79,30.22,30.5,44.01,33.12,29.65,30.59,28.81,34.12,1.85,2,2.24,2.59,2.58,2.33,2.24,2.08,2.47,3.07,2.42,2.23,2.57,2.84,2.27,2.33,2.47,2.5,3.82,2.76,2.42,2.51,2.33,2.85,0,0,0,0,0,0,0,0,0,0,0,0,0,0,0,0,0,0,0.39,0,0,0,0,0
17507,Z01,India,Jammu and Kashmir,Kupwara,994846,5,40,27.83,26.68,27.69,33.53,30.67,31.36,28.27,27.34,31.23,33.79,30.23,28.16,31.55,31.38,28.55,29.63,28.97,30.13,43.24,32.9,29.08,31.74,30.09,33.93,2.24,2.12,2.22,2.8,2.52,2.58,2.28,2.19,2.57,2.82,2.47,2.27,2.6,2.59,2.31,2.41,2.35,2.46,3.75,2.73,2.36,2.62,2.46,2.84,0,0,0,0,0,0,0,0,0,0,0,0,0,0,0,0,0,0,0.32,0,0,0,0,0
17508,Z01,India,Jammu and Kashmir,Poonch,534439,5,40,28.25,27.81,31.12,35.75,33.71,33.31,30.89,29.78,32.35,35.56,32.17,31.35,34.9,34.38,32.15,31.21,31.86,33.56,43.23,35.7,32.36,32.46,32.45,36.42,2.28,2.23,2.56,3.01,2.81,2.77,2.54,2.43,2.68,2.99,2.66,2.58,2.93,2.88,2.66,2.57,2.63,2.8,3.75,3.01,2.68,2.69,2.69,3.08,0,0,0,0,0,0,0,0,0,0,0,0,0,0,0,0,0,0,0.32,0,0,0,0,0
17509,Z01,India,Jammu and Kashmir,Pulwama,706919,5,40,24.9,25.27,27.65,32.06,31.24,29.74,28.55,26.6,31.38,36.52,29.9,27.81,31.84,34.79,28.83,30.43,31.2,32.25,48.15,32.93,30.03,32.45,29.91,36.77,1.95,1.99,2.22,2.65,2.57,2.42,2.31,2.12,2.59,3.09,2.44,2.24,2.63,2.92,2.34,2.49,2.57,2.67,4.23,2.74,2.45,2.69,2.44,3.11,0,0,0,0,0,0,0,0,0,0,0,0,0,0,0,0,0,0,0.8,0,0,0,0,0
17510,Z01,India,Jammu and Kashmir,Rajouri,751728,5,40,22.66,23.78,26.98,31.51,29.62,28.57,27.1,26.77,27.41,31.33,31.41,29.21,31.33,30.61,30.83,28.91,30.23,32.09,38.47,32.41,29.84,28.24,28.56,30.99,1.73,1.84,2.15,2.6,2.41,2.31,2.17,2.13,2.2,2.58,2.59,2.37,2.58,2.51,2.53,2.34,2.47,2.65,3.28,2.69,2.43,2.28,2.31,2.55,0,0,0,0,0,0,0,0,0,0,0,0,0,0,0,0,0,0,0,0,0,0,0,0
17511,Z01,India,Jammu and Kashmir,Ramban,274847,5,40,21.64,22.27,25.47,28.27,28.26,24.6,23.35,23.18,24.53,31.13,26.85,23.65,26.4,28.05,25.45,25.35,26.55,27.07,35.01,30.6,27.18,25.39,24.91,27.92,1.63,1.69,2.01,2.28,2.28,1.92,1.8,1.78,1.91,2.56,2.14,1.83,2.1,2.26,2,1.99,2.11,2.16,2.94,2.51,2.17,2,1.95,2.25,0,0,0,0,0,0,0,0,0,0,0,0,0,0,0,0,0,0,0,0,0,0,0,0
17512,Z01,India,Jammu and Kashmir,Reasi,324639,5,40,22.47,23.4,26.66,30.28,29.45,26.98,25.81,26.13,26.61,31.7,30.06,27.53,29.02,30.47,29.01,27.54,29.98,31.52,39.19,32.95,29.92,28.69,28.19,30.8,1.71,1.8,2.12,2.48,2.4,2.15,2.04,2.07,2.12,2.62,2.46,2.21,2.35,2.5,2.35,2.21,2.45,2.6,3.35,2.74,2.44,2.32,2.27,2.53,0,0,0,0,0,0,0,0,0,0,0,0,0,0,0,0,0,0,0,0,0,0,0,0
17513,Z01,India,Jammu and Kashmir,Samba,419296,5,40,26.1,24.35,28.03,32.02,30.27,30.49,29.67,31.63,32.55,37.1,38.56,35.54,38.02,38.28,36.76,36.15,39.74,41.02,46.27,38.45,36.51,35.13,38.32,40.09,2.07,1.9,2.26,2.65,2.48,2.5,2.42,2.61,2.7,3.15,3.29,2.99,3.24,3.26,3.11,3.05,3.4,3.53,4.04,3.28,3.09,2.95,3.27,3.44,0,0,0,0,0,0,0,0,0,0,0,0,0,0,0,0,0,0.1,0.61,0,0,0,0,0.01
17514,Z01,India,Jammu and Kashmir,Shupiyan,482914,5,40,23.55,24.77,27.41,31.46,31.09,29.04,28.32,26.31,30.51,36.18,29.8,28,31.67,33.75,28.41,29.19,30.71,30.23,44.66,33.08,30.01,30.51,29.26,35.54,1.82,1.94,2.2,2.59,2.56,2.36,2.29,2.09,2.5,3.06,2.43,2.25,2.61,2.82,2.29,2.37,2.52,2.47,3.89,2.75,2.45,2.5,2.38,2.99,0,0,0,0,0,0,0,0,0,0,0,0,0,0,0,0,0,0,0.46,0,0,0,0,0
17515,Z01,India,Jammu and Kashmir,Srinagar,1433953,5,40,27.21,27.25,28.9,34.13,32.96,32.08,30.06,29.09,34.52,39.4,32.71,30.58,34.48,37.26,31.7,32.94,33.96,35.03,52.38,35.69,32.5,35.53,33.29,40.23,2.18,2.18,2.34,2.85,2.74,2.65,2.46,2.36,2.89,3.37,2.72,2.51,2.89,3.16,2.62,2.74,2.84,2.94,4.64,3.01,2.69,2.99,2.77,3.45,0,0,0,0,0,0,0,0,0,0,0,0,0,0,0,0,0,0,1.21,0,0,0,0,0.02
17516,Z01,India,Jammu and Kashmir,Udhampur,656837,5,40,21.48,21.56,25.44,28.95,27.78,25.59,24.39,25.34,24.87,29.89,28.47,26.09,26.67,28.71,27.4,26.41,28.97,30.37,37.54,32.03,29.7,27.56,27.54,30.55,1.61,1.62,2,2.35,2.23,2.02,1.9,1.99,1.95,2.44,2.3,2.07,2.12,2.32,2.2,2.1,2.35,2.49,3.19,2.65,2.42,2.21,2.21,2.5,0,0,0,0,0,0,0,0,0,0,0,0,0,0,0,0,0,0,0,0,0,0,0,0
17517,IND,India,Jharkhand,Bokaro,2395637,5,40,42.31,42.68,44.78,49.66,51.04,52.56,53.15,50.89,55.33,59.05,66.38,62.61,58.32,70.74,66,72.23,66.44,66.93,71.06,64.61,62.21,68.58,74.48,76.78,3.66,3.69,3.9,4.38,4.51,4.66,4.72,4.5,4.93,5.3,6.01,5.65,5.22,6.44,5.98,6.59,6.02,6.07,6.47,5.84,5.61,6.23,6.81,7.03,0.23,0.26,0.47,0.95,1.08,1.23,1.29,1.07,1.5,1.87,2.58,2.22,1.79,3.01,2.55,3.16,2.59,2.64,3.04,2.41,2.18,2.8,3.38,3.6
17518,IND,India,Jharkhand,Chatra,1170688,5,40,28.21,29.42,31.3,37.4,37.47,41.44,39.92,36.95,39.91,43.95,51.14,44.7,43.32,56.21,49.5,52.47,47.95,47.42,54.44,46.06,45.1,55.23,56.05,55,2.27,2.39,2.58,3.18,3.18,3.57,3.42,3.13,3.42,3.82,4.52,3.89,3.76,5.02,4.36,4.65,4.21,4.16,4.85,4.02,3.93,4.92,5,4.9,0,0,0,0,0,0.14,0,0,0,0.39,1.09,0.46,0.33,1.59,0.93,1.22,0.78,0.73,1.42,0.59,0.5,1.49,1.57,1.47
17519,IND,India,Jharkhand,Deoghar,1692622,5,40,34.8,35.9,38.39,44.08,42.9,40.05,44.4,40.63,48.82,47.31,54.88,53.7,44.54,60.76,49.13,58.83,48.9,55.69,54.52,52.66,52.46,55.59,58.85,60.48,2.92,3.03,3.27,3.83,3.71,3.43,3.86,3.49,4.29,4.15,4.89,4.77,3.88,5.46,4.32,5.28,4.3,4.97,4.85,4.67,4.65,4.96,5.28,5.44,0,0,0,0.4,0.28,0,0.43,0.06,0.86,0.72,1.46,1.34,0.45,2.03,0.89,1.85,0.87,1.54,1.42,1.24,1.22,1.53,1.85,2.01
17520,IND,India,Jharkhand,Dhanbad,3031911,5,40,40.71,40.75,43.2,48.9,51.34,52.01,55.01,51.68,57.78,60.98,68.23,66.19,58.98,72.51,65.6,72.7,67.74,67.5,70.86,68.51,65.24,69.1,75.95,78.24,3.5,3.5,3.74,4.3,4.54,4.61,4.9,4.57,5.17,5.49,6.2,6,5.29,6.62,5.94,6.63,6.15,6.13,6.45,6.22,5.9,6.28,6.95,7.18,0.07,0.07,0.31,0.87,1.11,1.18,1.47,1.14,1.74,2.06,2.77,2.57,1.86,3.19,2.51,3.2,2.72,2.7,3.02,2.79,2.47,2.85,3.52,3.75
17521,IND,India,Jharkhand,Dumka,1526726,5,40,31.88,33.47,36.79,42.13,40.54,37.71,42.91,40.57,48.91,45.74,51.77,54.43,43.51,58.65,47.77,54.34,46.6,54.95,52.17,51.51,52.55,52.49,57.54,58.3,2.63,2.79,3.11,3.64,3.48,3.21,3.72,3.49,4.3,3.99,4.58,4.84,3.77,5.26,4.19,4.84,4.08,4.89,4.62,4.56,4.66,4.65,5.15,5.22,0,0,0,0.21,0.05,0,0.29,0.06,0.87,0.56,1.15,1.41,0.34,1.83,0.76,1.41,0.65,1.46,1.19,1.13,1.23,1.22,1.72,1.79
17522,IND,India,Jharkhand,Garhwa,1501173,5,40,27.86,29.99,30.2,35.09,33.25,36.17,36.31,33.35,36.33,39.75,45.39,40.79,40.46,47.81,43.4,46.54,42.55,41.73,45.24,40.88,39.4,46.19,47.2,49.66,2.24,2.45,2.47,2.95,2.77,3.05,3.07,2.78,3.07,3.41,3.96,3.51,3.47,4.2,3.76,4.07,3.68,3.6,3.94,3.52,3.37,4.04,4.14,4.38,0,0,0,0,0,0,0,0,0,0,0.53,0.08,0.04,0.77,0.33,0.64,0.25,0.17,0.51,0.09,0,0.61,0.71,0.95
17523,IND,India,Jharkhand,Giridih,2759940,5,40,35.69,35.34,37.62,43.38,43.3,43.93,45.18,41.68,46.38,49.38,55.23,51.42,46.19,62.26,51.97,60.23,51.61,54.58,59.94,54.11,52.34,58.65,62.2,62.12,3.01,2.97,3.2,3.76,3.75,3.82,3.94,3.59,4.06,4.35,4.92,4.55,4.04,5.61,4.6,5.41,4.57,4.86,5.38,4.81,4.64,5.26,5.61,5.6,0,0,0,0.33,0.32,0.39,0.51,0.16,0.63,0.92,1.49,1.12,0.61,2.18,1.17,1.98,1.14,1.43,1.95,1.38,1.21,1.83,2.18,2.17
17524,IND,India,Jharkhand,Godda,1490512,5,40,39,40.3,42.32,48.92,45.89,46.28,48.6,45.92,56.5,51.01,57.83,61.08,50.7,65.41,59.56,64.49,57.56,61.78,60.24,59.39,63.36,62.22,67.11,67,3.33,3.46,3.66,4.3,4.01,4.05,4.27,4.01,5.05,4.51,5.18,5.5,4.48,5.92,5.35,5.83,5.15,5.56,5.41,5.33,5.72,5.61,6.09,6.08,0,0.03,0.23,0.87,0.58,0.62,0.84,0.58,1.62,1.08,1.75,2.07,1.05,2.49,1.92,2.4,1.72,2.13,1.98,1.9,2.29,2.18,2.66,2.65
17525,IND,India,Jharkhand,Gumla,1164751,5,40,24.18,25.11,25.8,34.72,35.24,39.41,37.6,37.53,37.62,43.18,46.78,43.41,40.89,50.95,46.5,50.6,45.32,44.42,47.33,42.87,40.12,48.76,51.74,51.69,1.88,1.97,2.04,2.91,2.96,3.37,3.19,3.19,3.2,3.74,4.09,3.76,3.52,4.5,4.07,4.47,3.95,3.86,4.15,3.71,3.44,4.29,4.58,4.58,0,0,0,0,0,0,0,0,0,0.31,0.66,0.33,0.09,1.07,0.64,1.04,0.52,0.43,0.72,0.28,0.01,0.86,1.15,1.15
17526,IND,India,Jharkhand,Hazaribagh,2325639,5,40,29.3,29.39,32.78,39.8,40.45,44.43,43.03,40.19,43.95,47.44,54.14,48.53,46.56,60.41,53.08,58.44,51.98,52.67,58.78,50.78,49.1,58.16,60.13,59.36,2.38,2.39,2.72,3.41,3.47,3.86,3.73,3.45,3.82,4.16,4.82,4.27,4.07,5.43,4.71,5.24,4.6,4.67,5.27,4.49,4.32,5.21,5.4,5.33,0,0,0,0,0.04,0.43,0.3,0.02,0.39,0.73,1.39,0.84,0.64,2,1.28,1.81,1.17,1.24,1.84,1.06,0.89,1.78,1.97,1.9
17527,IND,India,Jharkhand,Jamtara,888658,5,40,35.66,36.19,39.72,44.37,45.61,42.68,48.21,45.66,52.19,52.15,61.41,59.8,49.3,63.83,55.08,63.03,57.2,61.18,60.04,60.26,57.12,58.86,65.65,68.19,3,3.06,3.4,3.86,3.98,3.69,4.23,3.98,4.63,4.62,5.53,5.37,4.34,5.77,4.91,5.69,5.12,5.51,5.39,5.42,5.11,5.28,5.94,6.19,0,0,0,0.43,0.55,0.26,0.8,0.55,1.2,1.19,2.1,1.94,0.91,2.34,1.48,2.26,1.69,2.08,1.96,1.99,1.68,1.85,2.51,2.76
17528,IND,India,Jharkhand,Khunti,615993,5,40,29.14,29.1,30.72,38.92,41.59,45.97,44.6,43.65,45.66,50.1,55.81,51.28,49.75,61.2,56.12,60.03,53.54,52.93,57.18,53.11,47.83,58.29,61.79,63.16,2.37,2.36,2.52,3.32,3.59,4.02,3.88,3.79,3.98,4.42,4.98,4.54,4.39,5.51,5.01,5.39,4.76,4.7,5.11,4.72,4.2,5.22,5.57,5.7,0,0,0,0,0.16,0.59,0.45,0.36,0.55,0.99,1.55,1.11,0.96,2.08,1.58,1.96,1.33,1.27,1.68,1.29,0.77,1.79,2.14,2.27
17529,IND,India,Jharkhand,Kodarma,479641,5,40,33.1,32.81,36.21,43.54,43.23,46.66,46.22,41.82,46.58,49.4,56.71,50.84,48.7,62.74,53.14,59.27,53.12,53.92,61.16,53.3,53.05,60.59,63.12,59.76,2.75,2.73,3.06,3.78,3.75,4.08,4.04,3.61,4.08,4.35,5.07,4.49,4.28,5.66,4.72,5.32,4.72,4.79,5.5,4.73,4.71,5.45,5.7,5.37,0,0,0,0.35,0.32,0.65,0.61,0.18,0.65,0.92,1.64,1.06,0.85,2.23,1.29,1.89,1.29,1.36,2.07,1.3,1.28,2.02,2.27,1.94
17530,IND,India,Jharkhand,Latehar,832653,5,40,24.66,26.54,27.67,34.52,34.49,38.27,36.75,34.82,37.38,40.88,46.76,41.35,39.92,50.25,45.66,48.07,44.02,43.22,47.31,41.96,39.75,49.21,49.32,49.88,1.93,2.11,2.22,2.89,2.89,3.26,3.11,2.92,3.17,3.52,4.09,3.56,3.42,4.43,3.98,4.22,3.82,3.75,4.15,3.62,3.41,4.33,4.34,4.4,0,0,0,0,0,0,0,0,0,0.09,0.66,0.13,0,1,0.55,0.79,0.39,0.32,0.72,0.19,0,0.9,0.91,0.97
17531,IND,India,Jharkhand,Lohardaga,522373,5,40,24.07,25.05,26.98,36.31,36.71,41.51,38.84,38.07,38.7,43.15,48.96,43.99,42.26,53.89,48.36,52.11,45.92,45.59,48.96,43.08,40.9,51.39,52.14,51.65,1.87,1.96,2.15,3.07,3.11,3.58,3.32,3.24,3.3,3.74,4.31,3.82,3.65,4.79,4.25,4.62,4.01,3.98,4.31,3.73,3.52,4.55,4.62,4.57,0,0,0,0,0,0.15,0,0,0,0.31,0.88,0.39,0.22,1.36,0.82,1.19,0.58,0.55,0.88,0.3,0.09,1.12,1.19,1.14
17532,IND,India,Jharkhand,Pakur,997908,5,40,33.93,36.02,39.61,43.93,42.5,41.23,44.48,43.28,51.79,47.11,55.05,56.85,47.55,61.48,54.62,57.37,51.67,58.46,55.91,56.99,60.02,57.65,62.47,61.77,2.84,3.04,3.39,3.82,3.67,3.55,3.87,3.75,4.59,4.13,4.9,5.08,4.17,5.53,4.86,5.13,4.57,5.24,4.99,5.09,5.39,5.16,5.63,5.56,0,0,0,0.39,0.24,0.12,0.44,0.32,1.16,0.7,1.47,1.65,0.74,2.1,1.43,1.7,1.14,1.81,1.56,1.66,1.96,1.73,2.2,2.13
17533,IND,India,Jharkhand,Palamu,2201776,5,40,30.88,33.21,32.98,37.68,35.64,38.61,38.17,35.01,38.4,42.01,48.62,42.53,42.3,51.44,46.63,48.85,44.96,43.55,49,43.2,41.62,50.05,51.33,52.97,2.54,2.76,2.74,3.2,3,3.29,3.25,2.94,3.27,3.63,4.28,3.68,3.66,4.55,4.08,4.3,3.92,3.78,4.31,3.74,3.59,4.41,4.54,4.7,0,0,0,0,0,0,0,0,0,0.2,0.85,0.25,0.23,1.12,0.65,0.87,0.49,0.35,0.88,0.31,0.16,0.98,1.11,1.27
17534,IND,India,Jharkhand,Pashchimi Singhbhum,1700885,5,40,31.78,34.84,33.71,40.81,42.48,45.03,46.72,45.88,49.31,52.15,59.29,54.37,52.33,62.08,58.04,61.91,57.35,58.07,61.34,59.12,54.15,59.99,62.93,67.86,2.62,2.92,2.81,3.51,3.67,3.92,4.09,4.01,4.34,4.62,5.32,4.84,4.64,5.59,5.2,5.58,5.13,5.2,5.52,5.3,4.82,5.39,5.68,6.16,0,0,0,0.08,0.24,0.49,0.66,0.58,0.91,1.19,1.89,1.41,1.21,2.16,1.77,2.15,1.7,1.77,2.09,1.87,1.39,1.96,2.25,2.73
17535,IND,India,Jharkhand,Purbi Singhbhum,2635476,5,40,32.66,35.17,37.65,43.13,43.95,44.77,47.87,46.62,51.59,54.62,61.59,57.69,55.99,65.9,60.34,64.76,63.62,64.28,65.41,64.57,61.59,65.4,68.13,74.13,2.71,2.96,3.2,3.74,3.82,3.9,4.2,4.08,4.57,4.86,5.55,5.16,5,5.97,5.42,5.86,5.75,5.81,5.92,5.84,5.55,5.92,6.19,6.77,0,0,0,0.31,0.39,0.47,0.77,0.65,1.14,1.43,2.12,1.73,1.57,2.54,1.99,2.43,2.32,2.38,2.49,2.41,2.12,2.49,2.76,3.34
17536,IND,India,Jharkhand,Ramgarh,1068341,5,40,39.04,40.22,41.8,47.76,48.68,52.29,50.59,49.43,52.58,56.14,64.44,57.23,55.9,68.79,65.09,70.61,62.77,62.82,67.06,60.86,56.71,67.58,72.03,72.12,3.34,3.45,3.61,4.19,4.28,4.63,4.47,4.35,4.66,5.01,5.83,5.12,4.99,6.25,5.89,6.43,5.66,5.67,6.08,5.47,5.07,6.13,6.57,6.58,0,0.02,0.18,0.76,0.85,1.2,1.04,0.92,1.23,1.58,2.4,1.69,1.56,2.82,2.46,3,2.23,2.24,2.65,2.04,1.64,2.7,3.14,3.15
17537,IND,India,Jharkhand,Ranchi,3274251,5,40,27.74,28.79,31.6,38.64,40.03,44.6,42.92,41.19,44.9,47.77,55.18,49.95,49.8,60.92,55.5,59.9,52.6,53.5,56.31,51.42,48.32,58.3,60.04,62,2.23,2.33,2.61,3.3,3.43,3.88,3.72,3.55,3.91,4.19,4.92,4.4,4.39,5.48,4.95,5.38,4.66,4.75,5.03,4.55,4.25,5.22,5.39,5.59,0,0,0,0,0,0.45,0.29,0.12,0.48,0.76,1.49,0.97,0.96,2.05,1.52,1.95,1.23,1.32,1.6,1.12,0.82,1.79,1.96,2.16
17538,IND,India,Jharkhand,Sahibganj,1331999,5,40,39.28,39.55,42.09,47.37,44.43,45.96,46.49,46.02,56.05,50.25,57.58,61.57,51.43,65.5,63.76,62.46,58.69,63.43,58.46,61.08,64.52,60.81,68.86,66.05,3.36,3.39,3.63,4.15,3.86,4.01,4.07,4.02,5,4.43,5.15,5.54,4.55,5.93,5.76,5.63,5.26,5.73,5.24,5.5,5.83,5.47,6.26,5.98,0,0,0.2,0.72,0.43,0.58,0.64,0.59,1.57,1,1.72,2.11,1.12,2.5,2.33,2.2,1.83,2.3,1.81,2.07,2.4,2.04,2.83,2.55
17539,IND,India,Jharkhand,Saraikela-kharsawan,1182937,5,40,31.91,34.43,36.86,41.55,42.74,44.89,47.5,45.57,50.14,53.31,61.07,56.63,55.04,65.1,59.58,64.93,60.95,61.55,63.75,61.75,57.25,63.12,65.83,71.73,2.64,2.88,3.12,3.58,3.7,3.91,4.17,3.98,4.42,4.73,5.5,5.06,4.9,5.89,5.35,5.87,5.48,5.54,5.76,5.56,5.12,5.7,5.96,6.54,0,0,0,0.15,0.27,0.48,0.74,0.55,0.99,1.3,2.07,1.63,1.47,2.46,1.92,2.44,2.05,2.11,2.33,2.13,1.69,2.27,2.53,3.11
17540,IND,India,Jharkhand,Simdega,682501,5,40,27.89,29.59,28.3,35.72,36.27,39.39,39.46,39.62,39.83,45.01,48.18,46.32,42.84,52.14,47.97,53.41,48.82,48.16,50.28,47.51,44.96,50.84,53.97,56.25,2.24,2.41,2.28,3.01,3.06,3.37,3.38,3.39,3.41,3.92,4.23,4.05,3.71,4.62,4.21,4.74,4.29,4.23,4.44,4.17,3.92,4.49,4.8,5.02,0,0,0,0,0,0,0,0,0,0.49,0.8,0.62,0.28,1.19,0.78,1.31,0.86,0.8,1.01,0.74,0.49,1.06,1.37,1.59
17541,IND,India,Karnataka,Bagalkot,2067768,5,40,15.24,16.19,18.35,19.51,20.78,21.91,21.26,24.32,24.55,27.45,26.03,28.7,29.25,29.03,26.5,25.16,29.57,27.11,26.58,28.89,28.88,25.59,29.71,30.68,1,1.1,1.31,1.42,1.55,1.66,1.59,1.89,1.92,2.2,2.06,2.32,2.38,2.36,2.11,1.98,2.41,2.17,2.11,2.34,2.34,2.02,2.42,2.52,0,0,0,0,0,0,0,0,0,0,0,0,0,0,0,0,0,0,0,0,0,0,0,0
17542,IND,India,Karnataka,Ballari,2669325,5,40,17.13,17.52,18.02,20.07,21.75,23.16,22.51,26.8,25.99,27.26,25.84,29.87,30.03,28.45,26.92,26.37,29.63,26.73,26.04,29.14,28.35,26.8,29.19,30.1,1.19,1.23,1.28,1.48,1.64,1.78,1.72,2.14,2.06,2.18,2.04,2.44,2.45,2.3,2.15,2.09,2.41,2.13,2.06,2.37,2.29,2.14,2.37,2.46,0,0,0,0,0,0,0,0,0,0,0,0,0,0,0,0,0,0,0,0,0,0,0,0
17543,IND,India,Karnataka,Bangalore,10472435,5,40,19.87,20.48,21.46,27.33,27.54,28.14,31.81,33.78,33.2,33.84,34.69,35.02,36.16,36.51,34.72,34.33,36.41,34.73,35.18,38.82,37.5,32.92,36.97,38.94,1.46,1.52,1.61,2.19,2.21,2.27,2.63,2.82,2.76,2.83,2.91,2.94,3.05,3.09,2.91,2.87,3.08,2.91,2.96,3.31,3.19,2.74,3.13,3.33,0,0,0,0,0,0,0,0,0,0,0,0,0,0,0,0,0,0,0,0,0,0,0,0
17544,IND,India,Karnataka,Bangalore Rural,1117638,5,40,16.2,16.85,17.86,23.28,23.62,24.26,26.97,28.18,26.44,27.88,27.65,28.31,29.06,28.92,28.1,27.23,28.78,26.65,26.3,29.7,28.87,24.88,25.77,26.49,1.1,1.16,1.26,1.79,1.82,1.89,2.15,2.27,2.1,2.24,2.22,2.28,2.36,2.34,2.26,2.18,2.33,2.12,2.09,2.42,2.34,1.95,2.04,2.11,0,0,0,0,0,0,0,0,0,0,0,0,0,0,0,0,0,0,0,0,0,0,0,0
17545,IND,India,Karnataka,Belgaum,5208902,5,40,14.53,15.09,18.03,18.58,21.02,22.01,21.36,24.61,24.13,27.52,26.41,28.73,28.02,28.42,25.97,24.31,29,26.64,26.65,28.45,28.8,25.33,29.73,30.22,0.93,0.99,1.28,1.33,1.57,1.67,1.6,1.92,1.87,2.21,2.1,2.33,2.26,2.29,2.06,1.89,2.35,2.12,2.12,2.3,2.33,1.99,2.42,2.47,0,0,0,0,0,0,0,0,0,0,0,0,0,0,0,0,0,0,0,0,0,0,0,0
17546,IND,India,Karnataka,Bidar,1854297,5,40,15.45,15.32,20.06,21.79,22.14,23.82,24,26.28,27.68,28.95,29.12,30.12,29.24,29.81,27.01,28.21,30.59,26.97,29.24,29.62,28.89,27.94,27.96,31.78,1.02,1.01,1.48,1.65,1.68,1.84,1.86,2.09,2.22,2.35,2.36,2.46,2.38,2.43,2.16,2.27,2.51,2.15,2.38,2.41,2.34,2.25,2.25,2.62,0,0,0,0,0,0,0,0,0,0,0,0,0,0,0,0,0,0,0,0,0,0,0,0
17547,IND,India,Karnataka,Chamrajnagar,1118120,5,40,13.6,14.65,16.72,20.59,21.47,21.09,23.74,23.18,24.51,24.4,25.33,24.46,26.2,26.49,24.61,22.72,25.5,24.13,23.27,25.31,24.96,21.88,23.2,26.84,0.84,0.95,1.15,1.53,1.61,1.58,1.84,1.78,1.91,1.9,1.99,1.91,2.08,2.11,1.92,1.74,2.01,1.88,1.79,1.99,1.96,1.65,1.78,2.14,0,0,0,0,0,0,0,0,0,0,0,0,0,0,0,0,0,0,0,0,0,0,0,0
17548,IND,India,Karnataka,Chikballapur,1375056,5,40,16.31,16.72,17.73,22.64,23.56,24.56,27.3,29.83,26.65,29.34,27.98,29.36,29.69,29.3,28.16,27.69,28.91,26.97,26.21,30.04,29.36,25.61,27.71,26.9,1.11,1.15,1.25,1.73,1.82,1.92,2.19,2.43,2.12,2.39,2.25,2.39,2.42,2.38,2.27,2.22,2.34,2.15,2.08,2.45,2.39,2.02,2.23,2.15,0,0,0,0,0,0,0,0,0,0,0,0,0,0,0,0,0,0,0,0,0,0,0,0
17549,IND,India,Karnataka,Chikmagalur,1236420,5,40,9.62,11.6,12.98,14.93,16.79,17.44,17.46,18.6,18.19,19.81,19.08,20.17,21.03,19.58,18.75,18.06,21.49,20.24,18.5,20.38,19.94,17.41,19.2,20.44,0.45,0.65,0.78,0.97,1.16,1.22,1.22,1.33,1.29,1.45,1.38,1.49,1.57,1.43,1.35,1.28,1.62,1.49,1.32,1.51,1.46,1.22,1.39,1.51,0,0,0,0,0,0,0,0,0,0,0,0,0,0,0,0,0,0,0,0,0,0,0,0
17550,IND,India,Karnataka,Chitradurga,1813374,5,40,15.23,15.97,16.46,18.76,20.76,21.94,22.57,25.45,24.36,25.45,24.14,26.69,26.18,25.69,24.56,23.64,27.06,24.57,23.49,26.07,25.5,24.09,25.46,26.45,1,1.08,1.12,1.35,1.54,1.66,1.72,2,1.9,2,1.88,2.13,2.08,2.03,1.92,1.83,2.16,1.92,1.81,2.07,2.01,1.87,2.01,2.1,0,0,0,0,0,0,0,0,0,0,0,0,0,0,0,0,0,0,0,0,0,0,0,0
17551,IND,India,Karnataka,Dakshina Kannada,2281340,5,40,8.63,10.36,11.63,12.47,13.59,14.33,13.05,13.4,13.45,16.36,16.4,17.05,16.14,16.14,14.9,15,18.94,17.34,16.02,17.17,18.53,13.8,17.14,18.35,0.36,0.52,0.65,0.73,0.84,0.91,0.79,0.82,0.83,1.11,1.12,1.18,1.09,1.09,0.97,0.98,1.37,1.21,1.08,1.19,1.33,0.86,1.19,1.31,0,0,0,0,0,0,0,0,0,0,0,0,0,0,0,0,0,0,0,0,0,0,0,0
17552,IND,India,Karnataka,Davanagere,2326139,5,40,14.66,15.24,16.31,17.26,19.43,19.95,20.22,23.32,21.92,23.53,22.74,25.15,24.62,24.11,23.2,21.74,26.2,23.61,21.79,24.02,23.35,21.41,23.87,25.5,0.95,1,1.11,1.2,1.41,1.47,1.49,1.8,1.66,1.82,1.74,1.98,1.92,1.87,1.78,1.64,2.08,1.82,1.65,1.86,1.8,1.61,1.85,2.01,0,0,0,0,0,0,0,0,0,0,0,0,0,0,0,0,0,0,0,0,0,0,0,0
17553,IND,India,Karnataka,Dharwad,2022134,5,40,14.26,14.97,15.09,15.62,17.68,18.2,18.71,21.41,20.75,22.96,21.61,24.56,22.97,22.63,21.36,19.7,25,21.83,19.91,23.41,23.19,20.56,23.85,25.09,0.91,0.98,0.99,1.04,1.24,1.29,1.34,1.61,1.54,1.76,1.63,1.92,1.76,1.73,1.6,1.44,1.96,1.65,1.46,1.8,1.78,1.53,1.85,1.97,0,0,0,0,0,0,0,0,0,0,0,0,0,0,0,0,0,0,0,0,0,0,0,0
17554,IND,India,Karnataka,Gadag,1160860,5,40,16.6,17.23,16.78,18.38,19.62,20.82,20.88,23.84,23.49,25.28,23.59,27.47,26.73,26.06,24.26,22.35,27.11,24.24,21.67,25.96,25.4,23.11,25.85,26.91,1.14,1.2,1.15,1.31,1.43,1.55,1.56,1.85,1.81,1.99,1.82,2.2,2.13,2.06,1.89,1.7,2.17,1.89,1.63,2.05,2,1.77,2.04,2.15,0,0,0,0,0,0,0,0,0,0,0,0,0,0,0,0,0,0,0,0,0,0,0,0
17555,IND,India,Karnataka,Hassan,1939099,5,40,9.82,11.72,12.93,15.52,17.15,18.08,18.62,19.19,19.41,20.68,19.76,21.13,22.09,20.67,20.12,19.48,21.9,21.76,19.6,21.7,21.27,18.38,19.66,22.82,0.47,0.66,0.78,1.03,1.19,1.28,1.33,1.39,1.41,1.54,1.45,1.58,1.67,1.54,1.48,1.42,1.66,1.64,1.43,1.64,1.59,1.31,1.44,1.75,0,0,0,0,0,0,0,0,0,0,0,0,0,0,0,0,0,0,0,0,0,0,0,0
17556,IND,India,Karnataka,Haveri,1736504,5,40,12.48,13.73,13.92,14.98,17.6,18.21,18.63,21.37,19.88,21.69,20.51,23.18,22.27,21.61,20.95,19.17,24.48,21.51,19.27,22.01,21.86,19.46,22.34,23.37,0.73,0.86,0.87,0.98,1.23,1.29,1.34,1.6,1.46,1.64,1.52,1.78,1.69,1.63,1.56,1.39,1.91,1.62,1.4,1.67,1.65,1.42,1.7,1.8,0,0,0,0,0,0,0,0,0,0,0,0,0,0,0,0,0,0,0,0,0,0,0,0
17557,IND,India,Karnataka,Kalaburagi,2810948,5,40,16.36,17.23,21.54,22.28,23.79,24.71,24.34,27.72,28.8,29.46,29.04,30.29,29.67,30.09,27.32,28.07,32.34,28.22,30.27,31.56,30.91,28.86,30.45,33.02,1.11,1.2,1.62,1.69,1.84,1.93,1.9,2.23,2.33,2.4,2.36,2.48,2.42,2.46,2.19,2.26,2.68,2.28,2.48,2.6,2.54,2.34,2.49,2.75,0,0,0,0,0,0,0,0,0,0,0,0,0,0,0,0,0,0,0,0,0,0,0,0
17558,IND,India,Karnataka,Kodagu,591774,5,40,6.41,7.85,8.97,10.1,11.82,12.29,12.41,12.1,13.22,13.75,13.53,15.2,14.8,13.92,14,13.47,15.19,15.06,14.08,14.79,15.5,12.51,13.59,16.57,0.14,0.28,0.39,0.5,0.67,0.71,0.73,0.7,0.81,0.86,0.84,1,0.96,0.87,0.88,0.83,1,0.99,0.89,0.96,1.03,0.74,0.84,1.13,0,0,0,0,0,0,0,0,0,0,0,0,0,0,0,0,0,0,0,0,0,0,0,0
17559,IND,India,Karnataka,Kolar,1702847,5,40,14.61,14.7,15.59,21.55,21.72,23.45,25.89,26.58,24.72,26.09,26.24,26.64,27.29,27.42,26.29,25.51,25.77,23.88,24.29,27.35,26.61,22.31,24.13,25.36,0.94,0.95,1.04,1.62,1.64,1.81,2.05,2.11,1.93,2.07,2.08,2.12,2.18,2.2,2.09,2.01,2.04,1.85,1.89,2.19,2.12,1.7,1.87,2,0,0,0,0,0,0,0,0,0,0,0,0,0,0,0,0,0,0,0,0,0,0,0,0
17560,IND,India,Karnataka,Koppal,1522340,5,40,17.23,17.66,17.84,19.89,21.3,22.89,22.31,26.28,25.88,27.33,26.05,30.34,30.64,29.16,27.19,26.66,30.14,27.68,26.24,30.19,29.13,27.23,29.95,31.09,1.2,1.24,1.26,1.46,1.6,1.75,1.7,2.09,2.05,2.19,2.06,2.48,2.51,2.37,2.17,2.12,2.46,2.22,2.08,2.47,2.37,2.18,2.45,2.56,0,0,0,0,0,0,0,0,0,0,0,0,0,0,0,0,0,0,0,0,0,0,0,0
17561,IND,India,Karnataka,Mandya,1969526,5,40,16.08,18.13,20.34,22.44,23.37,23.39,25.36,26.79,27.68,28.67,28.43,29.11,30.67,31.45,28.79,27.38,29.06,27.75,26.45,29.41,28.83,25.58,26.66,29.54,1.09,1.29,1.5,1.71,1.8,1.8,1.99,2.14,2.22,2.32,2.3,2.36,2.52,2.59,2.33,2.19,2.36,2.23,2.1,2.39,2.34,2.02,2.12,2.41,0,0,0,0,0,0,0,0,0,0,0,0,0,0,0,0,0,0,0,0,0,0,0,0
17562,IND,India,Karnataka,Mysore,3259442,5,40,11.52,13.46,15.43,16.84,18.51,19.02,20.61,20.98,22.37,22.62,22.55,22.9,24.1,23.72,22.65,21.19,23.12,22.74,21.45,23.22,23.3,20.15,21.91,25.82,0.64,0.83,1.02,1.16,1.32,1.37,1.53,1.57,1.7,1.73,1.72,1.75,1.87,1.83,1.73,1.59,1.78,1.74,1.61,1.79,1.79,1.48,1.66,2.04,0,0,0,0,0,0,0,0,0,0,0,0,0,0,0,0,0,0,0,0,0,0,0,0
17563,IND,India,Karnataka,Raichur,2112345,5,40,19.51,20.56,21.12,22.42,24.27,24.66,23.49,27.78,28.22,28.55,27.73,30.39,31.69,30,27.45,28.18,31.37,28.02,28.86,31.46,30.29,28.66,31.33,32.17,1.42,1.53,1.58,1.71,1.89,1.93,1.81,2.23,2.28,2.31,2.23,2.49,2.62,2.45,2.2,2.27,2.58,2.26,2.34,2.59,2.48,2.32,2.58,2.66,0,0,0,0,0,0,0,0,0,0,0,0,0,0,0,0,0,0,0,0,0,0,0,0
17564,IND,India,Karnataka,Ramanagara,1170502,5,40,16.19,17.7,18.59,24.41,24.33,24.66,27.4,28.17,27.86,29.09,29.03,28.86,30.24,31.44,29.61,27.81,29.65,27.81,27,29.97,29.08,25.48,26.31,29.08,1.1,1.24,1.33,1.9,1.89,1.93,2.2,2.27,2.24,2.36,2.35,2.34,2.47,2.59,2.41,2.24,2.42,2.24,2.16,2.45,2.36,2.01,2.09,2.36,0,0,0,0,0,0,0,0,0,0,0,0,0,0,0,0,0,0,0,0,0,0,0,0
17565,IND,India,Karnataka,Shivamogga,1703460,5,40,10.01,12.07,12.81,14.19,16.76,16.98,16.85,18.65,17.41,20.1,19.8,20.67,20.92,19.98,18.92,17.63,22.52,19.9,18.24,20.14,20.35,16.97,20.28,20.79,0.49,0.69,0.77,0.9,1.15,1.17,1.16,1.34,1.22,1.48,1.45,1.54,1.56,1.47,1.36,1.24,1.72,1.46,1.3,1.48,1.5,1.17,1.5,1.55,0,0,0,0,0,0,0,0,0,0,0,0,0,0,0,0,0,0,0,0,0,0,0,0
17566,IND,India,Karnataka,Tumakuru,2934749,5,40,15.46,16.99,17.56,21.33,22.66,23.4,25.35,27.37,26.27,28.04,26.26,28.04,28.37,27.62,26.7,26.4,28.79,27.05,25.71,29.33,28.57,26.28,26.62,27.66,1.02,1.17,1.23,1.6,1.73,1.8,1.99,2.19,2.08,2.26,2.08,2.26,2.29,2.22,2.13,2.1,2.33,2.16,2.03,2.38,2.31,2.09,2.12,2.22,0,0,0,0,0,0,0,0,0,0,0,0,0,0,0,0,0,0,0,0,0,0,0,0
17567,IND,India,Karnataka,Udupi,1276442,5,40,10.15,12.02,13.1,14.03,15.06,15.54,14.36,15.51,14.62,18.59,18.53,18.91,17.7,17.74,16.56,16.35,21.2,19.1,18.1,18.97,19.79,15.48,19.37,19.51,0.5,0.69,0.79,0.88,0.99,1.03,0.92,1.03,0.94,1.33,1.33,1.36,1.24,1.25,1.13,1.11,1.59,1.38,1.28,1.37,1.45,1.03,1.41,1.42,0,0,0,0,0,0,0,0,0,0,0,0,0,0,0,0,0,0,0,0,0,0,0,0
17568,IND,India,Karnataka,Uttara Kannada,1560684,5,40,13.02,14.65,15.63,16.44,18.34,18.62,18.13,20.46,19.05,22.62,22.25,23.51,21.26,21.41,20.51,19.14,24.81,21.65,21.03,22.56,23.51,19.43,23.36,23.87,0.79,0.95,1.04,1.12,1.31,1.33,1.29,1.52,1.38,1.73,1.69,1.81,1.59,1.61,1.52,1.39,1.94,1.63,1.57,1.72,1.81,1.41,1.8,1.85,0,0,0,0,0,0,0,0,0,0,0,0,0,0,0,0,0,0,0,0,0,0,0,0
17569,IND,India,Karnataka,Vijayapura,2356734,5,40,15.87,16.83,20.88,21.42,22.83,23.72,22.79,26.12,26.5,28.36,27.1,29.04,29.3,29.06,26.73,26.26,30.5,27.22,28.39,29.48,29.63,26.82,30.14,31.4,1.06,1.16,1.56,1.61,1.75,1.84,1.74,2.07,2.11,2.29,2.17,2.36,2.38,2.36,2.13,2.08,2.5,2.18,2.29,2.4,2.41,2.14,2.46,2.59,0,0,0,0,0,0,0,0,0,0,0,0,0,0,0,0,0,0,0,0,0,0,0,0
17570,IND,India,Karnataka,Yadgir,1268141,5,40,18.1,19.07,20.9,21.73,23.24,23.64,22.79,26.96,27.28,27.65,26.78,28.43,29.09,28.5,26.03,26.73,30.76,26.94,28.82,30.62,29.76,27.6,29.99,31.37,1.28,1.38,1.56,1.64,1.79,1.83,1.74,2.15,2.18,2.22,2.13,2.3,2.36,2.3,2.06,2.13,2.52,2.15,2.33,2.51,2.43,2.22,2.45,2.58,0,0,0,0,0,0,0,0,0,0,0,0,0,0,0,0,0,0,0,0,0,0,0,0
17571,IND,India,Kerala,Alappuzha,2076988,5,40,12.5,13.73,15.49,15.28,16.18,18.09,19.44,18.94,19.87,20.41,20.88,21.62,19.4,21.2,19.23,18.72,19.54,18.51,22.05,20.7,23.37,17.54,19.43,19.44,0.73,0.86,1.03,1.01,1.1,1.28,1.42,1.37,1.46,1.51,1.56,1.63,1.41,1.59,1.39,1.34,1.42,1.32,1.67,1.54,1.8,1.23,1.41,1.41,0,0,0,0,0,0,0,0,0,0,0,0,0,0,0,0,0,0,0,0,0,0,0,0
17572,IND,India,Kerala,Ernakulam,3269017,5,40,11.05,12.39,13.74,14.78,16.26,17.66,19.16,18.68,19.35,19.24,20.13,21.06,18.47,21.15,19.37,18.32,19.69,19,22.55,20.41,23.73,17.76,19.72,20.83,0.59,0.72,0.86,0.96,1.1,1.24,1.39,1.34,1.41,1.4,1.48,1.57,1.32,1.58,1.41,1.31,1.44,1.37,1.72,1.51,1.84,1.25,1.44,1.55,0,0,0,0,0,0,0,0,0,0,0,0,0,0,0,0,0,0,0,0,0,0,0,0
17573,IND,India,Kerala,Idukki,1134399,5,40,7.7,8.45,9.66,11.76,11.31,13.25,13.38,13.6,14.31,13.35,14.91,14.83,13.98,16.08,13.93,13.33,14.84,13.77,15.5,14.44,15.8,12.16,12.65,14.55,0.26,0.34,0.46,0.66,0.62,0.81,0.82,0.84,0.91,0.82,0.97,0.96,0.88,1.09,0.88,0.82,0.96,0.86,1.03,0.93,1.06,0.7,0.75,0.94,0,0,0,0,0,0,0,0,0,0,0,0,0,0,0,0,0,0,0,0,0,0,0,0
17574,IND,India,Kerala,Kannur,2382212,5,40,8.78,9.92,10.7,11.26,12.41,12.53,12.66,12.25,13.51,15.32,15.27,16.68,14.72,14.74,13.74,13.78,16.78,16.57,16.1,16.4,17.8,14.22,16.44,18.07,0.37,0.48,0.56,0.61,0.73,0.74,0.75,0.71,0.83,1.01,1.01,1.14,0.95,0.95,0.86,0.86,1.15,1.13,1.09,1.12,1.25,0.9,1.12,1.28,0,0,0,0,0,0,0,0,0,0,0,0,0,0,0,0,0,0,0,0,0,0,0,0
17575,IND,India,Kerala,Kasaragod,1294170,5,40,7.88,9.45,10.61,11.24,12.44,12.97,12.22,12.01,12.8,15.01,14.79,15.49,14.2,14.32,13.35,13.59,17.03,15.73,14.48,15.27,16.99,12.77,15.59,17.14,0.28,0.44,0.55,0.61,0.73,0.78,0.71,0.69,0.76,0.98,0.96,1.03,0.9,0.91,0.82,0.84,1.18,1.05,0.93,1.01,1.17,0.76,1.04,1.19,0,0,0,0,0,0,0,0,0,0,0,0,0,0,0,0,0,0,0,0,0,0,0,0
17576,IND,India,Kerala,Kollam,2645461,5,40,9.83,11.05,12.26,12.82,13.25,14.14,14.72,14.6,15.56,16.07,16.34,17.13,16.36,17.91,15.64,14.55,16.17,14.92,17.28,16.49,18.85,13.87,14.95,15.38,0.47,0.59,0.71,0.77,0.81,0.9,0.95,0.94,1.04,1.08,1.11,1.19,1.11,1.27,1.04,0.94,1.09,0.97,1.2,1.13,1.36,0.87,0.98,1.02,0,0,0,0,0,0,0,0,0,0,0,0,0,0,0,0,0,0,0,0,0,0,0,0
17577,IND,India,Kerala,Kottayam,1983681,5,40,9.39,10.39,11.89,13.3,14.48,16,17.29,17.02,18.46,18.42,19.93,19.83,18.73,20.6,18.61,18.02,18.86,18.28,20.93,19.32,22.31,16.69,17.92,19.44,0.43,0.53,0.68,0.81,0.93,1.08,1.2,1.18,1.32,1.31,1.46,1.45,1.35,1.53,1.33,1.28,1.36,1.3,1.56,1.4,1.7,1.15,1.27,1.42,0,0,0,0,0,0,0,0,0,0,0,0,0,0,0,0,0,0,0,0,0,0,0,0
17578,IND,India,Kerala,Kozhikode,3071080,5,40,10.55,11.29,12.72,12.55,14.37,14.98,16.38,15.46,16.79,17.93,18.66,20.17,18.08,18.75,17.43,17.13,19.35,19.4,20.67,19.51,21.64,17.12,19.68,21.09,0.54,0.62,0.76,0.74,0.92,0.98,1.11,1.03,1.16,1.27,1.34,1.49,1.28,1.35,1.22,1.19,1.41,1.41,1.54,1.42,1.63,1.19,1.44,1.58,0,0,0,0,0,0,0,0,0,0,0,0,0,0,0,0,0,0,0,0,0,0,0,0
17579,IND,India,Kerala,Malappuram,4086344,5,40,7.96,9.72,11.17,11.05,12.64,13.23,14.46,14.19,14.68,16.5,17,17.87,16.39,17.92,16.93,15.94,18.22,17.66,19.23,18.37,20.75,16.03,17.65,19.7,0.29,0.46,0.6,0.59,0.75,0.81,0.93,0.9,0.95,1.13,1.18,1.26,1.12,1.27,1.17,1.07,1.3,1.24,1.39,1.31,1.54,1.08,1.24,1.44,0,0,0,0,0,0,0,0,0,0,0,0,0,0,0,0,0,0,0,0,0,0,0,0
17580,IND,India,Kerala,Palakkad,2983854,5,40,7,8.26,9.59,10.49,11.4,12.16,12.81,13.25,13.46,15,15.31,16.19,15.02,16.97,15.9,14.9,16.24,15.76,16.93,15.94,18.08,13.72,14.77,17.26,0.2,0.32,0.45,0.54,0.63,0.7,0.77,0.81,0.83,0.98,1.01,1.1,0.98,1.17,1.07,0.97,1.1,1.05,1.17,1.07,1.28,0.85,0.96,1.2,0,0,0,0,0,0,0,0,0,0,0,0,0,0,0,0,0,0,0,0,0,0,0,0
17581,IND,India,Kerala,Pathanamthitta,1301266,5,40,8.01,9.24,10.72,11.84,12.45,13.78,14.52,14.4,15.58,16.01,16.58,16.8,16.15,18.15,15.73,15.16,16.26,15.26,17.61,16.49,18.8,13.96,15.02,16.22,0.3,0.42,0.56,0.67,0.73,0.86,0.93,0.92,1.04,1.08,1.13,1.16,1.09,1.29,1.05,1,1.1,1.01,1.24,1.13,1.35,0.88,0.98,1.1,0,0,0,0,0,0,0,0,0,0,0,0,0,0,0,0,0,0,0,0,0,0,0,0
17582,IND,India,Kerala,Thiruvananthapuram,3214014,5,40,11.7,13.28,14.51,15.99,15.51,17.01,17.45,18.19,18.55,19.22,20.21,20.01,19.57,21.22,18.9,17.13,19.66,17.38,20.84,20.11,23.11,17.41,18.45,18.49,0.66,0.81,0.93,1.08,1.03,1.18,1.22,1.29,1.33,1.39,1.49,1.47,1.43,1.59,1.36,1.19,1.44,1.21,1.55,1.48,1.78,1.22,1.32,1.32,0,0,0,0,0,0,0,0,0,0,0,0,0,0,0,0,0,0,0,0,0,0,0,0
17583,IND,India,Kerala,Thrissur,3066262,5,40,9.26,10.94,11.93,12.2,13.63,14.38,15.25,14.6,15.21,16.81,17.52,18.36,16.86,18.31,17.22,15.83,17.89,16.75,18.64,17.33,20.18,14.99,16.86,18.19,0.42,0.58,0.68,0.71,0.85,0.92,1,0.94,1,1.16,1.23,1.31,1.16,1.3,1.2,1.06,1.26,1.15,1.34,1.21,1.49,0.98,1.16,1.29,0,0,0,0,0,0,0,0,0,0,0,0,0,0,0,0,0,0,0,0,0,0,0,0
17584,IND,India,Kerala,Wayanad,830112,5,40,5.46,6.37,7.81,9.11,10.43,11.23,11.78,10.95,12.62,12.17,12.79,14.12,13.04,12.94,13.17,12.16,14.04,13.84,13.83,13.22,14.57,11.51,12.09,15.43,0.04,0.13,0.28,0.4,0.53,0.61,0.66,0.58,0.75,0.7,0.76,0.89,0.79,0.78,0.8,0.7,0.89,0.87,0.87,0.81,0.94,0.64,0.7,1.02,0,0,0,0,0,0,0,0,0,0,0,0,0,0,0,0,0,0,0,0,0,0,0,0
17585,Z01,India,Ladakh,Kargil,150126,5,40,10.44,11.25,11.64,14.1,13.39,13.16,13.03,12.75,12.83,15.12,12.77,12.63,14.38,14.87,14.16,14.42,14.11,14.26,20.94,14.28,14.1,14.11,13.72,15.45,0.53,0.61,0.65,0.89,0.82,0.8,0.79,0.76,0.77,0.99,0.76,0.75,0.92,0.97,0.9,0.92,0.89,0.91,1.56,0.91,0.89,0.89,0.85,1.02,0,0,0,0,0,0,0,0,0,0,0,0,0,0,0,0,0,0,0,0,0,0,0,0
17586,Z01,India,Ladakh,Leh (Ladakh),164438,5,40,5.28,6.29,6,6.71,6.71,6.07,6.3,5.78,5.95,6.21,5.61,6.24,6.44,6.56,7.27,7.21,6.88,6.81,8.39,6.95,6.8,5.81,6.17,6.63,0.03,0.13,0.1,0.17,0.17,0.11,0.13,0.08,0.09,0.12,0.06,0.12,0.14,0.15,0.22,0.22,0.18,0.18,0.33,0.19,0.18,0.08,0.11,0.16,0,0,0,0,0,0,0,0,0,0,0,0,0,0,0,0,0,0,0,0,0,0,0,0
17587,IND,India,Lakshadweep,Lakshadweep,48826,5,40,15.01,17.91,15.92,15.65,17.25,17.32,18.25,16.83,17.51,20.45,20.46,21.82,19.29,20.51,17.37,16.74,20.43,18.87,20.46,20.36,21.55,17.12,20.69,20.96,0.98,1.27,1.07,1.04,1.2,1.21,1.3,1.16,1.23,1.51,1.51,1.65,1.4,1.52,1.21,1.15,1.51,1.36,1.52,1.51,1.62,1.19,1.54,1.56,0,0,0,0,0,0,0,0,0,0,0,0,0,0,0,0,0,0,0,0,0,0,0,0
17588,IND,India,Madhya Pradesh,Agar Malwa,734877,5,40,25.06,25.08,28,31.02,33.15,37.6,34.64,37.06,38.83,40.16,39.95,40.85,41.43,46.7,40.27,44.56,42.75,41.27,41.56,44.35,41,48.33,45.62,47.5,1.97,1.97,2.25,2.55,2.76,3.19,2.9,3.14,3.32,3.45,3.43,3.51,3.57,4.09,3.46,3.88,3.7,3.55,3.58,3.86,3.53,4.25,3.98,4.17,0,0,0,0,0,0,0,0,0,0.02,0,0.08,0.14,0.66,0.03,0.45,0.27,0.12,0.15,0.43,0.1,0.82,0.55,0.74
17589,IND,India,Madhya Pradesh,Alirajpur,812834,5,40,22.56,21.83,22.35,24.41,23.4,27.56,25.92,27.14,30.76,30.11,30.38,30.14,32.51,31.86,28.74,32.4,32.04,31.15,30.46,34.38,31.21,35.32,35.08,37.92,1.72,1.65,1.7,1.9,1.8,2.21,2.05,2.17,2.52,2.46,2.49,2.46,2.7,2.63,2.33,2.69,2.65,2.56,2.49,2.88,2.57,2.97,2.95,3.23,0,0,0,0,0,0,0,0,0,0,0,0,0,0,0,0,0,0,0,0,0,0,0,0
17590,IND,India,Madhya Pradesh,Anuppur,532281,5,40,26.84,26.67,27.4,33.18,32.82,36.69,36.95,36.24,37.36,41.8,44.6,42.5,39.18,45.79,40.14,45.24,42.42,42.71,41.94,42.25,39.82,44.42,44.61,46.32,2.14,2.12,2.2,2.76,2.73,3.11,3.13,3.06,3.17,3.61,3.88,3.67,3.35,4,3.44,3.94,3.67,3.7,3.62,3.65,3.41,3.86,3.88,4.05,0,0,0,0,0,0,0,0,0,0.18,0.45,0.24,0,0.57,0.01,0.51,0.24,0.27,0.19,0.22,0,0.43,0.45,0.62
17591,IND,India,Madhya Pradesh,Ashoknagar,957807,5,40,27.64,28.32,28.26,32.83,36.26,41.42,37.24,38.14,38.39,41.5,43.89,43.66,44.26,52.11,45.07,47.95,46.26,43.73,45.88,44.76,43.41,50.63,48.61,48.29,2.22,2.29,2.28,2.73,3.06,3.57,3.16,3.25,3.27,3.58,3.81,3.79,3.85,4.62,3.93,4.21,4.04,3.8,4.01,3.9,3.76,4.47,4.27,4.24,0,0,0,0,0,0.14,0,0,0,0.15,0.38,0.36,0.42,1.19,0.5,0.78,0.61,0.37,0.58,0.47,0.33,1.04,0.84,0.81
17592,IND,India,Madhya Pradesh,Balaghat,1908869,5,40,28.96,30.05,29.84,35.32,34.72,37.56,38.59,36.46,40.22,43.15,44.32,41.65,42.49,47.56,40.61,45.84,44.07,47.62,45.08,45.19,45.03,48.15,47.28,51.73,2.35,2.45,2.43,2.97,2.91,3.19,3.29,3.08,3.45,3.74,3.85,3.59,3.67,4.17,3.49,4,3.83,4.18,3.93,3.94,3.92,4.23,4.14,4.58,0,0,0,0,0,0,0,0,0.02,0.31,0.42,0.16,0.24,0.74,0.06,0.57,0.4,0.75,0.5,0.51,0.49,0.8,0.71,1.15
17593,IND,India,Madhya Pradesh,Barwani,1552126,5,40,24.24,23.16,24.5,27.43,26.14,31.11,29.66,30.87,35.06,35.23,35.35,35.08,37.59,37.22,33.2,38.81,37.86,38.51,38.48,41.03,38.86,42.37,44.75,45.2,1.89,1.78,1.91,2.2,2.07,2.56,2.42,2.54,2.95,2.96,2.97,2.95,3.19,3.16,2.76,3.31,3.22,3.28,3.28,3.53,3.32,3.66,3.9,3.94,0,0,0,0,0,0,0,0,0,0,0,0,0,0,0,0,0,0,0,0.1,0,0.23,0.47,0.51
17594,IND,India,Madhya Pradesh,Betul,1766186,5,40,21.43,19.61,21.29,25.27,25.4,29.24,28.33,28.08,32.04,33.02,32.69,33.85,33.63,36.55,31.48,37.34,35.96,37.47,34,36.53,35.58,38.03,39.08,40.68,1.61,1.43,1.6,1.99,2,2.38,2.29,2.26,2.65,2.75,2.71,2.83,2.81,3.09,2.6,3.17,3.03,3.18,2.84,3.09,3,3.24,3.34,3.5,0,0,0,0,0,0,0,0,0,0,0,0,0,0,0,0,0,0,0,0,0,0,0,0.07
17595,IND,India,Madhya Pradesh,Bhind,1916992,5,40,60.29,57.11,58.05,64.78,71.76,76.63,73.4,76.7,71.49,78.34,86.35,84.09,87.02,90.18,82.87,88.17,84.72,84.63,86.37,88.26,86.49,98.23,95.48,95.99,5.42,5.11,5.2,5.86,6.54,7.02,6.7,7.03,6.52,7.19,7.97,7.75,8.04,8.35,7.63,8.15,7.81,7.8,7.97,8.16,7.99,9.14,8.87,8.92,1.99,1.68,1.77,2.43,3.11,3.59,3.27,3.6,3.09,3.76,4.54,4.32,4.61,4.92,4.2,4.72,4.38,4.37,4.54,4.73,4.56,5.71,5.44,5.49
17596,IND,India,Madhya Pradesh,Bhopal,2656340,5,40,25.87,24.65,25.24,29.58,30.16,35.27,32.46,34.18,36.76,39.14,39.3,39.87,39.46,45.21,39.25,44.74,42.48,41.63,41.53,42.38,41.57,46.96,47.26,49.42,2.05,1.93,1.98,2.41,2.47,2.97,2.69,2.86,3.11,3.35,3.36,3.42,3.38,3.94,3.36,3.89,3.67,3.59,3.58,3.66,3.58,4.11,4.14,4.35,0,0,0,0,0,0,0,0,0,0,0,0,0,0.51,0,0.46,0.24,0.16,0.15,0.23,0.15,0.68,0.71,0.92
17597,IND,India,Madhya Pradesh,Burhanpur,847005,5,40,22.61,22.22,25.42,28.15,27.69,31.92,31.1,32.19,35.63,35.64,36.36,36.62,38.35,39.37,35.7,41.53,39.5,40.63,38.93,40.89,40.17,43.45,46.57,50.02,1.73,1.69,2,2.27,2.22,2.64,2.56,2.66,3,3,3.07,3.1,3.27,3.37,3.01,3.58,3.38,3.49,3.32,3.52,3.45,3.77,4.07,4.41,0,0,0,0,0,0,0,0,0,0,0,0,0,0,0,0.15,0,0.06,0,0.09,0.02,0.34,0.64,0.98
17598,IND,India,Madhya Pradesh,Chhatarpur,1989140,5,40,34.68,35.66,33.08,38.62,39.4,45.08,43.25,43.56,42.36,47.72,52.9,48.05,48.47,55,50.52,53.77,50.36,48.77,52.02,51.5,50.11,60.61,58.03,57,2.91,3,2.75,3.3,3.37,3.93,3.75,3.78,3.66,4.19,4.69,4.22,4.26,4.9,4.46,4.78,4.45,4.29,4.61,4.56,4.42,5.45,5.2,5.1,0,0,0,0,0,0.5,0.32,0.35,0.23,0.76,1.26,0.79,0.83,1.47,1.03,1.35,1.02,0.86,1.18,1.13,0.99,2.02,1.77,1.67
17599,IND,India,Madhya Pradesh,Chhindwara,2349597,5,40,22.4,20.97,22.36,27.19,26.93,30.68,29.63,29.15,32.91,34.59,34.76,34.46,34.66,38.64,32.64,39.19,36.84,38.97,35.87,37.36,37.41,39.2,39.22,42.3,1.71,1.57,1.7,2.17,2.15,2.52,2.41,2.37,2.73,2.9,2.92,2.89,2.91,3.3,2.71,3.35,3.12,3.33,3.02,3.17,3.18,3.35,3.35,3.66,0,0,0,0,0,0,0,0,0,0,0,0,0,0,0,0,0,0,0,0,0,0,0,0.23
17600,IND,India,Madhya Pradesh,Damoh,1434975,5,40,26.76,28.63,26.46,32.18,32.66,36.43,36.19,35.83,37.42,42.01,44.01,42.18,41.98,47.54,44.51,48.58,44.36,43.42,45,44.05,43.27,49.32,47.53,50.57,2.13,2.32,2.1,2.66,2.71,3.08,3.06,3.02,3.18,3.63,3.82,3.64,3.62,4.17,3.87,4.27,3.86,3.77,3.92,3.83,3.75,4.34,4.17,4.47,0,0,0,0,0,0,0,0,0,0.2,0.39,0.21,0.19,0.74,0.44,0.84,0.43,0.34,0.49,0.4,0.32,0.91,0.74,1.04
17601,IND,India,Madhya Pradesh,Datia,991340,5,40,49.8,47.47,45.59,50.9,56.21,60.22,57.09,60.69,57.46,63.25,68.96,66.56,71.26,72.95,65.54,68.76,68.03,66.78,66.43,68.31,68.16,78.19,76.73,73.29,4.39,4.16,3.98,4.5,5.02,5.41,5.1,5.46,5.14,5.71,6.27,6.03,6.49,6.66,5.93,6.25,6.18,6.05,6.02,6.2,6.19,7.17,7.03,6.69,0.96,0.73,0.55,1.07,1.59,1.98,1.67,2.03,1.71,2.28,2.84,2.6,3.06,3.23,2.5,2.82,2.75,2.62,2.59,2.77,2.76,3.74,3.6,3.26
17602,IND,India,Madhya Pradesh,Dewas,1747302,5,40,24.96,23.64,25.36,28.44,28.7,33.23,31.56,32.94,35.9,36.78,37.24,37.88,38.47,41.89,36.84,41.63,40.6,39.57,38.72,41.35,39.17,43.64,45.12,46.06,1.96,1.83,2,2.3,2.32,2.77,2.6,2.74,3.03,3.11,3.16,3.22,3.28,3.61,3.12,3.59,3.49,3.39,3.3,3.56,3.35,3.79,3.93,4.02,0,0,0,0,0,0,0,0,0,0,0,0,0,0.18,0,0.16,0.06,0,0,0.13,0,0.36,0.5,0.59
17603,IND,India,Madhya Pradesh,Dhar,2445517,5,40,23.67,23.3,24.82,27.64,27.42,32.24,30.45,31.96,36.2,35.35,35.5,35.71,38.22,39.43,34.64,38.85,38.95,38.05,38.65,41.72,39.11,43.66,44.31,45.13,1.83,1.79,1.94,2.22,2.2,2.67,2.49,2.64,3.06,2.97,2.99,3.01,3.26,3.37,2.9,3.32,3.33,3.24,3.3,3.6,3.34,3.79,3.85,3.93,0,0,0,0,0,0,0,0,0,0,0,0,0,0,0,0,0,0,0,0.17,0,0.36,0.42,0.5
17604,IND,India,Madhya Pradesh,Dindori,835899,5,40,21.5,21.1,23.39,28.68,29.36,31.21,32.27,30.76,33.05,38.08,39.02,37.03,34.98,39.26,33.96,39.58,37,39.51,36.87,36.93,36.78,39.95,38.1,40.49,1.62,1.58,1.8,2.32,2.39,2.57,2.67,2.52,2.75,3.24,3.33,3.14,2.94,3.36,2.84,3.39,3.14,3.38,3.12,3.13,3.11,3.42,3.24,3.48,0,0,0,0,0,0,0,0,0,0,0,0,0,0,0,0,0,0,0,0,0,0,0,0.05
17605,IND,India,Madhya Pradesh,East Nimar,1468738,5,40,25.64,24.39,26.37,29.14,28.63,32.86,31.95,32.81,36.52,37.17,37.55,37.86,38.75,40.61,36.48,42.41,41.13,41.69,40.17,42.21,41.29,44,48.2,49.44,2.02,1.9,2.09,2.37,2.32,2.73,2.64,2.73,3.09,3.15,3.19,3.22,3.31,3.49,3.09,3.67,3.54,3.6,3.45,3.65,3.56,3.82,4.23,4.35,0,0,0,0,0,0,0,0,0,0,0,0,0,0.06,0,0.24,0.11,0.17,0.02,0.22,0.13,0.39,0.8,0.92
17606,IND,India,Madhya Pradesh,Guna,1386581,5,40,25.04,25.06,26.37,31.11,34.37,39.39,35.04,35.81,37.17,39.81,41.04,40.65,41.78,49.01,42.41,45.91,43.3,42.09,43.43,43.11,41.82,47.62,46.52,46.15,1.96,1.97,2.09,2.56,2.88,3.37,2.94,3.02,3.15,3.41,3.53,3.49,3.6,4.31,3.67,4.01,3.75,3.64,3.77,3.73,3.61,4.18,4.07,4.03,0,0,0,0,0,0,0,0,0,0,0.1,0.06,0.17,0.88,0.24,0.58,0.32,0.21,0.34,0.3,0.18,0.75,0.64,0.6
17607,IND,India,Madhya Pradesh,Gwalior,2149777,5,40,49.49,48.63,46.33,52.62,58.24,61.22,56.49,60.33,58.12,63.81,71.09,68.88,72.56,74.17,66.95,69.46,67.17,68.1,67.66,69.28,68.49,80.58,79.76,77.11,4.36,4.28,4.05,4.67,5.22,5.51,5.05,5.42,5.21,5.76,6.48,6.26,6.62,6.78,6.07,6.32,6.09,6.18,6.14,6.3,6.22,7.41,7.33,7.07,0.93,0.85,0.62,1.24,1.79,2.08,1.62,1.99,1.78,2.33,3.05,2.83,3.19,3.35,2.64,2.89,2.66,2.75,2.71,2.87,2.79,3.98,3.9,3.64
17608,IND,India,Madhya Pradesh,Harda,655244,5,40,26.49,25.19,25.33,29.22,28.51,32.91,31.68,32.89,36.48,38.09,38.22,39.07,39.06,41.91,37.84,43.38,41.72,42.71,40.04,41.84,40.59,44.25,48.07,48.58,2.11,1.98,1.99,2.37,2.3,2.74,2.61,2.73,3.08,3.24,3.26,3.34,3.34,3.62,3.22,3.76,3.6,3.7,3.43,3.61,3.49,3.85,4.22,4.27,0,0,0,0,0,0,0,0,0,0,0,0,0,0.19,0,0.33,0.17,0.27,0,0.18,0.06,0.42,0.79,0.84
17609,IND,India,Madhya Pradesh,Hoshangabad,1410240,5,40,27.35,26.79,25.8,29.84,29.15,33.44,32.27,33.03,36.48,38.45,39.07,39.34,38.81,43.64,38.64,43.23,41.55,43.09,41.86,42.29,41.86,45.36,48.05,49.29,2.19,2.14,2.04,2.43,2.37,2.79,2.67,2.75,3.09,3.28,3.34,3.37,3.31,3.79,3.3,3.75,3.58,3.73,3.61,3.65,3.61,3.96,4.22,4.34,0,0,0,0,0,0,0,0,0,0,0,0,0,0.36,0,0.32,0.15,0.3,0.18,0.22,0.18,0.53,0.79,0.91
17610,IND,India,Madhya Pradesh,Indore,3690904,5,40,23.3,22.88,23.82,26.44,26.43,30.94,29.25,30.76,34.09,33.96,34.41,34.52,36.84,39.51,34.77,38.65,39.04,37.13,37.5,40.86,38.06,43.27,44.48,45.06,1.79,1.75,1.84,2.1,2.1,2.54,2.38,2.52,2.85,2.84,2.88,2.89,3.12,3.38,2.92,3.3,3.34,3.15,3.19,3.51,3.24,3.75,3.87,3.93,0,0,0,0,0,0,0,0,0,0,0,0,0,0,0,0,0,0,0,0.08,0,0.32,0.44,0.5
17611,IND,India,Madhya Pradesh,Jabalpur,2427332,5,40,26.91,28.35,28.83,34.51,34.72,37.42,38.63,37.96,39.99,45.09,47.72,46.86,44.01,49.59,45.42,49.98,46.23,47.44,47.69,46.91,45.93,49.88,48.44,53.45,2.15,2.29,2.34,2.89,2.91,3.18,3.3,3.23,3.43,3.93,4.19,4.1,3.82,4.37,3.96,4.41,4.04,4.16,4.18,4.11,4.01,4.4,4.26,4.75,0,0,0,0,0,0,0,0,0,0.5,0.76,0.67,0.39,0.94,0.53,0.98,0.61,0.73,0.75,0.68,0.58,0.97,0.83,1.32
17612,IND,India,Madhya Pradesh,Jhabua,1150551,5,40,21.67,22.3,24.09,26.53,27.01,31.32,29.22,31.01,34.72,33.43,33.69,34.37,36.43,37.51,33.3,36.63,36.69,34.45,34.54,38.32,35.44,40.23,39.54,41.82,1.63,1.7,1.87,2.11,2.16,2.58,2.37,2.55,2.91,2.79,2.81,2.88,3.08,3.19,2.77,3.1,3.11,2.89,2.9,3.27,2.98,3.45,3.39,3.61,0,0,0,0,0,0,0,0,0,0,0,0,0,0,0,0,0,0,0,0,0,0.02,0,0.18
17613,IND,India,Madhya Pradesh,Katni,1790495,5,40,27,29.1,27.34,32.88,33.52,36.68,37.84,35.58,37.36,42.91,46.51,43.88,42.63,47.45,45.38,49.28,45.04,44.13,45.8,45.28,43.8,49.28,47.59,51.36,2.16,2.36,2.19,2.73,2.8,3.1,3.22,3,3.17,3.72,4.07,3.81,3.69,4.16,3.96,4.34,3.92,3.83,4,3.95,3.8,4.34,4.17,4.54,0,0,0,0,0,0,0,0,0,0.29,0.64,0.38,0.26,0.73,0.53,0.91,0.49,0.4,0.57,0.52,0.37,0.91,0.74,1.11
17614,IND,India,Madhya Pradesh,Khargone,2101956,5,40,26.18,25.08,26.95,29.75,28.99,33.28,32.35,33.58,37.84,38.09,38.22,38.18,40.48,41.6,36.71,42.35,41.71,42.16,42.59,44.71,43.15,45.89,49.62,49.36,2.08,1.97,2.15,2.43,2.35,2.77,2.68,2.8,3.22,3.24,3.26,3.25,3.48,3.59,3.11,3.66,3.6,3.64,3.68,3.89,3.74,4.01,4.37,4.35,0,0,0,0,0,0,0,0,0,0,0,0,0.05,0.16,0,0.23,0.17,0.21,0.25,0.46,0.31,0.58,0.94,0.92
17615,IND,India,Madhya Pradesh,Mandla,1140596,5,40,24.91,24.33,26.21,30.7,31.56,34.37,35.37,33.23,36.37,40.84,41.64,40.01,38.44,42.72,37.11,42.75,39.95,42.74,40.69,39.9,39.59,42.38,40.37,45.72,1.95,1.89,2.08,2.52,2.6,2.88,2.98,2.77,3.07,3.51,3.59,3.43,3.28,3.7,3.15,3.7,3.42,3.7,3.5,3.42,3.39,3.66,3.47,3.99,0,0,0,0,0,0,0,0,0,0.08,0.16,0,0,0.27,0,0.27,0,0.27,0.07,0,0,0.23,0.04,0.56
17616,IND,India,Madhya Pradesh,Mandsaur,1492717,5,40,25.14,25.1,27.37,32.64,34.14,38.85,36.06,39.66,41.43,41.49,42.36,43.77,45.94,50.04,44.08,47.45,44.93,44.51,43.93,46.55,44.9,52.94,48.47,49.28,1.97,1.97,2.19,2.71,2.86,3.32,3.04,3.4,3.57,3.58,3.66,3.8,4.01,4.41,3.83,4.16,3.91,3.87,3.81,4.07,3.91,4.7,4.26,4.34,0,0,0,0,0,0,0,0,0.14,0.15,0.23,0.37,0.58,0.98,0.4,0.73,0.48,0.44,0.38,0.64,0.48,1.27,0.83,0.91
17617,IND,India,Madhya Pradesh,Morena,2195456,5,40,57.1,55.52,53.82,61.65,70.66,71.94,68.76,72.38,67.77,74.92,79.37,82.58,83.67,86.33,78.79,81.1,78.62,81.01,81.35,81.9,81.05,93.27,92.58,90.23,5.11,4.95,4.78,5.55,6.43,6.56,6.25,6.6,6.15,6.85,7.29,7.6,7.71,7.97,7.23,7.46,7.21,7.45,7.48,7.54,7.45,8.65,8.58,8.35,1.68,1.52,1.35,2.12,3,3.13,2.82,3.17,2.72,3.42,3.86,4.17,4.28,4.54,3.8,4.03,3.78,4.02,4.05,4.11,4.02,5.22,5.15,4.92
17618,IND,India,Madhya Pradesh,Narsimhapur,1236623,5,40,26.14,27.12,27.32,32.38,32.66,35.58,35.62,35.68,38.41,42.19,43.36,43.02,40.82,46.31,42.77,46.87,44.39,46.37,47.01,45.29,45.77,48.14,47.56,50.52,2.07,2.17,2.19,2.68,2.71,3,3,3.01,3.27,3.64,3.76,3.73,3.51,4.05,3.7,4.1,3.86,4.05,4.12,3.95,4,4.23,4.17,4.46,0,0,0,0,0,0,0,0,0,0.21,0.33,0.3,0.08,0.62,0.27,0.67,0.43,0.62,0.69,0.52,0.57,0.8,0.74,1.03
17619,IND,India,Madhya Pradesh,Neemuch,920819,5,40,25.47,25.76,25.99,32.55,32.79,37.37,34.28,38.16,39.8,39.13,40.13,41.36,45.04,47.81,42.96,46.22,42.18,42.7,41.27,43.47,42.02,50.26,45.25,46.34,2.01,2.03,2.06,2.7,2.72,3.17,2.87,3.25,3.41,3.35,3.44,3.56,3.92,4.2,3.72,4.04,3.64,3.69,3.55,3.77,3.63,4.44,3.94,4.05,0,0,0,0,0,0,0,0,0,0,0.01,0.13,0.49,0.77,0.29,0.61,0.21,0.26,0.12,0.34,0.2,1.01,0.51,0.62
17620,IND,India,Madhya Pradesh,Panna,1146621,5,40,29.34,31.45,28.79,34.6,35.29,39.6,39.13,37.49,38,44.1,48.65,43.1,44.19,50.27,46.34,50.08,45.12,43.71,47.85,45.95,44.87,53.17,51.27,51.27,2.39,2.59,2.33,2.9,2.97,3.39,3.34,3.18,3.23,3.83,4.28,3.73,3.84,4.44,4.05,4.42,3.93,3.79,4.2,4.01,3.91,4.72,4.53,4.53,0,0,0,0,0,0,0,0,0,0.4,0.85,0.3,0.41,1.01,0.62,0.99,0.5,0.36,0.77,0.58,0.48,1.29,1.1,1.1
17621,IND,India,Madhya Pradesh,Raisen,1508510,5,40,24.58,24.71,24.94,29.65,30.84,35.24,33.29,34.34,36.73,39.69,40.13,40.14,39.02,44.71,40.54,44.48,42.47,42.53,43.14,42.51,42.78,46.74,47.18,49.17,1.92,1.93,1.95,2.42,2.53,2.96,2.77,2.88,3.11,3.4,3.44,3.44,3.33,3.89,3.48,3.87,3.67,3.68,3.74,3.68,3.7,4.09,4.13,4.33,0,0,0,0,0,0,0,0,0,0,0.01,0.01,0,0.46,0.05,0.44,0.24,0.25,0.31,0.25,0.27,0.66,0.7,0.9
17622,IND,India,Madhya Pradesh,Rajgarh,1732705,5,40,26.19,26.19,28.27,31.54,33.79,38.08,34.8,36.99,38.71,41.09,40.88,41.38,41.74,48.54,41.15,45.78,43.01,41.96,42.53,44.59,42.14,47.89,46.5,48.3,2.08,2.08,2.28,2.6,2.82,3.24,2.92,3.14,3.3,3.54,3.52,3.57,3.6,4.27,3.54,4,3.72,3.62,3.68,3.88,3.64,4.2,4.07,4.24,0,0,0,0,0,0,0,0,0,0.11,0.09,0.14,0.17,0.84,0.11,0.57,0.29,0.19,0.25,0.45,0.21,0.77,0.64,0.81
17623,IND,India,Madhya Pradesh,Ratlam,1631382,5,40,22.07,22.2,25.15,28.45,29.88,34.64,32.59,34.46,37.47,36.65,36.82,38.26,39.27,42.7,37.63,40.33,40.3,38.73,38.32,42.33,39.64,46.84,43.35,45.16,1.67,1.69,1.97,2.3,2.44,2.9,2.7,2.89,3.18,3.1,3.12,3.26,3.36,3.69,3.2,3.46,3.46,3.31,3.27,3.66,3.39,4.1,3.76,3.94,0,0,0,0,0,0,0,0,0,0,0,0,0,0.26,0,0.03,0.03,0,0,0.23,0,0.67,0.33,0.51
17624,IND,India,Madhya Pradesh,Rewa,2669379,5,40,38.14,39.28,37.45,43.01,43.55,47.96,46.47,44.99,44.1,50.24,57.16,49.68,51.14,58.33,55.96,58.91,53.28,50.25,57.15,57.01,53.79,64.83,61.97,64.23,3.25,3.36,3.18,3.73,3.78,4.21,4.06,3.92,3.83,4.43,5.11,4.38,4.52,5.23,4.99,5.28,4.73,4.43,5.11,5.1,4.78,5.86,5.58,5.8,0,0,0,0.3,0.35,0.78,0.63,0.49,0.4,1,1.68,0.95,1.09,1.8,1.56,1.85,1.3,1,1.68,1.67,1.35,2.43,2.15,2.37
17625,IND,India,Madhya Pradesh,Sagar,2673555,5,40,24.69,25.78,25.45,30.94,32.72,37.16,35.3,35.65,36.84,40.4,41.7,41.1,40.64,46.77,42.99,46.98,43.97,42.48,44.39,43.67,42.5,48.42,46.24,49.19,1.93,2.04,2,2.54,2.72,3.15,2.97,3,3.12,3.47,3.6,3.54,3.49,4.09,3.72,4.11,3.82,3.67,3.86,3.79,3.68,4.26,4.04,4.33,0,0,0,0,0,0,0,0,0,0.04,0.17,0.11,0.06,0.66,0.29,0.68,0.39,0.24,0.43,0.36,0.25,0.83,0.61,0.9
17626,IND,India,Madhya Pradesh,Satna,2488784,5,40,35.11,36.86,34.35,40.11,40.52,44.43,43.7,41.78,41.62,48.19,54.45,48.26,49.38,55.08,52.63,56.17,50.94,47.86,54.25,52.82,50.46,60.26,58.46,59.73,2.95,3.12,2.88,3.44,3.48,3.86,3.79,3.6,3.59,4.23,4.85,4.24,4.35,4.91,4.67,5.02,4.5,4.2,4.83,4.69,4.46,5.42,5.24,5.36,0,0,0,0.01,0.05,0.43,0.36,0.17,0.16,0.8,1.42,0.81,0.92,1.48,1.24,1.59,1.07,0.77,1.4,1.26,1.03,1.99,1.81,1.93
17627,IND,India,Madhya Pradesh,Sehore,1452468,5,40,26.34,24.97,25.74,29.73,29.99,34.78,32.5,34.03,37.13,38.89,39.01,39.81,39.72,44.49,38.93,44.12,42.24,41.82,41.01,42.26,41.09,45.9,47.32,48.7,2.09,1.96,2.03,2.42,2.45,2.92,2.69,2.84,3.15,3.32,3.33,3.41,3.4,3.87,3.33,3.83,3.65,3.61,3.53,3.65,3.54,4.01,4.15,4.28,0,0,0,0,0,0,0,0,0,0,0,0,0,0.44,0,0.4,0.22,0.18,0.1,0.22,0.11,0.58,0.72,0.85
17628,IND,India,Madhya Pradesh,Seoni,1547462,5,40,24.72,24.88,25.89,31.05,31.12,34.59,34.19,33.02,35.93,39.76,40.34,39.5,38.88,42.86,36.82,43.28,39.98,43.24,40.59,40.74,40.69,43.08,42.86,48.24,1.93,1.95,2.05,2.55,2.56,2.9,2.86,2.75,3.03,3.41,3.46,3.38,3.32,3.71,3.12,3.75,3.43,3.75,3.49,3.5,3.5,3.73,3.71,4.24,0,0,0,0,0,0,0,0,0,0,0.03,0,0,0.28,0,0.32,0,0.32,0.06,0.07,0.07,0.3,0.28,0.81
17629,IND,India,Madhya Pradesh,Shahdol,1646508,5,40,23.8,24.39,25.22,29.99,30.79,33.25,34.1,32.64,34.27,39,41.55,39.42,37.5,42.73,39.15,42.64,40.14,40,39.42,40,38.45,42.89,41.59,44.64,1.84,1.9,1.98,2.45,2.53,2.77,2.85,2.71,2.87,3.33,3.58,3.37,3.19,3.7,3.35,3.69,3.44,3.43,3.37,3.43,3.28,3.71,3.59,3.88,0,0,0,0,0,0,0,0,0,0,0.15,0,0,0.27,0,0.26,0.01,0,0,0,0,0.28,0.16,0.45
17630,IND,India,Madhya Pradesh,Shajapur,955085,5,40,26.24,24.95,27.36,30.33,31.83,36.32,33.77,35.53,38.19,39.55,39.74,40.38,40.48,45.85,39.48,44.43,42.48,40.96,40.88,43.31,40.4,46.24,45.8,47.3,2.08,1.95,2.19,2.48,2.63,3.07,2.82,2.99,3.25,3.39,3.4,3.47,3.48,4,3.38,3.86,3.67,3.52,3.52,3.75,3.47,4.04,4,4.15,0,0,0,0,0,0,0,0,0,0,0,0.04,0.05,0.57,0,0.43,0.24,0.09,0.09,0.32,0.04,0.61,0.57,0.72
17631,IND,India,Madhya Pradesh,Sheopur,782116,5,40,35.55,33.66,33.38,40.33,44.04,48.12,43.91,46.86,46.18,49.03,51.7,52.4,54.68,56.89,51.57,52.7,50.34,51.02,50.57,48.66,50.1,58.1,55.93,55.16,2.99,2.81,2.78,3.46,3.83,4.23,3.81,4.1,4.04,4.31,4.58,4.65,4.87,5.09,4.56,4.67,4.44,4.51,4.47,4.28,4.42,5.2,4.99,4.92,0,0,0,0.03,0.4,0.8,0.38,0.67,0.61,0.88,1.15,1.22,1.44,1.66,1.13,1.24,1.01,1.08,1.04,0.85,0.99,1.77,1.56,1.49
17632,IND,India,Madhya Pradesh,Shivpuri,1929599,5,40,31.97,31,30.3,36.54,38.5,44.49,39.61,41.35,40.82,44.2,47.01,45.56,48.27,53,46.88,47.82,46.36,46.92,46.89,45.24,45.8,53.85,50.38,49.67,2.64,2.55,2.48,3.09,3.28,3.87,3.39,3.56,3.51,3.84,4.12,3.97,4.24,4.7,4.1,4.2,4.05,4.11,4.1,3.94,4,4.79,4.45,4.38,0,0,0,0,0,0.44,0,0.13,0.08,0.41,0.69,0.54,0.81,1.27,0.67,0.77,0.62,0.68,0.67,0.51,0.57,1.36,1.02,0.95
17633,IND,India,Madhya Pradesh,Sidhi,1267065,5,40,29.98,31.53,30.01,34.86,35,38.47,39.12,37.65,37.93,42.3,47.79,43.59,43.3,49.4,47.79,49.47,45.85,42.96,46.83,46.92,44.36,52.21,49.61,52.59,2.45,2.6,2.45,2.93,2.94,3.28,3.34,3.2,3.23,3.66,4.19,3.78,3.75,4.35,4.19,4.36,4,3.72,4.1,4.11,3.86,4.63,4.37,4.66,0,0,0,0,0,0,0,0,0,0.23,0.76,0.35,0.32,0.92,0.76,0.93,0.57,0.29,0.67,0.68,0.43,1.2,0.94,1.23
17634,IND,India,Madhya Pradesh,Singrauli,1324001,5,40,25.64,27,27.27,32.04,31.85,35.03,35.72,34.2,35.73,38.52,43.97,40.7,39.19,45.94,40.89,44.07,41.02,38.68,41.2,40.86,38.77,45.48,43.46,46.04,2.02,2.16,2.18,2.65,2.63,2.94,3.01,2.86,3.01,3.28,3.82,3.5,3.35,4.01,3.52,3.83,3.53,3.3,3.55,3.51,3.31,3.97,3.77,4.02,0,0,0,0,0,0,0,0,0,0,0.39,0.07,0,0.58,0.09,0.4,0.1,0,0.12,0.08,0,0.54,0.34,0.59
17635,IND,India,Madhya Pradesh,Tikamgarh,1639570,5,40,35.78,35.78,32.97,38.04,39.73,45.53,42.9,44.43,43.07,47.36,51.72,48.47,49.57,55.74,49.89,53.95,51.9,49.66,50.74,50.84,49.33,59.91,55.67,55.86,3.02,3.02,2.74,3.24,3.4,3.97,3.71,3.86,3.73,4.15,4.58,4.26,4.37,4.97,4.4,4.8,4.6,4.38,4.48,4.49,4.34,5.38,4.97,4.98,0,0,0,0,0,0.54,0.28,0.43,0.3,0.72,1.15,0.83,0.94,1.54,0.97,1.37,1.17,0.95,1.05,1.06,0.91,1.95,1.54,1.55
17636,IND,India,Madhya Pradesh,Ujjain,2234140,5,40,22.65,22.59,25.31,27.87,29.11,33.47,31.84,33.33,36.33,36.01,36.42,37.08,38,41.69,36.34,40.3,39.92,37.8,37.83,41.06,37.87,43.89,42.67,44.28,1.73,1.72,1.99,2.24,2.36,2.79,2.63,2.78,3.07,3.04,3.08,3.14,3.23,3.6,3.07,3.46,3.42,3.21,3.22,3.53,3.22,3.81,3.69,3.85,0,0,0,0,0,0,0,0,0,0,0,0,0,0.17,0,0.03,0,0,0,0.1,0,0.38,0.26,0.42
17637,IND,India,Madhya Pradesh,Umaria,591381,5,40,25.58,26.71,26.12,30.92,31.85,34.38,35.94,33.48,35.51,40.85,44.19,41.6,39.93,44.29,42.1,45.48,42.82,41.7,42.38,42.75,40.48,45.79,43.68,47.87,2.02,2.13,2.07,2.54,2.63,2.88,3.03,2.79,2.99,3.51,3.84,3.59,3.42,3.85,3.64,3.97,3.71,3.6,3.66,3.7,3.48,4,3.79,4.2,0,0,0,0,0,0,0,0,0,0.08,0.41,0.16,0,0.42,0.21,0.54,0.28,0.17,0.23,0.27,0.05,0.57,0.36,0.77
17638,IND,India,Madhya Pradesh,Vidisha,1636489,5,40,24.72,25.52,25.98,31.16,33.74,38.34,35.16,36.68,37.52,40.71,41.81,42.56,41.42,49.01,42.59,46.85,44.46,42.37,44.05,44.12,42.9,48.44,47.55,49.64,1.93,2.01,2.06,2.56,2.82,3.27,2.96,3.1,3.19,3.5,3.61,3.68,3.57,4.31,3.68,4.1,3.87,3.66,3.83,3.83,3.71,4.26,4.17,4.37,0,0,0,0,0,0,0,0,0,0.07,0.18,0.25,0.14,0.88,0.25,0.67,0.44,0.23,0.4,0.4,0.28,0.83,0.74,0.94
17639,IND,India,Maharashtra,Ahmednagar,4790657,5,40,19.22,18.09,24.4,26.42,25.62,27.76,28.05,31.17,33.18,33.69,34.22,35.45,36.29,36.13,32.26,35.86,35.5,36.42,37.41,38.18,36.07,36.87,39.97,43.97,1.39,1.28,1.9,2.1,2.02,2.23,2.26,2.56,2.76,2.81,2.86,2.98,3.07,3.05,2.67,3.02,2.99,3.08,3.18,3.25,3.05,3.12,3.43,3.82,0,0,0,0,0,0,0,0,0,0,0,0,0,0,0,0,0,0,0,0,0,0,0,0.39
17640,IND,India,Maharashtra,Akola,2021846,5,40,23.18,22.46,26.8,28.87,28.71,32.47,31.85,33.47,37.57,37,37.88,37.93,39.51,41.27,36.39,42.49,40.4,41.69,40.34,43.11,41.44,46.24,47.82,52.52,1.78,1.71,2.14,2.34,2.32,2.69,2.63,2.79,3.19,3.14,3.22,3.23,3.38,3.55,3.08,3.67,3.47,3.6,3.46,3.73,3.57,4.04,4.2,4.66,0,0,0,0,0,0,0,0,0,0,0,0,0,0.12,0,0.24,0.04,0.17,0.03,0.3,0.14,0.61,0.77,1.23
17641,IND,India,Maharashtra,Amravati,3137975,5,40,22.72,23.13,26.63,29.93,29.54,33.28,32.53,34,37.78,37.06,38.19,38.22,38.29,40.74,35.82,42.16,40.44,41.97,40.35,43.05,42.08,44.81,46.11,49.79,1.74,1.78,2.12,2.44,2.41,2.77,2.7,2.84,3.21,3.14,3.25,3.26,3.26,3.5,3.02,3.64,3.47,3.62,3.46,3.73,3.63,3.9,4.03,4.39,0,0,0,0,0,0,0,0,0,0,0,0,0,0.07,0,0.21,0.04,0.19,0.03,0.3,0.2,0.47,0.6,0.96
17642,IND,India,Maharashtra,Aurangabad,4047947,5,40,19.87,18.82,24.6,26.85,26.43,29.47,29.28,31.43,34.16,34.58,33.69,34.8,35.72,36.58,31.82,36.91,35.97,36.88,38.27,39.57,37.53,39.31,42.34,46.24,1.46,1.35,1.92,2.14,2.1,2.4,2.38,2.59,2.86,2.9,2.81,2.92,3.01,3.1,2.63,3.13,3.04,3.12,3.26,3.39,3.19,3.36,3.66,4.04,0,0,0,0,0,0,0,0,0,0,0,0,0,0,0,0,0,0,0,0,0,0,0.23,0.61
17643,IND,India,Maharashtra,Beed,2838664,5,40,16.59,16.46,22.6,24.88,25.08,27.33,26.78,29.51,31.45,32.2,32.39,32.16,33.15,34.24,29.81,33.21,33.96,33.19,34.18,34.6,33.63,34.62,36.62,41.05,1.14,1.12,1.72,1.95,1.97,2.19,2.13,2.4,2.59,2.67,2.68,2.66,2.76,2.87,2.43,2.76,2.84,2.76,2.86,2.9,2.81,2.9,3.1,3.53,0,0,0,0,0,0,0,0,0,0,0,0,0,0,0,0,0,0,0,0,0,0,0,0.1
17644,IND,India,Maharashtra,Bhandara,1561052,5,40,30.05,32.19,30.47,36.39,34.43,37.81,38.49,37.66,40.64,43.15,45.41,42.38,43.09,46.96,41.77,47.77,46.86,48.88,48.5,48.41,47.75,51.04,52.64,57.04,2.45,2.66,2.5,3.08,2.88,3.22,3.28,3.2,3.49,3.74,3.96,3.66,3.73,4.11,3.6,4.19,4.1,4.3,4.26,4.25,4.19,4.51,4.67,5.1,0,0,0,0,0,0,0,0,0.06,0.31,0.53,0.23,0.3,0.68,0.17,0.76,0.67,0.87,0.83,0.82,0.76,1.08,1.24,1.67
17645,IND,India,Maharashtra,Buldhana,2788165,5,40,22.17,21.24,26.03,27.97,28.02,31.68,31.21,32.68,36.44,35.97,35.96,36.17,38.63,39.54,35.39,40.93,39.36,39.98,38.99,41.52,39.69,43.89,46.08,50.46,1.68,1.59,2.06,2.25,2.26,2.61,2.57,2.71,3.08,3.04,3.03,3.05,3.3,3.39,2.98,3.52,3.37,3.43,3.33,3.58,3.4,3.81,4.03,4.46,0,0,0,0,0,0,0,0,0,0,0,0,0,0,0,0.09,0,0,0,0.15,0,0.38,0.6,1.03
17646,IND,India,Maharashtra,Chandrapur,2414695,5,40,23.77,25.73,25.19,30.1,28.31,30.89,32.64,33.2,34.71,35.93,38.64,36.72,36.9,39.34,36.03,41.1,40.57,39.65,41.72,39.55,39.27,41.59,42.33,46.41,1.84,2.03,1.98,2.46,2.28,2.54,2.71,2.76,2.91,3.03,3.3,3.11,3.13,3.37,3.04,3.54,3.49,3.4,3.6,3.39,3.36,3.59,3.66,4.06,0,0,0,0,0,0,0,0,0,0,0,0,0,0,0,0.11,0.06,0,0.17,0,0,0.16,0.23,0.63
17647,IND,India,Maharashtra,Dhule,2244425,5,40,23.51,22.5,24.45,26.78,25.02,29.09,28.87,30.07,32.9,33.99,34.17,33.9,35.5,34.5,31.51,37.4,35.24,36.38,35.09,38.5,36.06,40.86,43.35,44.61,1.81,1.72,1.91,2.13,1.96,2.36,2.34,2.46,2.73,2.84,2.86,2.83,2.99,2.89,2.6,3.18,2.96,3.07,2.95,3.28,3.04,3.51,3.76,3.88,0,0,0,0,0,0,0,0,0,0,0,0,0,0,0,0,0,0,0,0,0,0.08,0.33,0.45
17648,IND,India,Maharashtra,Gadchiroli,1169881,5,40,21.98,24.94,24.82,29.23,27.73,31.05,32.93,32.36,33.4,35.61,37.35,35.61,35.56,38.28,33.72,38.54,38.11,38.61,38.93,36.88,36.85,38.36,40.33,43.55,1.66,1.95,1.94,2.37,2.23,2.55,2.74,2.68,2.78,3,3.17,3,2.99,3.26,2.81,3.29,3.24,3.29,3.33,3.12,3.12,3.27,3.46,3.78,0,0,0,0,0,0,0,0,0,0,0,0,0,0,0,0,0,0,0,0,0,0,0.03,0.35
17649,IND,India,Maharashtra,Gondiya,1199307,5,40,31.3,33.47,31.07,37.35,35.1,38.81,39.83,38.59,41.82,44.94,46.94,42.79,44.11,48.61,42.62,48.48,46.78,49.63,48.14,48.26,47.3,51.17,51.4,55.77,2.58,2.79,2.55,3.17,2.95,3.31,3.41,3.29,3.61,3.91,4.11,3.7,3.83,4.27,3.69,4.26,4.09,4.37,4.23,4.24,4.15,4.52,4.55,4.98,0,0,0,0,0,0,0,0,0.18,0.48,0.68,0.27,0.4,0.84,0.26,0.83,0.66,0.94,0.8,0.81,0.72,1.09,1.12,1.55
17650,IND,India,Maharashtra,Hingoli,1289433,5,40,20.53,20.28,25.04,27.41,27.44,30.21,29.98,31.92,35.5,34.85,35.62,34.64,35.5,37.4,33.43,38.24,36.74,35.2,36.12,37.67,37.83,39.56,40.6,44.52,1.52,1.5,1.96,2.2,2.2,2.47,2.45,2.64,2.99,2.93,3,2.9,2.99,3.18,2.79,3.26,3.11,2.96,3.05,3.2,3.22,3.39,3.49,3.87,0,0,0,0,0,0,0,0,0,0,0,0,0,0,0,0,0,0,0,0,0,0,0.06,0.44
17651,IND,India,Maharashtra,Jalgaon,4619083,5,40,25,24.4,27.24,29.2,28.2,32.27,31.84,33.85,37.36,37.66,37.29,37.4,39.74,39.48,35.64,41.89,39.6,41.09,39.95,43.03,40.9,45.31,48.79,51.59,1.96,1.9,2.18,2.37,2.27,2.67,2.63,2.83,3.17,3.2,3.16,3.18,3.4,3.38,3,3.61,3.39,3.54,3.43,3.73,3.52,3.95,4.29,4.57,0,0,0,0,0,0,0,0,0,0,0,0,0,0,0,0.18,0,0.11,0,0.3,0.09,0.52,0.86,1.14
17652,IND,India,Maharashtra,Jalna,2140052,5,40,19.93,19.18,24.99,26.91,27.25,30.38,30.05,31.9,34.89,34.95,34.14,34.63,36.21,37.7,32.95,37.72,36.97,37.14,38.47,39.63,37.99,39.71,42.63,46.69,1.46,1.39,1.96,2.15,2.18,2.49,2.45,2.64,2.93,2.94,2.86,2.9,3.06,3.2,2.74,3.21,3.13,3.15,3.28,3.39,3.23,3.4,3.69,4.09,0,0,0,0,0,0,0,0,0,0,0,0,0,0,0,0,0,0,0,0,0,0,0.26,0.66
17653,IND,India,Maharashtra,Kolhapur,4267267,5,40,15.62,15.62,20.67,21.58,24.77,25.8,24.65,28.16,27.7,30.15,30.53,32.22,31.55,31.79,29.63,27.99,32.88,31.59,31.78,32.97,33.82,29.81,34.84,35.33,1.04,1.04,1.54,1.63,1.94,2.04,1.93,2.27,2.23,2.46,2.5,2.67,2.6,2.63,2.41,2.25,2.73,2.61,2.62,2.74,2.82,2.43,2.92,2.97,0,0,0,0,0,0,0,0,0,0,0,0,0,0,0,0,0,0,0,0,0,0,0,0
17654,IND,India,Maharashtra,Latur,2825557,5,40,16.4,16.36,22.34,24.44,24.8,27.18,26.72,29.48,31.34,32.14,32.13,32.36,32.38,33.21,29.34,31.51,33.26,30.16,32.32,32.97,32.26,32.36,32.92,36.64,1.12,1.11,1.7,1.91,1.94,2.17,2.13,2.4,2.58,2.66,2.66,2.68,2.68,2.76,2.38,2.6,2.77,2.47,2.68,2.74,2.67,2.68,2.74,3.1,0,0,0,0,0,0,0,0,0,0,0,0,0,0,0,0,0,0,0,0,0,0,0,0
17655,IND,India,Maharashtra,Mumbai City,3275698,5,40,25.52,26.26,27.27,26.19,25.84,28.21,28.46,30.95,31.92,32.22,35.14,34.55,33.37,34.5,32.96,31.89,34.57,34.85,36.47,37.31,38.77,33.8,35.3,35.53,2.01,2.08,2.18,2.08,2.04,2.27,2.3,2.54,2.64,2.67,2.95,2.9,2.78,2.89,2.74,2.64,2.9,2.93,3.08,3.17,3.31,2.82,2.97,2.99,0,0,0,0,0,0,0,0,0,0,0,0,0,0,0,0,0,0,0,0,0,0,0,0
17656,IND,India,Maharashtra,Mumbai Suburban,10362454,5,40,23.75,24.04,24.59,24.07,23.79,27.02,27.51,29.64,30.66,31.17,34.56,33.68,33.29,34.92,33.83,33.24,35.15,36.33,37.5,37.99,38.76,34.22,35.19,36.35,1.84,1.87,1.92,1.87,1.84,2.16,2.21,2.41,2.51,2.57,2.9,2.81,2.77,2.93,2.83,2.77,2.95,3.07,3.18,3.23,3.31,2.86,2.96,3.07,0,0,0,0,0,0,0,0,0,0,0,0,0,0,0,0,0,0,0,0,0,0,0,0
17657,IND,India,Maharashtra,Nagpur,5094050,5,40,27.13,28.5,29.42,34.67,32.51,35.94,35.91,36.74,39.4,40.92,43.53,41.89,42.84,45.96,40.71,47,46.02,46.6,47,47.85,47.38,49.38,51.66,53.66,2.17,2.3,2.39,2.91,2.7,3.03,3.03,3.11,3.37,3.52,3.78,3.62,3.71,4.01,3.5,4.12,4.02,4.08,4.12,4.2,4.15,4.35,4.57,4.77,0,0,0,0,0,0,0,0,0,0.09,0.35,0.19,0.28,0.58,0.07,0.69,0.59,0.65,0.69,0.77,0.72,0.92,1.14,1.34
17658,IND,India,Maharashtra,Nanded,3662930,5,40,20.25,20.41,24.74,26.79,26.76,28.82,28.98,30.89,34.03,33.93,35.17,33.73,34.13,35.01,31.59,35.92,35.11,33.03,35.05,36.14,36.47,37.13,37.71,41.11,1.49,1.51,1.93,2.14,2.13,2.33,2.35,2.54,2.85,2.84,2.96,2.82,2.85,2.94,2.61,3.03,2.95,2.75,2.94,3.05,3.08,3.15,3.21,3.54,0,0,0,0,0,0,0,0,0,0,0,0,0,0,0,0,0,0,0,0,0,0,0,0.11
17659,IND,India,Maharashtra,Nandurbar,1791033,5,40,21.01,20.08,22.13,24.9,23.86,27.58,27.56,28.97,31.93,32.42,33.68,32.65,34.54,33.29,30.88,35.66,34.43,35.25,34.71,37.01,34.94,39.76,40.44,42.75,1.57,1.48,1.68,1.95,1.85,2.21,2.21,2.35,2.64,2.69,2.81,2.71,2.89,2.77,2.54,3,2.88,2.96,2.91,3.14,2.93,3.41,3.47,3.7,0,0,0,0,0,0,0,0,0,0,0,0,0,0,0,0,0,0,0,0,0,0,0.04,0.27
17660,IND,India,Maharashtra,Nashik,6676184,5,40,16.2,15.17,19.33,22.31,20.95,24.33,24.66,25.37,27.89,28.54,29.87,29.88,31.94,30.74,28.46,32.03,30.53,30.87,31.26,33.7,31.46,33.45,34.73,37.57,1.1,1,1.4,1.7,1.56,1.89,1.93,2,2.24,2.31,2.44,2.44,2.64,2.52,2.3,2.65,2.5,2.54,2.57,2.81,2.59,2.79,2.91,3.19,0,0,0,0,0,0,0,0,0,0,0,0,0,0,0,0,0,0,0,0,0,0,0,0
17661,IND,India,Maharashtra,Osmanabad,1810368,5,40,14.94,14.97,21.06,22.8,23.82,25.7,25.18,28.19,29.78,30.89,31.04,31.31,31.33,32.1,27.91,29.85,32.93,30.29,31.51,32.44,31.44,31.15,32.75,36.54,0.97,0.98,1.57,1.74,1.84,2.03,1.98,2.27,2.43,2.54,2.55,2.58,2.58,2.66,2.25,2.44,2.74,2.48,2.6,2.69,2.59,2.56,2.72,3.09,0,0,0,0,0,0,0,0,0,0,0,0,0,0,0,0,0,0,0,0,0,0,0,0
17662,IND,India,Maharashtra,Palghar,2616805,5,40,15.88,17.24,17.67,19.49,19.71,22.17,22.24,23.64,25.06,25.38,27.49,26.63,27.01,28.3,27.02,27.18,28.35,28.44,28.7,30.42,29.72,27.72,28.91,30.01,1.07,1.2,1.24,1.42,1.44,1.68,1.69,1.83,1.97,2,2.2,2.12,2.16,2.28,2.16,2.17,2.29,2.3,2.32,2.49,2.42,2.23,2.34,2.45,0,0,0,0,0,0,0,0,0,0,0,0,0,0,0,0,0,0,0,0,0,0,0,0
17663,IND,India,Maharashtra,Parbhani,2003489,5,40,19.27,19.19,24.46,26.62,26.82,29.21,28.82,30.98,33.72,33.51,33.72,32.69,34.2,35.62,31.65,35.88,35.28,34.12,35.26,36.12,36.05,37.52,39.16,43.68,1.4,1.39,1.91,2.12,2.14,2.37,2.33,2.55,2.81,2.79,2.81,2.71,2.86,3,2.61,3.03,2.97,2.85,2.97,3.05,3.04,3.19,3.35,3.79,0,0,0,0,0,0,0,0,0,0,0,0,0,0,0,0,0,0,0,0,0,0,0,0.36
17664,IND,India,Maharashtra,Pune,10338864,5,40,20.66,19.58,25.38,26.81,27.69,29.58,30.67,34.34,35.44,35.92,39,38.27,40.36,40.58,37.25,37.98,39.41,40.66,42.5,42.73,40.86,39.87,44.01,46.69,1.53,1.43,2,2.14,2.22,2.41,2.52,2.88,2.98,3.03,3.33,3.26,3.47,3.49,3.16,3.23,3.37,3.49,3.68,3.7,3.51,3.42,3.82,4.09,0,0,0,0,0,0,0,0,0,0,0,0,0.04,0.06,0,0,0,0.06,0.25,0.27,0.08,0,0.39,0.66
17665,IND,India,Maharashtra,Raigad,2853509,5,40,18.05,18.05,19.95,21.3,22.15,24.32,25.07,27.64,28.09,29.05,32.45,32.13,31.3,33.19,32.11,30.87,32.5,32.9,33.03,36.04,35.66,33.13,36.06,36.81,1.28,1.28,1.47,1.6,1.68,1.89,1.97,2.22,2.26,2.36,2.69,2.66,2.58,2.76,2.66,2.54,2.7,2.73,2.75,3.04,3.01,2.76,3.04,3.12,0,0,0,0,0,0,0,0,0,0,0,0,0,0,0,0,0,0,0,0,0,0,0,0
17666,IND,India,Maharashtra,Ratnagiri,1759225,5,40,16.61,16.27,17.53,18.15,19.26,20.43,19.04,21.19,20.37,23.29,24.74,26.05,24.34,23.9,24,21.89,26.19,25.25,24.53,25.99,26.74,23.28,26.9,27.91,1.14,1.1,1.23,1.29,1.4,1.51,1.38,1.59,1.51,1.79,1.93,2.06,1.9,1.85,1.86,1.66,2.08,1.98,1.91,2.06,2.13,1.79,2.15,2.25,0,0,0,0,0,0,0,0,0,0,0,0,0,0,0,0,0,0,0,0,0,0,0,0
17667,IND,India,Maharashtra,Sangli,3059142,5,40,15.21,15.38,21.04,21.86,24.43,25.37,24.54,27.9,28.25,30.15,30.36,31.87,32.05,32.27,29.46,27.93,32.41,30.97,31.75,32.44,32.81,29.18,34.01,35.27,1,1.02,1.57,1.65,1.9,2,1.91,2.24,2.28,2.46,2.48,2.63,2.65,2.67,2.4,2.25,2.69,2.55,2.62,2.69,2.72,2.37,2.84,2.97,0,0,0,0,0,0,0,0,0,0,0,0,0,0,0,0,0,0,0,0,0,0,0,0
17668,IND,India,Maharashtra,Satara,3289517,5,40,15.58,14.76,20.35,21.66,23.61,24.22,24.51,27.76,27.86,29.29,30.79,31.26,32.48,32.23,29.58,28.66,32.11,31.69,32.14,33.05,32.56,30.22,34.9,37.03,1.04,0.96,1.5,1.63,1.82,1.88,1.91,2.23,2.24,2.38,2.53,2.57,2.69,2.67,2.41,2.32,2.66,2.62,2.66,2.75,2.7,2.47,2.93,3.14,0,0,0,0,0,0,0,0,0,0,0,0,0,0,0,0,0,0,0,0,0,0,0,0
17669,IND,India,Maharashtra,Sindhudurg,928176,5,40,14.59,15.22,16.66,16.97,18.9,20.23,18.48,20.66,20.08,23.28,23.94,25.84,23.57,22.9,22.51,20.57,25.81,24.13,24.05,24.91,26.58,22.17,25.99,27.03,0.94,1,1.14,1.17,1.36,1.49,1.32,1.53,1.48,1.79,1.86,2.04,1.82,1.75,1.72,1.53,2.04,1.87,1.87,1.95,2.11,1.68,2.06,2.16,0,0,0,0,0,0,0,0,0,0,0,0,0,0,0,0,0,0,0,0,0,0,0,0
17670,IND,India,Maharashtra,Solapur,4730003,5,40,16.41,16.71,22.49,23.16,24.73,25.97,25.47,29.4,30.47,31.64,32.3,32.65,32.8,33.45,29.48,30.27,33.65,31.47,33.14,33.73,33.19,31.77,34.87,37.54,1.12,1.15,1.71,1.78,1.93,2.06,2.01,2.39,2.5,2.61,2.68,2.71,2.72,2.79,2.4,2.48,2.81,2.59,2.76,2.82,2.76,2.62,2.93,3.19,0,0,0,0,0,0,0,0,0,0,0,0,0,0,0,0,0,0,0,0,0,0,0,0
17671,IND,India,Maharashtra,Thane,9302990,5,40,18.25,18.62,19.78,21.5,21.96,24.75,25.61,27.66,28.75,29.21,32.32,31.79,31.3,33.66,32.37,32.17,32.81,33.64,33.46,36.32,35.48,34,36.07,36.57,1.3,1.33,1.45,1.62,1.66,1.94,2.02,2.22,2.33,2.37,2.68,2.63,2.58,2.81,2.68,2.66,2.73,2.81,2.79,3.07,2.99,2.84,3.04,3.09,0,0,0,0,0,0,0,0,0,0,0,0,0,0,0,0,0,0,0,0,0,0,0,0
17672,IND,India,Maharashtra,Wardha,1436022,5,40,23.95,25.16,28.01,32.05,30.52,33.72,33.79,35.74,38.77,38.95,41.01,39.63,39.9,42.25,37.42,42.91,42.39,42.2,43.62,44.83,44.59,45.52,47.17,50.03,1.86,1.98,2.26,2.65,2.5,2.81,2.82,3.01,3.31,3.33,3.53,3.39,3.42,3.65,3.18,3.72,3.66,3.65,3.78,3.9,3.88,3.97,4.13,4.41,0,0,0,0,0,0,0,0,0,0,0.1,0,0,0.22,0,0.29,0.23,0.22,0.35,0.47,0.45,0.54,0.7,0.98
17673,IND,India,Maharashtra,Washim,1308194,5,40,19.5,19.27,24.35,26.7,26.84,30.37,30.01,31.83,35.27,34.5,35.6,35.22,35.8,37.73,33.95,38.58,37.04,36.76,36.74,39.49,38.18,40.91,41.85,45.62,1.42,1.4,1.9,2.13,2.14,2.49,2.45,2.63,2.97,2.89,3,2.96,3.02,3.21,2.84,3.29,3.14,3.11,3.11,3.38,3.25,3.52,3.61,3.98,0,0,0,0,0,0,0,0,0,0,0,0,0,0,0,0,0,0,0,0,0,0.09,0.18,0.55
17674,IND,India,Maharashtra,Yavatmal,3029771,5,40,22.18,22.76,26.34,28.97,28.32,31,30.92,33.03,36,35.77,37.65,36.51,36.21,38.09,34.42,39.47,38.17,37.42,39.13,40.41,40.18,42.01,42.63,45.77,1.68,1.74,2.09,2.35,2.29,2.55,2.54,2.75,3.04,3.01,3.2,3.09,3.06,3.24,2.88,3.38,3.25,3.18,3.34,3.47,3.45,3.63,3.69,4,0,0,0,0,0,0,0,0,0,0,0,0,0,0,0,0,0,0,0,0.04,0.02,0.2,0.26,0.57
17675,IND,India,Manipur,Bishnupur,278441,5,40,20.14,20.9,23.51,27,29.2,29.29,30.25,33.21,34.38,33.43,32.58,36.07,34.26,37.46,39.99,35.14,34.25,36.1,33.27,31.57,39.16,33.41,36.77,38.63,1.48,1.56,1.81,2.16,2.37,2.38,2.47,2.76,2.88,2.79,2.7,3.04,2.87,3.18,3.43,2.95,2.87,3.05,2.77,2.6,3.35,2.78,3.11,3.3,0,0,0,0,0,0,0,0,0,0,0,0,0,0,0,0,0,0,0,0,0,0,0,0
17676,IND,India,Manipur,Chandel,164442,5,40,18.5,19.2,18.98,22.59,23.29,23.51,26.84,27.7,28.68,28.28,27.08,31.09,30.15,31.26,33.31,28.9,29.87,30.66,28.28,27.74,32.2,29.52,28.9,32.96,1.32,1.39,1.37,1.72,1.79,1.81,2.14,2.22,2.32,2.28,2.16,2.56,2.46,2.57,2.77,2.34,2.44,2.51,2.28,2.23,2.67,2.4,2.34,2.74,0,0,0,0,0,0,0,0,0,0,0,0,0,0,0,0,0,0,0,0,0,0,0,0
17677,IND,India,Manipur,Churachandpur,312326,5,40,18.68,17.81,19.17,22.58,23.62,24.93,26.68,28,28.63,28.53,27.7,30.93,29.78,32.62,34.11,29.32,29.96,31.61,29.94,28.51,34.17,30.04,30.29,33.49,1.34,1.26,1.39,1.72,1.82,1.95,2.12,2.25,2.32,2.31,2.23,2.54,2.43,2.71,2.85,2.38,2.45,2.61,2.44,2.3,2.86,2.45,2.48,2.79,0,0,0,0,0,0,0,0,0,0,0,0,0,0,0,0,0,0,0,0,0,0,0,0
17678,IND,India,Manipur,Imphal East,449079,5,40,20.91,23.75,21.36,24.42,25.74,26.32,27.73,29.2,31.47,30.26,29.5,33.85,30.46,33.39,35.77,31.33,31.68,32.65,30.68,29.88,34.74,31.09,33.3,35.23,1.56,1.84,1.6,1.9,2.03,2.09,2.23,2.37,2.59,2.48,2.4,2.83,2.5,2.78,3.02,2.58,2.61,2.71,2.52,2.44,2.91,2.56,2.77,2.96,0,0,0,0,0,0,0,0,0,0,0,0,0,0,0,0,0,0,0,0,0,0,0,0
17679,IND,India,Manipur,Imphal West,622632,5,40,22.24,26.08,23.69,26.45,28.23,28.56,29.37,31.67,33.64,32.26,31.53,35.71,32.17,35.45,38.55,33.9,33.69,34.65,32.47,30.9,36.81,32.38,35.13,36.89,1.69,2.07,1.83,2.1,2.28,2.31,2.39,2.61,2.81,2.67,2.6,3.01,2.66,2.98,3.29,2.83,2.81,2.91,2.69,2.54,3.12,2.68,2.95,3.12,0,0,0,0,0,0,0,0,0,0,0,0,0,0,0,0,0,0,0,0,0,0,0,0
17680,IND,India,Manipur,Senapati,503090,5,40,19.7,21.82,19.28,21.69,21.78,22.68,23.8,24.58,27.03,25.42,24.18,28.14,23.68,26.51,29,25.25,25.6,26.67,25.61,24.93,28,25.18,25.88,27.82,1.44,1.65,1.4,1.64,1.64,1.73,1.84,1.92,2.16,2,1.88,2.27,1.83,2.11,2.35,1.98,2.02,2.12,2.02,1.95,2.25,1.98,2.05,2.24,0,0,0,0,0,0,0,0,0,0,0,0,0,0,0,0,0,0,0,0,0,0,0,0
17681,IND,India,Manipur,Tamenglong,153490,5,40,18.88,19.38,19.46,21.86,22.32,23.81,24.06,24.79,28.36,27.03,25.62,30.02,25.11,29.19,30.8,26.99,27.23,28.1,26.97,26.76,31.17,27.75,28.73,29.37,1.36,1.41,1.42,1.65,1.7,1.84,1.87,1.94,2.29,2.16,2.02,2.45,1.97,2.37,2.53,2.16,2.18,2.26,2.15,2.13,2.56,2.23,2.33,2.39,0,0,0,0,0,0,0,0,0,0,0,0,0,0,0,0,0,0,0,0,0,0,0,0
17682,IND,India,Manipur,Thoubal,492031,5,40,20.47,21.27,23.13,26.76,28.48,28.03,29.4,31.9,32.97,32.2,31.52,34.95,32.79,36.08,38.73,33.65,33.42,34.94,32.01,30.81,37.42,32.44,35.16,37.17,1.52,1.59,1.78,2.13,2.3,2.26,2.39,2.64,2.74,2.67,2.6,2.93,2.72,3.05,3.31,2.81,2.78,2.93,2.65,2.53,3.18,2.69,2.96,3.15,0,0,0,0,0,0,0,0,0,0,0,0,0,0,0,0,0,0,0,0,0,0,0,0
17683,IND,India,Manipur,Ukhrul,202479,5,40,18.03,18.71,16.27,19.93,20.02,20.79,22.89,23.02,25.4,23.53,22.22,26,22.34,24.43,26.37,22.79,24.11,24.62,23.58,23.27,25.21,23.47,22.66,25.82,1.28,1.34,1.1,1.46,1.47,1.55,1.75,1.77,2,1.82,1.69,2.06,1.7,1.9,2.09,1.74,1.87,1.92,1.82,1.79,1.98,1.81,1.73,2.04,0,0,0,0,0,0,0,0,0,0,0,0,0,0,0,0,0,0,0,0,0,0,0,0
17684,IND,India,Meghalaya,East Garo Hills,254490,5,40,21.35,21.64,26.61,27.27,27.59,28.8,27,32.33,34.71,33.1,32.91,36.76,28.74,32.13,35.98,31.97,30.94,29.02,30.73,32.52,38.69,36.12,34.03,36.96,1.6,1.63,2.12,2.18,2.21,2.33,2.16,2.68,2.91,2.75,2.74,3.11,2.33,2.66,3.04,2.64,2.54,2.35,2.52,2.7,3.3,3.05,2.84,3.13,0,0,0,0,0,0,0,0,0,0,0,0,0,0,0,0,0,0,0,0,0,0,0,0
17685,IND,India,Meghalaya,East Khasi Hills,984070,5,40,14.19,14.21,19.05,22.33,21.21,22.77,23.56,23.48,28.19,24.27,25.03,31.03,22.21,26.91,28.91,22.98,25.22,26.81,25.14,24.15,28.55,25.89,25,28.29,0.9,0.9,1.38,1.7,1.59,1.74,1.82,1.81,2.27,1.89,1.96,2.55,1.69,2.15,2.34,1.76,1.98,2.14,1.97,1.88,2.31,2.05,1.96,2.28,0,0,0,0,0,0,0,0,0,0,0,0,0,0,0,0,0,0,0,0,0,0,0,0
17686,IND,India,Meghalaya,Jaintia Hills,468050,5,40,13.63,15.03,20.25,23,22.61,23.82,24.46,23.95,28.3,25.35,26.01,31.69,22.87,27.65,30.18,24.2,25.74,27.55,26.44,25.65,29.86,27.74,28.96,31.06,0.85,0.98,1.49,1.76,1.73,1.84,1.91,1.86,2.28,1.99,2.06,2.62,1.75,2.22,2.47,1.88,2.03,2.21,2.1,2.02,2.44,2.23,2.35,2.55,0,0,0,0,0,0,0,0,0,0,0,0,0,0,0,0,0,0,0,0,0,0,0,0
17687,IND,India,Meghalaya,North Garo Hills,69485,5,40,20.57,22.44,26.3,26.43,27.04,28.01,25.77,32.17,33.19,33.33,32.13,34.64,31.19,30.89,38.28,33.36,33.24,30.04,30.09,33.76,41.05,37.06,35.84,38.82,1.53,1.71,2.09,2.1,2.16,2.26,2.04,2.66,2.76,2.78,2.66,2.9,2.57,2.54,3.26,2.78,2.77,2.45,2.46,2.82,3.53,3.14,3.02,3.31,0,0,0,0,0,0,0,0,0,0,0,0,0,0,0,0,0,0,0,0,0.1,0,0,0
17688,IND,India,Meghalaya,Ri Bhoi,301908,5,40,18.36,20.15,24.94,26.75,26.5,28.54,27.44,30.63,33.54,30.87,30.6,37.99,30.73,33.02,36.87,30.55,30.83,29.98,28.85,31.48,35.09,34.15,33.15,35.99,1.31,1.48,1.95,2.13,2.11,2.31,2.2,2.51,2.8,2.54,2.51,3.23,2.52,2.75,3.12,2.5,2.53,2.45,2.34,2.6,2.95,2.86,2.76,3.04,0,0,0,0,0,0,0,0,0,0,0,0,0,0,0,0,0,0,0,0,0,0,0,0
17689,IND,India,Meghalaya,South Garo Hills,163681,5,40,28.99,27.64,34.29,35.42,33.96,36.56,36.87,39.31,43.15,40.06,41.44,46.22,37.61,42.5,44.96,40.63,42.02,39.91,41.09,41.31,50.32,45.79,48.36,46.76,2.35,2.22,2.87,2.98,2.84,3.09,3.12,3.36,3.74,3.44,3.57,4.04,3.2,3.67,3.92,3.49,3.63,3.42,3.54,3.56,4.44,4,4.25,4.09,0,0,0,0,0,0,0,0,0.31,0.01,0.14,0.61,0,0.24,0.49,0.06,0.2,0,0.11,0.13,1.01,0.57,0.82,0.66
17690,IND,India,Meghalaya,South West Garo Hills,188946,5,40,34.32,31.59,39.45,39.98,38.48,41.67,40.39,46.1,50.6,47.73,48.4,52.33,47.41,50.88,56.62,52.81,50.71,46.61,43.15,48.09,56.87,49.81,56.88,54.73,2.87,2.61,3.38,3.43,3.28,3.59,3.47,4.03,4.47,4.19,4.25,4.64,4.16,4.5,5.06,4.69,4.48,4.08,3.74,4.22,5.08,4.39,5.08,4.87,0,0,0,0,0,0.16,0.04,0.6,1.04,0.76,0.82,1.21,0.73,1.07,1.63,1.26,1.05,0.65,0.31,0.79,1.65,0.96,1.65,1.44
17691,IND,India,Meghalaya,South West Khasi Hills,162476,5,40,15.85,15.41,20.68,23.14,21.14,23.31,24.15,24.37,28.2,24.53,25.45,31.84,23.78,28.38,29.67,23.47,25.51,27.29,26.12,24.94,29.35,26.74,26.36,29.4,1.06,1.02,1.54,1.78,1.58,1.79,1.88,1.9,2.27,1.91,2,2.63,1.84,2.29,2.42,1.81,2.01,2.18,2.07,1.95,2.39,2.13,2.09,2.39,0,0,0,0,0,0,0,0,0,0,0,0,0,0,0,0,0,0,0,0,0,0,0,0
17692,IND,India,Meghalaya,West Garo Hills,674883,5,40,25.2,24.33,31.11,31.89,30.99,33.28,31.93,36.12,39.87,38.41,38.23,41.26,35,39.31,44.2,38.83,38.98,36.12,35.27,38.72,47.27,40.61,42.95,44.34,1.98,1.89,2.56,2.63,2.55,2.77,2.64,3.05,3.42,3.27,3.26,3.55,2.94,3.36,3.84,3.32,3.33,3.05,2.97,3.3,4.14,3.49,3.72,3.86,0,0,0,0,0,0,0,0,0,0,0,0.12,0,0,0.41,0,0,0,0,0,0.71,0.06,0.29,0.43
17693,IND,India,Meghalaya,West Khasi Hills,302772,5,40,14.75,15.48,20.03,22.2,20.68,22.06,23.01,23.2,26.92,23.89,24.7,30.73,22.29,26.82,28.1,22.21,23.59,24.78,23.31,23.23,26.93,25.02,23.71,27.58,0.96,1.03,1.47,1.69,1.54,1.67,1.77,1.78,2.15,1.85,1.93,2.52,1.69,2.14,2.26,1.69,1.82,1.94,1.79,1.79,2.15,1.96,1.83,2.21,0,0,0,0,0,0,0,0,0,0,0,0,0,0,0,0,0,0,0,0,0,0,0,0
17694,IND,India,Mizoram,Aizawl,450244,5,40,20.31,19.62,21.15,23.65,23.27,26.47,28.28,25.06,30.92,29.62,27.61,31.99,28.84,31.66,31.43,27.76,31.19,31.89,32.14,29.49,32.34,31.39,30.87,35.25,1.5,1.43,1.58,1.83,1.79,2.1,2.28,1.97,2.54,2.41,2.22,2.64,2.34,2.61,2.59,2.23,2.57,2.64,2.66,2.4,2.68,2.59,2.54,2.96,0,0,0,0,0,0,0,0,0,0,0,0,0,0,0,0,0,0,0,0,0,0,0,0
17695,IND,India,Mizoram,Champhai,141428,5,40,22.62,23.43,20.36,22.5,22.61,24.42,27.14,26.31,30.59,27.07,26.3,29.51,27.95,29.34,31.5,25.42,28.51,28.97,28.18,26.65,29.91,28.59,29.15,34.27,1.73,1.81,1.51,1.72,1.73,1.9,2.17,2.09,2.51,2.16,2.09,2.4,2.25,2.39,2.6,2,2.3,2.35,2.27,2.12,2.44,2.31,2.37,2.87,0,0,0,0,0,0,0,0,0,0,0,0,0,0,0,0,0,0,0,0,0,0,0,0
17696,IND,India,Mizoram,Kolasib,95810,5,40,23.81,20.62,25.24,26.9,26.78,29.43,30.21,27.93,34.17,33.49,30.51,35.89,33.31,34.96,35.46,31.21,33.76,33.06,33.19,30.17,38.28,33.82,35.79,38.24,1.84,1.53,1.98,2.15,2.13,2.39,2.47,2.25,2.86,2.79,2.5,3.03,2.77,2.94,2.98,2.57,2.82,2.75,2.76,2.47,3.26,2.82,3.02,3.26,0,0,0,0,0,0,0,0,0,0,0,0,0,0,0,0,0,0,0,0,0,0,0,0
17697,IND,India,Mizoram,Lawangtlai,131595,5,40,31.27,34.79,34.01,37.46,37.39,38.6,39.13,39.04,45.68,42.38,41.71,49.08,38.99,42.67,43.29,39.57,46.78,43.2,43.46,36.02,43.56,40.12,41.98,50.52,2.57,2.92,2.84,3.18,3.17,3.29,3.35,3.34,3.99,3.66,3.6,4.32,3.33,3.69,3.75,3.39,4.09,3.74,3.77,3.04,3.78,3.44,3.62,4.46,0,0,0,0,0,0,0,0,0.56,0.23,0.17,0.89,0,0.26,0.32,0,0.66,0.31,0.34,0,0.35,0.01,0.19,1.03
17698,IND,India,Mizoram,Lunglei,181556,5,40,27.98,28.28,29.65,31.83,31.4,33.59,35.71,35.55,42.51,38.86,36.62,42.92,33.6,37.72,38.56,34.02,39.01,37.44,37.41,32.29,39.46,35.3,37.5,42.98,2.25,2.28,2.42,2.63,2.59,2.8,3.01,2.99,3.68,3.32,3.1,3.72,2.8,3.21,3.29,2.84,3.33,3.18,3.18,2.67,3.38,2.97,3.19,3.72,0,0,0,0,0,0,0,0,0.25,0,0,0.29,0,0,0,0,0,0,0,0,0,0,0,0.29
17699,IND,India,Mizoram,Mamit,93748,5,40,26.48,24.46,27.86,29.45,29.36,32.93,33.82,31.04,39.28,38.53,35.12,40.3,37.07,39.95,39.12,35.19,40.5,38.43,39.9,35.35,43.82,39.86,40.17,44.43,2.1,1.91,2.24,2.4,2.39,2.74,2.82,2.55,3.36,3.29,2.95,3.46,3.14,3.43,3.34,2.96,3.48,3.28,3.42,2.97,3.8,3.42,3.45,3.86,0,0,0,0,0,0,0,0,0,0,0,0.03,0,0,0,0,0.05,0,0,0,0.37,0,0.02,0.43
17700,IND,India,Mizoram,Saiha,63936,5,40,27.21,28.51,29.45,32.34,31.82,32.44,33.87,33,38.7,36.54,33.47,40.69,32.58,36.03,38.14,32.89,37.46,36.34,36.78,30.08,35.86,33.26,34.85,43.81,2.18,2.3,2.4,2.68,2.63,2.69,2.83,2.74,3.3,3.09,2.79,3.5,2.7,3.04,3.25,2.73,3.18,3.07,3.11,2.46,3.02,2.77,2.93,3.8,0,0,0,0,0,0,0,0,0,0,0,0.07,0,0,0,0,0,0,0,0,0,0,0,0.37
17701,IND,India,Mizoram,Serchhip,80944,5,40,23.44,22.85,23.25,26.06,25.9,27.88,30,28.71,35.86,31.57,29.78,33.53,29.38,32.63,34,28.12,31.74,31.76,31.76,28.59,33.86,30.42,32.81,36.85,1.81,1.75,1.79,2.06,2.05,2.24,2.45,2.32,3.02,2.6,2.43,2.8,2.39,2.71,2.84,2.27,2.62,2.62,2.62,2.31,2.83,2.49,2.73,3.12,0,0,0,0,0,0,0,0,0,0,0,0,0,0,0,0,0,0,0,0,0,0,0,0
17702,IND,India,Nagaland,Dimapur,388338,5,40,21.57,23.28,23.2,25.3,25.14,26.27,27.62,26.15,29.47,29.68,28.75,36.77,30.63,32.6,35.01,30.83,32.36,31.87,30.25,31.43,34.06,31.47,32.87,34.4,1.62,1.79,1.78,1.99,1.97,2.08,2.22,2.07,2.4,2.42,2.33,3.11,2.51,2.7,2.94,2.53,2.68,2.63,2.47,2.59,2.85,2.59,2.73,2.88,0,0,0,0,0,0,0,0,0,0,0,0,0,0,0,0,0,0,0,0,0,0,0,0
17703,IND,India,Nagaland,Kiphire,70785,5,40,23.44,24.38,20.23,21.81,20.92,22.05,22.66,22.6,26.33,23.21,22.11,27.66,22.09,22.64,25.09,21.62,22.59,23.6,21.31,21,22.3,22.05,21.54,24.36,1.81,1.9,1.49,1.65,1.56,1.67,1.73,1.72,2.09,1.78,1.68,2.22,1.67,1.73,1.97,1.63,1.72,1.82,1.6,1.57,1.7,1.67,1.62,1.9,0,0,0,0,0,0,0,0,0,0,0,0,0,0,0,0,0,0,0,0,0,0,0,0
17704,IND,India,Nagaland,Kohima,254548,5,40,20.5,23.1,20.45,22.52,22,22.29,23.52,23.24,26.61,25.23,23.91,29.84,23.24,25.22,28.45,23.73,24.44,25.31,23.62,23.99,25.82,24.57,24.66,26.5,1.52,1.77,1.51,1.72,1.67,1.69,1.81,1.79,2.12,1.98,1.85,2.43,1.79,1.98,2.3,1.84,1.91,1.99,1.83,1.86,2.04,1.92,1.93,2.11,0,0,0,0,0,0,0,0,0,0,0,0,0,0,0,0,0,0,0,0,0,0,0,0
17705,IND,India,Nagaland,Longleng,52402,5,40,22.1,21.88,23.56,22.4,21.84,24.56,23.66,25.03,28.61,27.63,25.95,32.96,26.49,26.99,29.81,25.71,25.74,25.29,23.58,23.83,26.3,26.28,25.44,28.62,1.68,1.65,1.82,1.71,1.65,1.92,1.83,1.96,2.31,2.22,2.05,2.74,2.11,2.15,2.43,2.03,2.03,1.99,1.82,1.85,2.09,2.09,2,2.31,0,0,0,0,0,0,0,0,0,0,0,0,0,0,0,0,0,0,0,0,0,0,0,0
17706,IND,India,Nagaland,Mokokchung,190201,5,40,21.37,22.28,23.33,23.38,22.65,25.39,24.54,26.11,29.42,28.35,25.45,34.18,27.21,28.4,31.06,26.49,26.42,25.88,24.18,24.62,27.35,26.62,26.02,28.84,1.6,1.69,1.8,1.8,1.73,2,1.92,2.07,2.39,2.29,2,2.86,2.18,2.29,2.55,2.11,2.1,2.05,1.88,1.92,2.19,2.12,2.06,2.34,0,0,0,0,0,0,0,0,0,0,0,0,0,0,0,0,0,0,0,0,0,0,0,0
17707,IND,India,Nagaland,Mon,260858,5,40,21.53,20.74,23.07,21.92,21.43,23.64,22.91,24.39,27.86,27.65,25.16,32.07,25.93,26.2,28.58,24.99,25.13,24.62,23.46,23.17,25.59,25.15,24.44,27.79,1.62,1.54,1.77,1.66,1.61,1.83,1.75,1.9,2.24,2.22,1.98,2.65,2.05,2.08,2.31,1.96,1.97,1.92,1.81,1.78,2.02,1.97,1.91,2.23,0,0,0,0,0,0,0,0,0,0,0,0,0,0,0,0,0,0,0,0,0,0,0,0
17708,IND,India,Nagaland,Peren,85073,5,40,21.05,23.12,21.44,23.23,23.13,23.92,24.86,24.38,27.72,27.26,26.26,32.25,26.75,28.81,31.63,27.18,27.99,28.49,27.12,28.2,30.39,28.1,29.49,29.93,1.57,1.78,1.61,1.79,1.78,1.85,1.95,1.9,2.23,2.18,2.08,2.67,2.13,2.33,2.61,2.17,2.25,2.3,2.17,2.27,2.49,2.26,2.4,2.44,0,0,0,0,0,0,0,0,0,0,0,0,0,0,0,0,0,0,0,0,0,0,0,0
17709,IND,India,Nagaland,Phek,149216,5,40,21.55,22.27,19.22,21.75,21.04,21.99,23.33,23.27,26.73,23.94,22.72,27.72,22.36,23.46,26.32,22.37,23.64,24.54,22.31,22.72,23.78,22.92,22.89,25.1,1.62,1.69,1.39,1.64,1.57,1.67,1.8,1.79,2.13,1.86,1.74,2.23,1.7,1.81,2.09,1.7,1.83,1.91,1.7,1.74,1.84,1.76,1.75,1.97,0,0,0,0,0,0,0,0,0,0,0,0,0,0,0,0,0,0,0,0,0,0,0,0
17710,IND,India,Nagaland,Tuensang,171888,5,40,22.82,23.12,21.74,22.52,22.09,23.26,22.91,23.22,27.27,25.04,23.69,29.91,23.8,24.46,26.76,22.93,23.7,24.06,21.87,21.11,22.98,23.01,21.97,25,1.75,1.78,1.64,1.72,1.67,1.79,1.76,1.79,2.18,1.96,1.83,2.44,1.84,1.91,2.13,1.76,1.83,1.87,1.65,1.58,1.76,1.76,1.66,1.96,0,0,0,0,0,0,0,0,0,0,0,0,0,0,0,0,0,0,0,0,0,0,0,0
17711,IND,India,Nagaland,Wokha,160860,5,40,22.76,24.14,23.65,25.02,24.17,26.45,25.74,26.75,30.35,29.09,26.57,35.28,28.38,29.71,32.92,27.86,28.29,27.95,26.32,26.66,29.53,28.44,28.3,31.05,1.74,1.88,1.83,1.96,1.88,2.1,2.03,2.13,2.48,2.36,2.11,2.97,2.29,2.42,2.74,2.24,2.28,2.25,2.09,2.12,2.4,2.3,2.28,2.55,0,0,0,0,0,0,0,0,0,0,0,0,0,0,0,0,0,0,0,0,0,0,0,0
17712,IND,India,Nagaland,Zunheboto,157751,5,40,22.76,24.17,21.86,23.76,22.98,23.86,23.52,23.78,28.09,25.63,24.24,30.94,24.01,25.13,28.16,23.25,23.95,24.75,22.51,22.4,24.41,24.28,23.45,26.13,1.74,1.88,1.65,1.84,1.76,1.85,1.81,1.84,2.26,2.02,1.89,2.54,1.86,1.97,2.27,1.79,1.86,1.94,1.72,1.7,1.9,1.89,1.81,2.07,0,0,0,0,0,0,0,0,0,0,0,0,0,0,0,0,0,0,0,0,0,0,0,0
17713,IND,India,NCT of Delhi,NCT of Delhi,18030054,5,40,76.81,74.27,81.44,86.9,92.46,105.62,97.23,98.75,91.17,100.48,107.23,101.27,123.96,129.09,109.2,111.15,105.15,104.73,116,113.35,116.14,124.41,111.6,126.51,7.04,6.79,7.49,8.03,8.57,9.86,9.04,9.19,8.44,9.36,10.02,9.43,11.66,12.16,10.21,10.4,9.81,9.77,10.88,10.62,10.89,11.7,10.45,11.91,3.61,3.36,4.06,4.6,5.14,6.43,5.61,5.76,5.01,5.93,6.59,6,8.23,8.73,6.78,6.97,6.38,6.34,7.45,7.19,7.46,8.27,7.02,8.48
17714,IND,India,Odisha,Anugul,1372767,5,40,22.76,22.77,24.85,31.5,29.92,32.53,33.09,33.58,35.71,37.72,42.95,41.82,41.33,44.92,43.47,45.07,46.75,46.65,45.84,45.88,45.02,47.27,50.7,51.25,1.74,1.74,1.95,2.6,2.44,2.7,2.75,2.8,3.01,3.21,3.72,3.61,3.56,3.91,3.77,3.93,4.09,4.08,4,4.01,3.92,4.14,4.48,4.53,0,0,0,0,0,0,0,0,0,0,0.29,0.18,0.13,0.48,0.34,0.5,0.66,0.65,0.57,0.58,0.49,0.71,1.05,1.1
17715,IND,India,Odisha,Balangir,1784135,5,40,31.49,31.56,29.59,37.35,36.93,38.57,38.21,39.66,39.44,44.16,46.18,44.32,43.46,47.52,43.41,49.19,47.85,51.11,48.49,47.17,48.87,47.76,54.15,55.44,2.6,2.6,2.41,3.17,3.13,3.29,3.25,3.4,3.37,3.84,4.04,3.85,3.77,4.17,3.76,4.33,4.2,4.52,4.26,4.13,4.3,4.19,4.82,4.94,0,0,0,0,0,0,0,0,0,0.41,0.61,0.42,0.34,0.74,0.33,0.9,0.77,1.09,0.83,0.7,0.87,0.76,1.39,1.51
17716,IND,India,Odisha,Baleshwar,2484448,5,40,24.41,25.91,29.27,31.13,32.26,32.32,33.61,34.54,39.55,39,43.96,44.29,40.41,45.05,43.8,44.28,46.98,45.02,46,43.82,46.03,44.65,45.46,51.08,1.9,2.05,2.38,2.56,2.67,2.68,2.8,2.89,3.39,3.33,3.82,3.85,3.47,3.93,3.8,3.85,4.11,3.92,4.02,3.8,4.02,3.89,3.96,4.52,0,0,0,0,0,0,0,0,0,0,0.39,0.42,0.04,0.5,0.37,0.42,0.68,0.49,0.59,0.37,0.59,0.46,0.53,1.09
17717,IND,India,Odisha,Bargarh,1597870,5,40,37.38,36.72,33.59,39.87,40.05,40.84,43.57,42.93,44.32,49.1,52.59,51.04,48,54.78,49.36,56.18,56.88,56.24,55.98,54.98,55.31,56.29,63.8,64.26,3.17,3.11,2.8,3.42,3.44,3.51,3.78,3.72,3.85,4.32,4.66,4.51,4.21,4.88,4.35,5.02,5.08,5.02,5,4.9,4.93,5.03,5.76,5.81,0,0,0,0,0.01,0.08,0.35,0.29,0.42,0.89,1.23,1.08,0.78,1.45,0.92,1.59,1.65,1.59,1.57,1.47,1.5,1.6,2.33,2.38
17718,IND,India,Odisha,Bhadrak,1638192,5,40,22.45,24.15,26.65,29.35,30.25,29.45,31.75,32.53,36.84,36.14,42.53,41.66,37.68,42.08,39.64,42.2,43.2,42.95,43.57,41.83,43.49,42.58,43.77,49.56,1.71,1.88,2.12,2.39,2.47,2.4,2.62,2.7,3.12,3.05,3.68,3.59,3.2,3.63,3.39,3.65,3.74,3.72,3.78,3.61,3.77,3.68,3.8,4.37,0,0,0,0,0,0,0,0,0,0,0.25,0.16,0,0.2,0,0.22,0.31,0.29,0.35,0.18,0.34,0.25,0.37,0.94
17719,IND,India,Odisha,Boudh,480376,5,40,23.19,23.18,25.28,29.8,29.6,31.28,31.06,31.87,32.28,34.95,38.09,36.78,37.47,39.91,38.16,41.21,41.64,43.12,39.83,39.66,40.92,41.81,43.62,47.4,1.78,1.78,1.99,2.43,2.41,2.58,2.55,2.63,2.67,2.94,3.24,3.11,3.18,3.42,3.25,3.55,3.59,3.74,3.41,3.4,3.52,3.61,3.78,4.15,0,0,0,0,0,0,0,0,0,0,0,0,0,0,0,0.12,0.16,0.31,0,0,0.09,0.18,0.35,0.72
17720,IND,India,Odisha,Cuttack,2903817,5,40,22.03,22.71,23.75,28.53,27.97,28.81,30.78,32,35.26,34.25,41.2,39.5,36.65,41.04,40.16,41.41,44.38,42.33,41.09,41.9,42.42,44.24,46.86,46.58,1.67,1.74,1.84,2.31,2.25,2.33,2.53,2.65,2.97,2.87,3.55,3.38,3.1,3.53,3.45,3.57,3.86,3.66,3.54,3.62,3.67,3.85,4.1,4.07,0,0,0,0,0,0,0,0,0,0,0.12,0,0,0.1,0.02,0.14,0.43,0.23,0.11,0.19,0.24,0.42,0.67,0.64
17721,IND,India,Odisha,Deogarh,339476,5,40,22.49,24.34,25.74,31.51,31.46,34.09,36.14,35.79,38.16,40.87,45.7,43.78,42.63,46.93,44.66,48.83,50.06,48.29,48.92,46.85,44.58,48.3,51.4,52.5,1.71,1.9,2.03,2.6,2.59,2.85,3.05,3.02,3.25,3.52,3.99,3.8,3.69,4.11,3.89,4.3,4.42,4.24,4.3,4.1,3.88,4.24,4.55,4.66,0,0,0,0,0,0,0,0,0,0.09,0.56,0.37,0.26,0.68,0.46,0.87,0.99,0.81,0.87,0.67,0.45,0.81,1.12,1.23
17722,IND,India,Odisha,Dhenkanal,1289362,5,40,23.4,23.55,24.97,31.39,30.24,32.06,33.49,33.96,38.06,37.4,44.26,42.43,40.86,45.32,43.7,46.36,47.12,46.75,44.81,45.15,45.68,47.32,50.41,51.41,1.8,1.82,1.96,2.59,2.47,2.65,2.79,2.84,3.24,3.18,3.85,3.67,3.51,3.95,3.79,4.05,4.13,4.09,3.9,3.93,3.99,4.15,4.45,4.55,0,0,0,0,0,0,0,0,0,0,0.42,0.24,0.08,0.52,0.36,0.62,0.7,0.66,0.47,0.5,0.56,0.72,1.02,1.12
17723,IND,India,Odisha,Gajapati,648264,5,40,13.24,14.15,15.29,18.61,18.15,19.3,20.12,21.69,22.47,23.94,26.56,26.07,22.74,26.77,25.01,24.41,27.44,26.29,25.57,26.41,26.1,26.4,26.42,29.32,0.81,0.9,1.01,1.33,1.29,1.4,1.48,1.64,1.71,1.86,2.11,2.06,1.74,2.13,1.96,1.9,2.2,2.09,2.02,2.1,2.07,2.1,2.1,2.38,0,0,0,0,0,0,0,0,0,0,0,0,0,0,0,0,0,0,0,0,0,0,0,0
17724,IND,India,Odisha,Ganjam,3807761,5,40,15.05,15.61,17.46,20.79,19.98,21.51,22,23.59,24.2,25.37,29.17,28.98,25.36,30.21,28.65,28.31,32.23,30.56,29.59,31.53,31.16,31.57,31.76,34.91,0.98,1.04,1.22,1.55,1.47,1.62,1.67,1.82,1.88,2,2.37,2.35,2,2.47,2.32,2.28,2.67,2.51,2.41,2.6,2.56,2.6,2.62,2.93,0,0,0,0,0,0,0,0,0,0,0,0,0,0,0,0,0,0,0,0,0,0,0,0
17725,IND,India,Odisha,Jagatsinghapur,1220367,5,40,21.3,24.34,24.08,26.32,26.69,26.25,30.06,30.73,33.54,32.28,38.76,38.19,32.44,36.63,35.04,37.37,41.36,37.65,39.02,38.79,38.9,39.84,43.21,42.06,1.6,1.9,1.87,2.09,2.13,2.08,2.46,2.52,2.8,2.67,3.31,3.25,2.69,3.1,2.94,3.17,3.56,3.2,3.33,3.31,3.32,3.41,3.74,3.63,0,0,0,0,0,0,0,0,0,0,0,0,0,0,0,0,0.13,0,0,0,0,0,0.31,0.2
17726,IND,India,Odisha,Jajapur,1964648,5,40,21.93,23.09,25.07,29.52,29.61,29.6,31.73,31.97,36.93,35.12,42,40.19,37.7,42.49,40.25,43.17,43.34,44.22,42.24,42.8,44.31,44.01,45.57,48.86,1.66,1.77,1.97,2.4,2.41,2.41,2.62,2.64,3.13,2.95,3.63,3.45,3.2,3.67,3.45,3.74,3.76,3.84,3.65,3.7,3.85,3.82,3.98,4.3,0,0,0,0,0,0,0,0,0,0,0.2,0.02,0,0.24,0.02,0.31,0.33,0.41,0.22,0.27,0.42,0.39,0.55,0.87
17727,IND,India,Odisha,Jharsuguda,625924,5,40,31.66,32.45,31.6,36.94,38.05,39.24,41.68,41.32,41.93,47.23,50.39,50.54,46.01,53.52,49.51,55.75,56.43,53.62,55.15,52.91,52.12,54.21,60.07,61.6,2.61,2.69,2.61,3.13,3.24,3.36,3.59,3.56,3.62,4.14,4.45,4.46,4.02,4.76,4.36,4.97,5.04,4.76,4.91,4.7,4.62,4.82,5.4,5.55,0,0,0,0,0,0,0.16,0.13,0.19,0.71,1.02,1.03,0.59,1.33,0.93,1.54,1.61,1.33,1.48,1.27,1.19,1.39,1.97,2.12
17728,IND,India,Odisha,Kalahandi,1699673,5,40,22.76,22.71,23.79,30.34,30.19,31.28,29.44,31.97,31.83,34.64,35.57,34.37,34.7,37.86,34.27,38.04,37.55,41.51,37.49,36.93,38.85,36.98,42.75,44.28,1.74,1.74,1.84,2.48,2.47,2.58,2.39,2.64,2.63,2.9,3,2.88,2.91,3.22,2.87,3.24,3.19,3.58,3.18,3.13,3.32,3.13,3.7,3.85,0,0,0,0,0,0,0,0,0,0,0,0,0,0,0,0,0,0.15,0,0,0,0,0.27,0.42
17729,IND,India,Odisha,Kandhamal,792907,5,40,14.71,14.73,16.64,22.87,22.39,23.72,23.29,25.04,25.05,26.55,28.16,26.81,26.22,30.09,27.56,29.35,30.04,31.51,28.65,28.31,29.4,30.58,30.97,33.93,0.95,0.95,1.14,1.75,1.7,1.83,1.79,1.96,1.96,2.11,2.27,2.14,2.08,2.46,2.21,2.39,2.45,2.6,2.32,2.28,2.39,2.51,2.55,2.84,0,0,0,0,0,0,0,0,0,0,0,0,0,0,0,0,0,0,0,0,0,0,0,0
17730,IND,India,Odisha,Kendrapara,1555988,5,40,21.98,23.84,24.91,27.87,28.77,28.27,31.82,32.31,35.77,33.92,40.59,40.15,35.42,39.04,37.88,39.7,42.09,40.79,40.6,40.4,41.61,41.61,44.04,45.43,1.66,1.85,1.95,2.24,2.33,2.28,2.63,2.68,3.02,2.83,3.49,3.44,2.98,3.34,3.22,3.4,3.64,3.51,3.49,3.47,3.59,3.59,3.83,3.96,0,0,0,0,0,0,0,0,0,0,0.06,0.01,0,0,0,0,0.21,0.08,0.06,0.04,0.16,0.16,0.4,0.53
17731,IND,India,Odisha,Kendujhar,1943855,5,40,24.15,26.73,27.09,33.89,33.97,36.68,39.03,39,42.08,44.2,49.44,44.46,43.45,49.67,47.85,51.44,49.87,51.22,52.41,50.18,47.75,50.85,53.03,57.4,1.88,2.13,2.16,2.83,2.84,3.1,3.33,3.33,3.63,3.84,4.36,3.87,3.77,4.38,4.2,4.55,4.4,4.53,4.65,4.43,4.19,4.49,4.71,5.14,0,0,0,0,0,0,0,0,0.2,0.41,0.93,0.44,0.34,0.95,0.77,1.12,0.97,1.1,1.22,1,0.76,1.06,1.28,1.71
17732,IND,India,Odisha,Khordha,2397226,5,40,20.19,22.07,21.79,25.71,25.24,25.8,29.14,30.05,31.97,31.64,38.17,36.67,32.27,37.13,37.05,37.4,41.8,38.96,38.73,39.64,39.24,40.49,42.37,42.83,1.49,1.67,1.65,2.03,1.98,2.04,2.37,2.45,2.64,2.61,3.25,3.1,2.67,3.15,3.14,3.18,3.61,3.33,3.31,3.39,3.36,3.48,3.66,3.71,0,0,0,0,0,0,0,0,0,0,0,0,0,0,0,0,0.18,0,0,0,0,0.05,0.23,0.28
17733,IND,India,Odisha,Koraput,1499014,5,40,19.55,19.08,20.38,26.35,25.3,27.47,27.31,29.16,28.63,30.59,32.02,30.41,30.11,33.49,29.64,32.25,31.91,33.97,32.45,30.8,33.06,31.7,32.97,37.51,1.43,1.38,1.51,2.09,1.99,2.2,2.19,2.37,2.32,2.51,2.65,2.49,2.46,2.79,2.42,2.67,2.64,2.84,2.69,2.53,2.75,2.62,2.74,3.19,0,0,0,0,0,0,0,0,0,0,0,0,0,0,0,0,0,0,0,0,0,0,0,0
17734,IND,India,Odisha,Malkangiri,658306,5,40,17.03,18.85,19.85,23.31,22.66,24.28,24.67,26.17,26.24,28.34,29.37,29.31,29.12,31.54,28.71,30.69,32.15,31.65,30.79,30.25,32.38,29.89,30.56,35.55,1.18,1.36,1.46,1.79,1.73,1.89,1.93,2.07,2.08,2.29,2.39,2.38,2.36,2.6,2.32,2.52,2.66,2.61,2.53,2.47,2.68,2.44,2.51,2.99,0,0,0,0,0,0,0,0,0,0,0,0,0,0,0,0,0,0,0,0,0,0,0,0
17735,IND,India,Odisha,Mayurbhanj,2723504,5,40,24.99,27.44,29.07,33.51,34.8,35.93,37.99,37.42,41.22,42.28,48.54,46.13,42.83,50.78,48.03,49.86,51.18,50.39,52.86,49.48,49.52,50.49,51.84,58.86,1.96,2.2,2.36,2.79,2.92,3.03,3.23,3.18,3.55,3.65,4.27,4.03,3.71,4.49,4.22,4.4,4.53,4.45,4.69,4.36,4.36,4.46,4.59,5.28,0,0,0,0,0,0,0,0,0.12,0.22,0.84,0.6,0.28,1.06,0.79,0.97,1.1,1.02,1.26,0.93,0.93,1.03,1.16,1.85
17736,IND,India,Odisha,Nabarangpur,1337040,5,40,27.24,25.89,26.24,33.39,32.5,35.06,34.86,35.7,36.09,38.95,40.08,37.46,38.22,41.27,36.29,40.21,38.53,42.73,39.36,37.36,39.11,37.42,41.93,44.54,2.18,2.05,2.08,2.78,2.69,2.95,2.93,3.01,3.05,3.33,3.44,3.18,3.26,3.55,3.07,3.45,3.29,3.7,3.37,3.17,3.34,3.18,3.62,3.87,0,0,0,0,0,0,0,0,0,0,0.01,0,0,0.12,0,0.02,0,0.27,0,0,0,0,0.19,0.44
17737,IND,India,Odisha,Nayagarh,1040870,5,40,18.45,18.82,20.32,25.19,24.38,26.16,27.91,28.81,30.23,30.41,35.7,34,31.43,35.98,36.24,35.56,38.32,37.5,36.06,36.95,37.3,37.45,39.08,41.68,1.32,1.35,1.5,1.98,1.9,2.07,2.25,2.33,2.47,2.49,3.01,2.84,2.59,3.04,3.06,2.99,3.27,3.19,3.04,3.13,3.17,3.18,3.34,3.59,0,0,0,0,0,0,0,0,0,0,0,0,0,0,0,0,0,0,0,0,0,0,0,0.16
17738,IND,India,Odisha,Nuapada,642845,5,40,33.03,32.99,30.9,38.13,37.93,39.69,40.61,40.42,41.19,44.45,45.93,44.53,44.28,48.07,42.32,48.25,45.99,49.72,46.52,44.82,46.07,45.01,51.83,53.16,2.75,2.74,2.54,3.25,3.23,3.4,3.49,3.47,3.55,3.87,4.01,3.87,3.85,4.22,3.66,4.24,4.02,4.38,4.07,3.9,4.02,3.92,4.59,4.72,0,0,0,0,0,0,0.06,0.04,0.12,0.44,0.58,0.44,0.42,0.79,0.23,0.81,0.59,0.95,0.64,0.47,0.59,0.49,1.16,1.29
17739,IND,India,Odisha,Puri,1768598,5,40,19.63,23.03,22.05,24.08,24.52,24.17,28.33,29.65,31.27,31.14,37.13,36.4,29.85,34.74,33.07,34.1,39.39,35.36,36.69,37.65,36.59,37.49,40.15,38.96,1.43,1.77,1.67,1.87,1.91,1.88,2.29,2.42,2.57,2.56,3.15,3.08,2.44,2.91,2.75,2.85,3.37,2.98,3.11,3.2,3.1,3.18,3.44,3.33,0,0,0,0,0,0,0,0,0,0,0,0,0,0,0,0,0,0,0,0,0,0,0.01,0
17740,IND,India,Odisha,Rayagada,1064556,5,40,17.46,16.89,18.89,24.73,23.43,24.97,24.45,26.23,26.95,29.45,30.75,29.3,28.3,31.31,28.67,29.42,31.32,33.45,29.55,29.95,30.77,31.05,31.78,35.09,1.22,1.17,1.36,1.93,1.81,1.96,1.91,2.08,2.15,2.4,2.52,2.38,2.28,2.58,2.32,2.39,2.58,2.79,2.41,2.44,2.53,2.55,2.62,2.95,0,0,0,0,0,0,0,0,0,0,0,0,0,0,0,0,0,0,0,0,0,0,0,0
17741,IND,India,Odisha,Sambalpur,1129855,5,40,29.27,29.67,29.41,34.96,35.44,36.83,39.14,38.93,39.56,44.09,48.05,47,44.29,50.02,46.96,52.17,54.65,52.43,52.49,50.82,49.94,52.69,57.74,58.69,2.38,2.42,2.39,2.94,2.98,3.12,3.35,3.32,3.39,3.83,4.22,4.12,3.85,4.41,4.11,4.62,4.87,4.65,4.65,4.49,4.4,4.67,5.17,5.26,0,0,0,0,0,0,0,0,0,0.4,0.79,0.69,0.42,0.98,0.68,1.19,1.44,1.22,1.22,1.06,0.97,1.24,1.74,1.83
17742,IND,India,Odisha,Subarnapur,662158,5,40,29.72,29.74,29.6,35.11,35.33,35.88,36.25,37.17,37.22,41.27,44.75,43.17,42.46,46.09,43.83,48.52,49.11,49.72,48.25,47.64,49.03,49.68,54.24,55.61,2.42,2.42,2.41,2.95,2.97,3.03,3.06,3.15,3.16,3.55,3.9,3.74,3.67,4.03,3.81,4.26,4.32,4.38,4.24,4.18,4.32,4.38,4.83,4.96,0,0,0,0,0,0,0,0,0,0.12,0.47,0.31,0.24,0.6,0.38,0.83,0.89,0.95,0.81,0.75,0.89,0.95,1.4,1.53
17743,IND,India,Odisha,Sundargarh,2264207,5,40,27.35,30.04,30.1,35.61,36.35,37.79,38.82,39.99,39.98,45.43,48.57,47.94,44.5,52.78,47.98,53.03,51.16,50.97,53.08,50.5,48.48,51.86,54.13,58.14,2.19,2.45,2.46,3,3.07,3.21,3.31,3.43,3.43,3.96,4.27,4.21,3.87,4.68,4.21,4.71,4.52,4.51,4.71,4.46,4.26,4.59,4.81,5.21,0,0,0,0,0,0,0,0,0,0.53,0.84,0.78,0.44,1.25,0.78,1.28,1.09,1.08,1.28,1.03,0.83,1.16,1.38,1.78
17744,IND,India,Puducherry,Karaikal,281358,5,40,19.78,22.94,22.23,22.79,22.38,22.63,22.72,25.05,23.29,24.24,23.88,23.98,25.01,22.76,23.71,23.51,25.69,20.57,26.15,25.14,24.53,22.51,21.37,22.49,1.45,1.76,1.69,1.74,1.7,1.73,1.74,1.97,1.79,1.89,1.85,1.86,1.96,1.74,1.83,1.81,2.03,1.53,2.07,1.97,1.91,1.72,1.6,1.71,0,0,0,0,0,0,0,0,0,0,0,0,0,0,0,0,0,0,0,0,0,0,0,0
17745,IND,India,Puducherry,Mahe,176823,5,40,8.56,10.01,10.11,10.9,11.9,12.15,12.01,11.89,12.88,15.07,14.94,16.19,14.06,14.29,13.29,13.48,16.29,16.06,15.18,15.92,17.29,13.5,16.14,17.69,0.35,0.49,0.5,0.58,0.68,0.7,0.69,0.68,0.77,0.99,0.97,1.1,0.89,0.91,0.81,0.83,1.11,1.08,1,1.07,1.2,0.83,1.09,1.24,0,0,0,0,0,0,0,0,0,0,0,0,0,0,0,0,0,0,0,0,0,0,0,0
17746,IND,India,Puducherry,Puducherry,829037,5,40,19.82,23.22,23.39,24.08,23.98,24.73,25.33,27.98,25.88,27.92,27,27.79,27.14,25.86,27.18,26.47,27.58,23.61,29.4,27.58,25.91,25.1,23.64,26.11,1.45,1.79,1.8,1.87,1.86,1.93,1.99,2.25,2.05,2.25,2.16,2.23,2.17,2.04,2.17,2.1,2.21,1.82,2.39,2.21,2.05,1.97,1.83,2.07,0,0,0,0,0,0,0,0,0,0,0,0,0,0,0,0,0,0,0,0,0,0,0,0
17747,IND,India,Puducherry,Yanam,11339,5,40,15.43,17.35,19.96,19.06,19.16,19.69,21.9,23.18,25.91,26.88,30.08,29.56,25.41,28.76,27.58,27.57,32.91,26.96,28.68,29.78,28.67,26.07,28.28,30.08,1.02,1.21,1.47,1.38,1.39,1.44,1.66,1.78,2.05,2.14,2.46,2.41,2,2.33,2.21,2.21,2.74,2.15,2.32,2.43,2.32,2.06,2.28,2.46,0,0,0,0,0,0,0,0,0,0,0,0,0,0,0,0,0,0,0,0,0,0,0,0
17748,IND,India,Punjab,Amritsar,2636765,5,40,42.92,43.91,53.05,54.28,54.77,60.12,56.93,64.91,66.87,65.85,67.69,61.45,73.3,73.36,60.41,66.66,64.34,69.63,81.59,68.93,72.41,69.23,69.95,78.62,3.72,3.81,4.71,4.83,4.88,5.4,5.09,5.87,6.06,5.96,6.14,5.53,6.69,6.7,5.43,6.04,5.82,6.33,7.51,6.27,6.61,6.29,6.36,7.22,0.29,0.38,1.28,1.4,1.45,1.97,1.66,2.44,2.63,2.53,2.71,2.1,3.26,3.27,2,2.61,2.39,2.9,4.08,2.84,3.18,2.86,2.93,3.79
17749,IND,India,Punjab,Barnala,632391,5,40,45.41,45.81,52.33,53.04,57.11,62.24,61.48,62.23,60.73,64.79,64.96,63.71,80.77,80.48,66.52,74.1,60.55,72.11,76.67,67.71,72.86,72.26,69.28,75.77,3.96,4,4.64,4.71,5.11,5.61,5.53,5.61,5.46,5.86,5.88,5.75,7.43,7.4,6.03,6.77,5.44,6.58,7.02,6.15,6.65,6.59,6.3,6.94,0.53,0.57,1.21,1.28,1.68,2.18,2.1,2.18,2.03,2.43,2.45,2.32,4,3.97,2.6,3.34,2.01,3.15,3.59,2.72,3.22,3.16,2.87,3.51
17750,IND,India,Punjab,Bathinda,1524742,5,40,44.77,43.88,51.96,54.93,58.42,67.02,59.96,60.26,63.71,66.38,62.46,61.89,76.28,72.36,61.23,67.63,65.21,68.57,75.84,65.93,68.9,68.27,70.72,80.4,3.9,3.81,4.6,4.89,5.23,6.08,5.39,5.42,5.75,6.02,5.63,5.58,6.99,6.6,5.51,6.14,5.9,6.23,6.94,5.97,6.26,6.2,6.44,7.39,0.47,0.38,1.17,1.46,1.8,2.65,1.96,1.99,2.32,2.59,2.2,2.15,3.56,3.17,2.08,2.71,2.47,2.8,3.51,2.54,2.83,2.77,3.01,3.96
17751,IND,India,Punjab,Faridkot,658814,5,40,46.04,50.15,57.05,57.57,63.59,66.57,63.87,60.84,68.09,70.76,68.87,64.99,81.04,75.07,60.58,67.06,62.43,69.44,77.73,66.1,66.72,70.37,68.9,77.47,4.02,4.42,5.1,5.15,5.74,6.03,5.77,5.47,6.18,6.44,6.26,5.88,7.45,6.87,5.45,6.08,5.63,6.31,7.13,5.99,6.05,6.41,6.26,7.1,0.59,0.99,1.67,1.72,2.31,2.6,2.34,2.04,2.75,3.01,2.83,2.45,4.02,3.44,2.02,2.65,2.2,2.88,3.7,2.56,2.62,2.98,2.83,3.67
17752,IND,India,Punjab,Fatehgarh Sahib,656825,5,40,38.14,38.22,42.34,45.2,47.12,52.19,53.27,55.56,55.49,55.19,59.58,55.65,62.12,67.15,58.22,60.71,59.57,65.53,70.81,67.11,64.24,63,62.21,65.55,3.25,3.26,3.66,3.94,4.13,4.62,4.73,4.96,4.95,4.92,5.35,4.96,5.6,6.09,5.22,5.46,5.35,5.93,6.45,6.09,5.81,5.68,5.61,5.93,0,0,0.23,0.51,0.7,1.19,1.3,1.53,1.52,1.49,1.92,1.53,2.17,2.66,1.79,2.03,1.92,2.5,3.02,2.66,2.38,2.25,2.18,2.5
17753,IND,India,Punjab,Fazilka,1063160,5,40,37.05,37.95,44.96,46.28,49.64,54.27,52.37,51.23,57.79,59.64,51.19,51.19,66.64,57.13,55.53,57.75,56.85,64.13,58.16,53.94,55.17,58.02,59.43,66.42,3.14,3.23,3.92,4.05,4.37,4.83,4.64,4.53,5.17,5.36,4.53,4.53,6.04,5.11,4.95,5.17,5.08,5.79,5.21,4.8,4.92,5.2,5.33,6.02,0,0,0.49,0.62,0.94,1.4,1.21,1.1,1.74,1.93,1.1,1.1,2.61,1.68,1.52,1.74,1.65,2.36,1.78,1.37,1.49,1.77,1.9,2.59
17754,IND,India,Punjab,Firozpur,1111585,5,40,43.15,48.62,57.25,56.89,63.16,62.49,65.04,64.81,71.84,73.64,70.55,64.74,79.66,72.18,61.28,69.92,62.37,69.62,77.91,72.28,69.06,74.9,70.79,74.7,3.74,4.28,5.12,5.08,5.7,5.63,5.88,5.86,6.55,6.73,6.42,5.85,7.32,6.58,5.52,6.36,5.62,6.33,7.15,6.59,6.28,6.85,6.45,6.83,0.31,0.85,1.69,1.65,2.27,2.2,2.45,2.43,3.12,3.3,2.99,2.42,3.89,3.15,2.09,2.93,2.19,2.9,3.72,3.16,2.85,3.42,3.02,3.4
17755,IND,India,Punjab,Gurdaspur,1912105,5,40,38.06,34.66,41.53,42.74,43.29,47.98,44.53,52.65,48.48,52.04,54.5,55.29,55.87,60.15,54.49,55.24,55.64,60.43,65.06,56.2,57.56,53.74,60.73,64.44,3.24,2.91,3.58,3.7,3.75,4.21,3.87,4.67,4.26,4.61,4.85,4.93,4.99,5.4,4.85,4.92,4.96,5.43,5.89,5.02,5.15,4.78,5.46,5.83,0,0,0.15,0.27,0.32,0.78,0.44,1.24,0.83,1.18,1.42,1.5,1.56,1.97,1.42,1.49,1.53,2,2.46,1.59,1.72,1.35,2.03,2.4
17756,IND,India,Punjab,Hoshiarpur,1737017,5,40,33.15,30.75,35.54,35.95,36.93,41.89,39.69,43.35,43.65,44.91,46.81,46.35,48.78,53.31,47.01,48.96,45.85,51.13,54.64,49.01,49.2,47.54,52.06,53.8,2.76,2.52,2.99,3.03,3.13,3.62,3.4,3.76,3.79,3.91,4.1,4.05,4.29,4.73,4.12,4.31,4,4.52,4.86,4.31,4.33,4.17,4.61,4.78,0,0,0,0,0,0.19,0,0.33,0.36,0.48,0.67,0.62,0.86,1.3,0.69,0.88,0.57,1.09,1.43,0.88,0.9,0.74,1.18,1.35
17757,IND,India,Punjab,Jalandhar,2364897,5,40,43.04,42.76,48.85,50.32,51.29,59.22,56.89,60.67,61.57,63.31,65.52,62.44,67.55,74.07,60.35,68.46,60.32,68.28,75.76,66.39,67.06,65.68,68.53,70.75,3.73,3.7,4.3,4.44,4.54,5.31,5.08,5.46,5.54,5.71,5.93,5.63,6.13,6.77,5.42,6.22,5.42,6.2,6.93,6.02,6.08,5.95,6.23,6.44,0.3,0.27,0.87,1.01,1.11,1.88,1.65,2.03,2.11,2.28,2.5,2.2,2.7,3.34,1.99,2.79,1.99,2.77,3.5,2.59,2.65,2.52,2.8,3.01
17758,IND,India,Punjab,Kapurthala,860156,5,40,44.58,44.44,51.09,52.12,53.06,59.81,59.2,64.59,64.52,65.51,67.92,64.97,69.27,75.8,61.24,69.49,62.46,69.87,78.81,67.27,68.75,66.28,69.62,73.03,3.88,3.86,4.52,4.62,4.71,5.37,5.31,5.84,5.83,5.93,6.17,5.88,6.3,6.94,5.51,6.32,5.63,6.36,7.23,6.1,6.25,6.01,6.33,6.67,0.45,0.43,1.09,1.19,1.28,1.94,1.88,2.41,2.4,2.5,2.74,2.45,2.87,3.51,2.08,2.89,2.2,2.93,3.8,2.67,2.82,2.58,2.9,3.24
17759,IND,India,Punjab,Ludhiana,3748900,5,40,43.85,43.35,49.63,52.68,53.96,61.66,59.74,63.55,63.03,65.38,68.04,64.55,73.76,76.55,61.63,71.02,64.59,72.8,78.63,70.37,70.48,70.49,72.18,74.41,3.81,3.76,4.37,4.67,4.8,5.55,5.36,5.74,5.69,5.92,6.18,5.84,6.74,7.01,5.55,6.47,5.84,6.64,7.22,6.41,6.42,6.42,6.58,6.8,0.38,0.33,0.94,1.24,1.37,2.12,1.93,2.31,2.26,2.49,2.75,2.41,3.31,3.58,2.12,3.04,2.41,3.21,3.79,2.98,2.99,2.99,3.15,3.37
17760,IND,India,Punjab,Mansa,854726,5,40,42.34,39.13,47.16,50.06,55.56,64.93,57.9,62.93,62.32,65.5,62.17,63,75.06,74.3,66.05,72.1,64.16,72.2,78.17,67.31,72.07,72.05,71.87,81.71,3.66,3.34,4.13,4.42,4.95,5.87,5.18,5.68,5.62,5.93,5.6,5.68,6.87,6.79,5.98,6.58,5.8,6.59,7.17,6.11,6.57,6.57,6.55,7.52,0.23,0,0.7,0.99,1.52,2.44,1.75,2.25,2.19,2.5,2.17,2.25,3.44,3.36,2.55,3.15,2.37,3.16,3.74,2.68,3.14,3.14,3.12,4.09
17761,IND,India,Punjab,Moga,1066611,5,40,46.66,49.12,55.83,56.21,59.66,64.99,64.01,64.79,66.78,66.82,67.65,60.69,78.85,77.39,60.67,71.49,60.66,69.5,76.18,67.33,69.01,71.47,71.18,75.71,4.08,4.32,4.98,5.02,5.36,5.88,5.78,5.86,6.05,6.06,6.14,5.46,7.24,7.09,5.46,6.52,5.45,6.32,6.98,6.11,6.27,6.51,6.49,6.93,0.65,0.89,1.55,1.59,1.93,2.45,2.35,2.43,2.62,2.63,2.71,2.03,3.81,3.66,2.03,3.09,2.02,2.89,3.55,2.68,2.84,3.08,3.06,3.5
17762,IND,India,Punjab,Pathankot,566610,5,40,21.94,20.1,23.83,27.01,25.26,27.77,26.21,30.83,29.31,32.22,32.85,30.39,32.2,34.03,32.02,34.97,33.7,36.02,39.95,32.55,32.58,32.23,35.85,36.08,1.66,1.48,1.85,2.16,1.99,2.23,2.08,2.53,2.38,2.67,2.73,2.49,2.67,2.85,2.65,2.94,2.81,3.04,3.43,2.7,2.7,2.67,3.02,3.05,0,0,0,0,0,0,0,0,0,0,0,0,0,0,0,0,0,0,0,0,0,0,0,0
17763,IND,India,Punjab,Patiala,2045209,5,40,36.64,36.24,41.32,43,46.71,51.78,51.57,52.08,52.88,54.73,59.44,56.55,64.26,68.19,55.68,60.49,58.49,62.15,69.48,60.79,63.51,62.34,61.97,65.65,3.1,3.06,3.56,3.72,4.09,4.58,4.56,4.61,4.69,4.87,5.33,5.05,5.81,6.19,4.97,5.44,5.24,5.6,6.32,5.47,5.73,5.62,5.58,5.94,0,0,0.13,0.29,0.66,1.15,1.13,1.18,1.26,1.44,1.9,1.62,2.38,2.76,1.54,2.01,1.81,2.17,2.89,2.04,2.3,2.19,2.15,2.51
17764,IND,India,Punjab,Rupnagar,755595,5,40,28.58,27.39,31.89,33.89,33.61,37.85,37.74,39.39,41.24,41.21,44.02,40.72,45.23,48.57,43.28,44.61,43.43,48.05,53.7,47.32,46.33,45.55,46.31,48.1,2.31,2.19,2.63,2.83,2.8,3.22,3.21,3.37,3.55,3.55,3.82,3.5,3.94,4.27,3.75,3.88,3.77,4.22,4.77,4.15,4.05,3.97,4.05,4.22,0,0,0,0,0,0,0,0,0.12,0.12,0.39,0.07,0.51,0.84,0.32,0.45,0.34,0.79,1.34,0.72,0.62,0.54,0.62,0.79
17765,IND,India,Punjab,Sahibzada Ajit Singh Nagar,1024166,5,40,31.07,29.7,34.26,36.23,35.9,39.6,40.23,40.38,42.47,41.57,47.02,42.97,49.15,51.09,46.25,49.09,47.17,50.69,55.7,50.16,50.01,49.01,50.64,52.8,2.56,2.42,2.87,3.06,3.03,3.39,3.45,3.47,3.67,3.58,4.12,3.72,4.33,4.52,4.04,4.32,4.13,4.48,4.97,4.43,4.41,4.31,4.47,4.68,0,0,0,0,0,0,0.02,0.04,0.24,0.15,0.69,0.29,0.9,1.09,0.61,0.89,0.7,1.05,1.54,1,0.98,0.88,1.04,1.25
17766,IND,India,Punjab,Sangrur,1759762,5,40,40.58,40.64,47.1,49.81,53.01,60.09,57.98,62.12,59.72,64.38,64.41,64.37,79.01,77.6,66.44,70.45,63.2,71.92,80.25,67.6,71.52,71.93,70.18,76.49,3.49,3.49,4.13,4.39,4.7,5.4,5.19,5.6,5.36,5.82,5.82,5.82,7.25,7.11,6.02,6.41,5.7,6.56,7.37,6.14,6.52,6.56,6.39,7.01,0.06,0.06,0.7,0.96,1.27,1.97,1.76,2.17,1.93,2.39,2.39,2.39,3.82,3.68,2.59,2.98,2.27,3.13,3.94,2.71,3.09,3.13,2.96,3.58
17767,IND,India,Punjab,Shahid Bhagat Singh Nagar,681192,5,40,38.28,36.07,41.91,41.95,42.49,49.31,48.1,51.19,52.28,51.9,55.28,52.9,57.68,62.65,52.8,56.97,53.68,59.6,64.27,59.01,56.64,56.49,57.87,60.79,3.26,3.05,3.62,3.62,3.67,4.34,4.22,4.53,4.63,4.6,4.93,4.69,5.16,5.65,4.68,5.09,4.77,5.35,5.81,5.29,5.06,5.05,5.18,5.47,0,0,0.19,0.19,0.24,0.91,0.79,1.1,1.2,1.17,1.5,1.26,1.73,2.22,1.25,1.66,1.34,1.92,2.38,1.86,1.63,1.62,1.75,2.04
17768,IND,India,Punjab,Sri Muktsar Sahib,943831,5,40,42.94,43.78,52.18,52.82,56.46,62.88,58.15,55.63,62.31,67.6,59.87,59.34,74.71,67.47,59.76,63.82,63.86,68.09,69.67,62.26,62.1,65.49,68.47,77.19,3.72,3.8,4.62,4.69,5.04,5.67,5.21,4.96,5.62,6.13,5.38,5.33,6.83,6.12,5.37,5.76,5.77,6.18,6.34,5.61,5.6,5.93,6.22,7.07,0.29,0.37,1.19,1.26,1.61,2.24,1.78,1.53,2.19,2.7,1.95,1.9,3.4,2.69,1.94,2.33,2.34,2.75,2.91,2.18,2.17,2.5,2.79,3.64
17769,IND,India,Punjab,Tarn Taran,1162164,5,40,43.6,47.61,57.33,59.84,60.63,64.46,65.29,71.92,77.09,75.47,77.18,71.12,78,78.44,61.21,69.3,67.06,73.26,87.61,72.84,76.96,75.79,75.42,82.54,3.78,4.18,5.13,5.37,5.45,5.83,5.91,6.56,7.06,6.91,7.07,6.48,7.15,7.2,5.51,6.3,6.08,6.69,8.1,6.65,7.05,6.94,6.9,7.6,0.35,0.75,1.7,1.94,2.02,2.4,2.48,3.13,3.63,3.48,3.64,3.05,3.72,3.77,2.08,2.87,2.65,3.26,4.67,3.22,3.62,3.51,3.47,4.17
17770,IND,India,Rajasthan,Ajmer,2938947,5,40,34.6,35.93,33.08,38.69,41.94,45.17,40.43,44.43,47.25,45.13,41.58,47.75,52.01,50.98,42.97,49.07,45.46,48.45,46.01,43.74,42.13,50.96,48.78,47.7,2.9,3.03,2.75,3.3,3.62,3.94,3.47,3.86,4.14,3.93,3.59,4.19,4.61,4.51,3.72,4.32,3.96,4.26,4.02,3.8,3.64,4.5,4.29,4.18,0,0,0,0,0.19,0.51,0.04,0.43,0.71,0.5,0.16,0.76,1.18,1.08,0.29,0.89,0.53,0.83,0.59,0.37,0.21,1.07,0.86,0.75
17771,IND,India,Rajasthan,Alwar,4163936,5,40,47.23,45.09,50.34,57.9,59.85,65.18,60.88,63.14,61.74,65.9,66.98,66.62,78.51,76.02,64.93,69.23,65.11,68.26,73.65,68.02,68.57,80.29,73.22,82.97,4.14,3.93,4.44,5.18,5.38,5.9,5.48,5.7,5.56,5.97,6.07,6.04,7.2,6.96,5.87,6.29,5.89,6.2,6.73,6.18,6.23,7.38,6.69,7.64,0.71,0.5,1.01,1.75,1.95,2.47,2.05,2.27,2.13,2.54,2.64,2.61,3.77,3.53,2.44,2.86,2.46,2.77,3.3,2.75,2.8,3.95,3.26,4.21
17772,IND,India,Rajasthan,Banswara,2026579,5,40,25.76,26.32,26.11,29.73,30,33.34,31.43,33.86,36.42,35.82,36.45,37.08,39.37,40.47,36.29,38.81,39.27,37.62,37.41,41.18,38.25,45.76,42.17,43.82,2.03,2.09,2.07,2.42,2.45,2.78,2.59,2.83,3.08,3.02,3.08,3.14,3.37,3.48,3.07,3.31,3.36,3.2,3.18,3.55,3.26,3.99,3.64,3.8,0,0,0,0,0,0,0,0,0,0,0,0,0,0.05,0,0,0,0,0,0.12,0,0.56,0.21,0.37
17773,IND,India,Rajasthan,Baran,1401375,5,40,32.36,31.72,32.33,37.66,40.39,44.78,40.64,42.78,44.16,45.32,47.17,47.42,49.97,53.4,48.17,51.07,49.09,47.88,47.82,47.1,47.28,54.52,52.24,51.16,2.68,2.62,2.68,3.2,3.47,3.9,3.49,3.7,3.84,3.95,4.13,4.16,4.41,4.74,4.23,4.52,4.32,4.2,4.2,4.13,4.14,4.85,4.63,4.52,0,0,0,0,0.04,0.47,0.06,0.27,0.41,0.52,0.7,0.73,0.98,1.31,0.8,1.09,0.89,0.77,0.77,0.7,0.71,1.42,1.2,1.09
17774,IND,India,Rajasthan,Barmer,2932707,5,40,31.37,31.45,28.63,31.66,34.45,35.77,34.11,37.7,43.57,37.92,36.42,40.2,42.06,40.2,36.97,39.13,36.67,46.91,37.91,37.39,35.26,42.84,44.37,39.94,2.58,2.59,2.32,2.61,2.89,3.02,2.85,3.2,3.78,3.23,3.08,3.45,3.63,3.45,3.13,3.35,3.1,4.11,3.22,3.17,2.97,3.71,3.86,3.42,0,0,0,0,0,0,0,0,0.35,0,0,0.02,0.2,0.02,0,0,0,0.68,0,0,0,0.28,0.43,0
17775,IND,India,Rajasthan,Bharatpur,2882439,5,40,60.8,55.88,60.72,69.23,72.9,76.56,71.71,76.02,71.85,77.12,79.06,79.93,87.45,89.96,80.1,81.87,79.53,82.82,85.61,83.25,81.95,93.42,89.55,95.17,5.47,4.99,5.46,6.29,6.65,7.01,6.54,6.96,6.55,7.07,7.26,7.34,8.08,8.33,7.36,7.53,7.3,7.63,7.9,7.67,7.54,8.67,8.29,8.84,2.04,1.56,2.03,2.86,3.22,3.58,3.11,3.53,3.12,3.64,3.83,3.91,4.65,4.9,3.93,4.1,3.87,4.2,4.47,4.24,4.11,5.24,4.86,5.41
17776,IND,India,Rajasthan,Bhilwara,2741898,5,40,32.02,33.76,29.64,36.31,36.7,41.56,36.62,39.97,42.65,40.61,39.28,43.89,48.51,49.13,41.66,47.49,42.35,43.3,40.84,40.95,39.52,48.07,44.89,45.21,2.65,2.82,2.41,3.07,3.11,3.58,3.1,3.43,3.69,3.49,3.36,3.81,4.26,4.32,3.59,4.16,3.66,3.75,3.51,3.52,3.38,4.22,3.91,3.94,0,0,0,0,0,0.15,0,0,0.26,0.06,0,0.38,0.83,0.89,0.16,0.73,0.23,0.32,0.08,0.09,0,0.79,0.48,0.51
17777,IND,India,Rajasthan,Bikaner,2340123,5,40,27.94,26.98,26.71,28.68,31.88,34.4,33.71,40.15,43.11,43.72,35.4,42.42,47.18,39.46,40.21,42.15,40.17,51.79,40.23,36.7,37.71,45.05,43.33,43.13,2.25,2.15,2.13,2.32,2.63,2.88,2.81,3.44,3.73,3.79,2.98,3.67,4.13,3.38,3.45,3.64,3.45,4.59,3.45,3.11,3.21,3.93,3.76,3.74,0,0,0,0,0,0,0,0.01,0.3,0.36,0,0.24,0.7,0,0.02,0.21,0.02,1.16,0.02,0,0,0.5,0.33,0.31
17778,IND,India,Rajasthan,Bundi,1198331,5,40,39.27,38.75,35.84,41.69,44.07,48.17,43.43,47.3,49.1,48.36,48.73,51.92,56.53,56.02,51.79,55.88,52.68,52.81,50.34,49.92,49.74,58.15,55.44,56.81,3.36,3.31,3.02,3.6,3.83,4.23,3.77,4.15,4.32,4.25,4.29,4.6,5.05,5,4.59,4.99,4.67,4.69,4.44,4.4,4.38,5.21,4.94,5.08,0,0,0,0.17,0.4,0.8,0.34,0.72,0.89,0.82,0.86,1.17,1.62,1.57,1.16,1.56,1.24,1.26,1.01,0.97,0.95,1.78,1.51,1.65
17779,IND,India,Rajasthan,Chittaurgarh,1741116,5,40,28.67,29.23,26.93,33.65,33.23,37.95,34.49,38.05,40.21,38.71,38.94,40.54,45.22,46.83,41.44,45.46,40.5,41.27,39.39,41.31,39.66,48.11,43.54,44.9,2.32,2.37,2.15,2.81,2.77,3.23,2.89,3.24,3.45,3.3,3.33,3.48,3.94,4.1,3.57,3.96,3.48,3.55,3.37,3.56,3.4,4.22,3.78,3.91,0,0,0,0,0,0,0,0,0.02,0,0,0.05,0.51,0.67,0.14,0.53,0.05,0.12,0,0.13,0,0.79,0.35,0.48
17780,IND,India,Rajasthan,Churu,2633046,5,40,25.81,24.21,27.59,32.37,35.75,40.72,37.92,42.89,45.41,45.37,40.47,45.91,52.8,45.62,44.32,47.27,45.39,52.02,44.12,43.89,44.24,50.48,46.88,52.55,2.04,1.88,2.21,2.68,3.01,3.5,3.23,3.71,3.96,3.96,3.48,4.01,4.68,3.98,3.85,4.14,3.96,4.61,3.83,3.81,3.85,4.46,4.1,4.66,0,0,0,0,0,0.07,0,0.28,0.53,0.53,0.05,0.58,1.25,0.55,0.42,0.71,0.53,1.18,0.4,0.38,0.42,1.03,0.67,1.23
17781,IND,India,Rajasthan,Dausa,1883851,5,40,46.88,44.09,44.63,51.15,55.32,59.4,52.56,57.37,55.09,59.07,58.76,60.43,66.26,65.56,58.52,61.48,58.3,60.64,63.99,59.04,59.05,68.67,65.05,68.25,4.1,3.83,3.88,4.52,4.93,5.33,4.66,5.13,4.91,5.3,5.27,5.43,6,5.93,5.25,5.54,5.22,5.45,5.78,5.3,5.3,6.24,5.89,6.2,0.67,0.4,0.45,1.09,1.5,1.9,1.23,1.7,1.48,1.87,1.84,2,2.57,2.5,1.82,2.11,1.79,2.02,2.35,1.87,1.87,2.81,2.46,2.77
17782,IND,India,Rajasthan,Dhaulpur,1358477,5,40,60.4,58.41,57.64,65.3,73.37,74.42,70.21,74.35,70.69,76.23,80.71,83.26,83.73,86.89,79.6,81.26,78.81,81.29,81.66,82.89,81.26,94.28,95.32,92.5,5.43,5.23,5.16,5.91,6.7,6.8,6.39,6.8,6.44,6.98,7.42,7.67,7.72,8.03,7.31,7.47,7.23,7.48,7.51,7.63,7.47,8.75,8.85,8.57,2,1.8,1.73,2.48,3.27,3.37,2.96,3.37,3.01,3.55,3.99,4.24,4.29,4.6,3.88,4.04,3.8,4.05,4.08,4.2,4.04,5.32,5.42,5.14
17783,IND,India,Rajasthan,Dungarpur,1562956,5,40,28.75,29.41,27.36,31.18,29.83,32.9,30.62,33.47,35.06,34.52,34.62,34.79,38.36,38.76,35.36,37.38,37.11,35.53,35.24,38.45,34.9,43.02,39.74,41.19,2.33,2.39,2.19,2.57,2.43,2.73,2.51,2.79,2.95,2.89,2.9,2.92,3.27,3.31,2.98,3.17,3.15,2.99,2.96,3.28,2.93,3.73,3.4,3.55,0,0,0,0,0,0,0,0,0,0,0,0,0,0,0,0,0,0,0,0,0,0.3,0,0.12
17784,IND,India,Rajasthan,Ganganagar,2389908,5,40,30.65,31,35.03,34.93,37.87,42.83,41.09,44.92,50.49,51.49,43.81,45.11,55.94,48.09,48.94,47.87,49.55,58.25,46.37,44.57,45.85,51.8,51.28,53.72,2.51,2.55,2.94,2.93,3.22,3.71,3.54,3.91,4.46,4.56,3.8,3.93,4.99,4.22,4.31,4.2,4.37,5.22,4.05,3.88,4,4.59,4.54,4.77,0,0,0,0,0,0.28,0.11,0.48,1.03,1.13,0.37,0.5,1.56,0.79,0.88,0.77,0.94,1.79,0.62,0.45,0.57,1.16,1.11,1.34
17785,IND,India,Rajasthan,Hanumangarh,1815270,5,40,36.44,35.08,38.99,40.29,43.52,50.01,47.39,50.01,55.53,58.92,49.94,55.05,64.27,57.88,57.34,56.32,59.02,62.45,54.32,57.76,56.47,63.98,59.28,66.93,3.08,2.95,3.33,3.46,3.78,4.41,4.15,4.41,4.95,5.28,4.4,4.91,5.81,5.18,5.13,5.03,5.29,5.63,4.83,5.17,5.04,5.78,5.32,6.07,0,0,0,0.03,0.35,0.98,0.72,0.98,1.52,1.85,0.97,1.48,2.38,1.75,1.7,1.6,1.86,2.2,1.4,1.74,1.61,2.35,1.89,2.64
17786,IND,India,Rajasthan,Jaipur,7480292,5,40,40.83,39.77,38.43,44.45,47.72,50.86,44.74,49.36,51.04,51.47,50.01,53.24,59.6,56.25,51.07,55.96,52.22,54.57,56.54,52.41,52.05,60.49,57.39,60.15,3.51,3.41,3.28,3.87,4.19,4.49,3.89,4.35,4.51,4.55,4.41,4.73,5.35,5.02,4.51,4.99,4.63,4.86,5.05,4.65,4.61,5.44,5.13,5.4,0.08,0,0,0.44,0.76,1.06,0.46,0.92,1.08,1.12,0.98,1.3,1.92,1.59,1.08,1.56,1.2,1.43,1.62,1.22,1.18,2.01,1.7,1.97
17787,IND,India,Rajasthan,Jaisalmer,767212,5,40,25.35,25.38,25.77,27.77,31.2,32.2,31.12,37.31,43.04,35.8,33.6,40.53,39.87,36.12,33.5,38.03,35.59,47.94,37.16,36.55,34.76,39.62,41.74,38.61,1.99,2,2.04,2.23,2.57,2.67,2.56,3.17,3.73,3.02,2.8,3.48,3.42,3.05,2.79,3.24,3,4.21,3.15,3.09,2.92,3.39,3.6,3.29,0,0,0,0,0,0,0,0,0.3,0,0,0.05,0,0,0,0,0,0.78,0,0,0,0,0.17,0
17788,IND,India,Rajasthan,Jalor,2080209,5,40,31.52,32.75,29,33.17,33.84,36.72,33.85,36.17,40.09,35.05,34.48,36.1,38.96,37.49,33.71,36.47,35.05,40.12,34.13,34.63,32.4,40.68,40.2,37.95,2.6,2.72,2.35,2.76,2.83,3.11,2.83,3.05,3.44,2.94,2.89,3.05,3.33,3.18,2.81,3.08,2.94,3.44,2.85,2.9,2.69,3.5,3.45,3.23,0,0,0,0,0,0,0,0,0.01,0,0,0,0,0,0,0,0,0.01,0,0,0,0.07,0.02,0
17789,IND,India,Rajasthan,Jhalawar,1620719,5,40,27.07,27.65,29.18,33.23,35.54,40.1,36.62,39.41,40.86,42.17,42.38,43.16,45.18,49.62,43.92,47.39,44.66,43.89,43.99,45.97,44.15,51.48,48.05,48.78,2.16,2.22,2.37,2.77,2.99,3.44,3.1,3.37,3.51,3.64,3.66,3.74,3.94,4.37,3.81,4.15,3.89,3.81,3.82,4.02,3.84,4.56,4.22,4.29,0,0,0,0,0,0.01,0,0,0.08,0.21,0.23,0.31,0.51,0.94,0.38,0.72,0.46,0.38,0.39,0.59,0.41,1.13,0.79,0.86
17790,IND,India,Rajasthan,Jhunjhunu,2388813,5,40,34.05,32.58,36.49,41.25,44.37,49.33,43.34,46.76,49.76,49.61,47.32,51.95,58.71,52.91,48.8,53.26,49.62,54.44,50.91,49.19,52.64,58.29,51.69,61.55,2.85,2.7,3.09,3.55,3.86,4.34,3.76,4.09,4.39,4.37,4.15,4.6,5.26,4.69,4.29,4.73,4.37,4.84,4.5,4.33,4.67,5.22,4.58,5.54,0,0,0,0.12,0.43,0.91,0.33,0.66,0.96,0.94,0.72,1.17,1.83,1.26,0.86,1.3,0.94,1.41,1.07,0.9,1.24,1.79,1.15,2.11
17791,IND,India,Rajasthan,Jodhpur,4163226,5,40,34.44,34.34,30.5,35.32,37.94,40.45,37.24,41.65,47.07,43.85,40.02,45.58,47.75,45.54,41.92,44.51,41.29,50.9,42.2,39.93,39.13,48.19,47.21,46.34,2.89,2.88,2.5,2.97,3.23,3.47,3.16,3.59,4.12,3.81,3.43,3.98,4.19,3.97,3.62,3.87,3.56,4.5,3.65,3.42,3.34,4.23,4.14,4.05,0,0,0,0,0,0.04,0,0.16,0.69,0.38,0,0.55,0.76,0.54,0.19,0.44,0.13,1.07,0.22,0,0,0.8,0.71,0.62
17792,IND,India,Rajasthan,Karauli,1697579,5,40,47.2,44.51,44.99,51.06,56.52,58.94,53.44,58.02,54.75,60.32,61.72,63.08,66.34,66.64,60.66,61.99,58.81,61.7,62.88,59.67,59.94,69.81,69.39,68.75,4.14,3.87,3.92,4.51,5.05,5.29,4.75,5.2,4.88,5.42,5.56,5.69,6.01,6.04,5.45,5.58,5.27,5.56,5.67,5.36,5.38,6.35,6.31,6.25,0.71,0.44,0.49,1.08,1.62,1.86,1.32,1.77,1.45,1.99,2.13,2.26,2.58,2.61,2.02,2.15,1.84,2.13,2.24,1.93,1.95,2.92,2.88,2.82
17793,IND,India,Rajasthan,Kota,2248274,5,40,35.52,34.61,33.5,38.99,41.2,45.32,41.45,44.69,46.48,46.63,47.86,49.49,53.69,54.18,50.12,53.46,50.53,50.31,48.79,49.07,48.96,56.94,53.6,54.15,2.99,2.9,2.79,3.33,3.55,3.95,3.57,3.89,4.06,4.08,4.2,4.36,4.77,4.82,4.42,4.75,4.46,4.44,4.29,4.32,4.31,5.09,4.76,4.82,0,0,0,0,0.12,0.52,0.14,0.46,0.63,0.65,0.77,0.93,1.34,1.39,0.99,1.32,1.03,1.01,0.86,0.89,0.88,1.66,1.33,1.39
17794,IND,India,Rajasthan,Nagaur,3740764,5,40,33.42,33.12,32.3,38.27,41.14,42.91,39.51,45.92,47.89,46.49,41.73,47.88,52.14,47.58,42.91,48.78,46.2,51.81,45.18,42.27,42.36,49.4,49.06,49.92,2.79,2.76,2.68,3.26,3.54,3.71,3.38,4.01,4.2,4.07,3.6,4.2,4.62,4.17,3.72,4.29,4.04,4.59,3.94,3.65,3.66,4.35,4.32,4.4,0,0,0,0,0.11,0.28,0,0.58,0.77,0.64,0.17,0.77,1.19,0.74,0.29,0.86,0.61,1.16,0.51,0.22,0.23,0.92,0.89,0.97
17795,IND,India,Rajasthan,Pali,2303540,5,40,33.22,34.23,29.8,35.76,36.75,41.29,37.24,40.14,44.04,40.26,37.18,40.97,44.93,44.07,38.1,42.78,40.11,43.77,38.94,37.84,36.47,45.49,43.4,42.67,2.77,2.86,2.43,3.01,3.11,3.56,3.16,3.44,3.83,3.46,3.15,3.52,3.91,3.83,3.24,3.7,3.44,3.8,3.33,3.22,3.08,3.97,3.76,3.69,0,0,0,0,0,0.13,0,0.01,0.4,0.03,0,0.09,0.48,0.4,0,0.27,0.01,0.37,0,0,0,0.54,0.33,0.26
17796,IND,India,Rajasthan,Pratapgarh,985229,5,40,22.84,22.34,23.34,28.96,29.77,34.09,31.59,34.68,36.51,35.98,36.8,38.01,40.18,43.63,38.87,41.75,39.82,39.19,38.28,42.05,39.34,47.89,42.71,43.45,1.75,1.7,1.8,2.35,2.43,2.85,2.61,2.91,3.09,3.04,3.12,3.24,3.45,3.79,3.32,3.6,3.41,3.35,3.26,3.63,3.37,4.2,3.7,3.77,0,0,0,0,0,0,0,0,0,0,0,0,0.02,0.36,0,0.17,0,0,0,0.2,0,0.77,0.27,0.34
17797,IND,India,Rajasthan,Rajsamand,1259120,5,40,26.83,26.85,24.11,31.25,30.22,35.52,32.31,35.31,38.26,36,33.92,36.91,41.46,42.99,36.01,41.43,37.75,38.83,36.63,36.05,35.03,43.12,39.84,38.83,2.14,2.14,1.87,2.57,2.47,2.99,2.68,2.97,3.26,3.04,2.83,3.13,3.57,3.72,3.04,3.57,3.21,3.32,3.1,3.04,2.94,3.74,3.41,3.31,0,0,0,0,0,0,0,0,0,0,0,0,0.14,0.29,0,0.14,0,0,0,0,0,0.31,0,0
17798,IND,India,Rajasthan,Sawai Madhopur,1423001,5,40,46,43.08,41.5,48.01,53.55,55.62,50.43,54.83,53.44,56.38,56.03,59.5,63.19,62.68,57.73,61.42,58.03,58.53,58.62,55.2,56.33,65.22,62.84,63.73,4.02,3.73,3.58,4.21,4.76,4.96,4.45,4.88,4.75,5.04,5,5.34,5.7,5.65,5.17,5.53,5.2,5.25,5.26,4.92,5.03,5.9,5.67,5.76,0.59,0.3,0.15,0.78,1.33,1.53,1.02,1.45,1.32,1.61,1.57,1.91,2.27,2.22,1.74,2.1,1.77,1.82,1.83,1.49,1.6,2.47,2.24,2.33
17799,IND,India,Rajasthan,Sikar,3012667,5,40,32.67,31.71,33.39,39.65,42.2,45.2,40.07,44.86,47.31,45.63,44.19,48.25,54.51,48.99,45.43,50.29,46.31,50.51,49,45.47,46.99,52.44,49.36,54.62,2.71,2.62,2.78,3.4,3.65,3.94,3.44,3.91,4.15,3.98,3.84,4.24,4.85,4.31,3.96,4.44,4.05,4.46,4.31,3.97,4.12,4.65,4.35,4.86,0,0,0,0,0.22,0.51,0.01,0.48,0.72,0.55,0.41,0.81,1.42,0.88,0.53,1.01,0.62,1.03,0.88,0.54,0.69,1.22,0.92,1.43
17800,IND,India,Rajasthan,Sirohi,1169406,5,40,26,26.76,23.36,28.36,27.02,31.38,29.47,31.05,34.88,31.94,30.41,31.87,36.09,36.12,30.93,34.7,33.45,34.41,31.87,32.31,31.21,38.24,35.68,36.08,2.06,2.13,1.8,2.29,2.16,2.58,2.4,2.55,2.93,2.64,2.49,2.63,3.05,3.05,2.54,2.91,2.79,2.88,2.63,2.68,2.57,3.26,3.01,3.05,0,0,0,0,0,0,0,0,0,0,0,0,0,0,0,0,0,0,0,0,0,0,0,0
17801,IND,India,Rajasthan,Tonk,1609971,5,40,44.52,43.14,40.2,45.69,50.21,52.58,46.16,50.89,52.07,51.92,49.86,54.66,58.48,57.37,52.49,57.67,54.4,55.17,54.15,51.15,50.49,59.99,57.36,57.63,3.87,3.74,3.45,3.99,4.43,4.66,4.03,4.5,4.61,4.6,4.4,4.87,5.24,5.13,4.65,5.16,4.84,4.92,4.82,4.52,4.46,5.39,5.13,5.16,0.44,0.31,0.02,0.56,1,1.23,0.6,1.07,1.18,1.17,0.97,1.44,1.81,1.7,1.22,1.73,1.41,1.49,1.39,1.09,1.03,1.96,1.7,1.73
17802,IND,India,Rajasthan,Udaipur,3485701,5,40,23.98,23.62,21.47,28.21,26.91,32.06,29.56,32.58,35.27,33.86,33.44,34.35,37.81,40.37,35.23,39.05,36.22,36.35,35.19,36.11,34.34,41.81,38.56,38.6,1.86,1.82,1.61,2.27,2.15,2.65,2.41,2.7,2.97,2.83,2.79,2.88,3.21,3.47,2.96,3.34,3.06,3.07,2.96,3.05,2.88,3.61,3.29,3.29,0,0,0,0,0,0,0,0,0,0,0,0,0,0.04,0,0,0,0,0,0,0,0.18,0,0
17803,IND,India,Sikkim,East Sikkim,277571,5,40,26.95,26.71,32.88,36.75,35.31,35.58,35.89,36.96,38.81,38.32,38.23,44.57,38.97,41.44,42.99,39.81,43.82,42.92,40.39,42.08,43.62,40.43,44.11,41.38,2.15,2.13,2.73,3.11,2.97,3,3.03,3.13,3.31,3.27,3.26,3.88,3.33,3.57,3.72,3.41,3.8,3.72,3.47,3.63,3.78,3.47,3.83,3.57,0,0,0,0,0,0,0,0,0,0,0,0.45,0,0.14,0.29,0,0.37,0.29,0.04,0.2,0.35,0.04,0.4,0.14
17804,IND,India,Sikkim,North Sikkim,46554,5,40,20.93,21.31,28.92,34.23,31.37,30.39,29.34,30.6,29.63,28.18,29.86,32.52,29.25,31.45,33.24,29.68,33.68,35.77,32.91,30.45,33.37,28.24,32.28,31.7,1.56,1.6,2.34,2.86,2.58,2.49,2.38,2.51,2.41,2.27,2.44,2.7,2.38,2.59,2.77,2.42,2.81,3.02,2.74,2.49,2.78,2.28,2.67,2.62,0,0,0,0,0,0,0,0,0,0,0,0,0,0,0,0,0,0,0,0,0,0,0,0
17805,IND,India,Sikkim,South Sikkim,152519,5,40,26.11,25.83,31.66,35.92,34.19,35.15,35.79,36.98,39.96,39.31,39.05,46.6,39.64,42.12,43.41,39.82,43,42.13,39.12,41.96,43.07,40.35,44.09,41.29,2.07,2.04,2.61,3.03,2.86,2.96,3.02,3.13,3.43,3.36,3.34,4.08,3.39,3.64,3.76,3.41,3.72,3.64,3.34,3.62,3.73,3.46,3.83,3.56,0,0,0,0,0,0,0,0,0,0,0,0.65,0,0.21,0.33,0,0.29,0.21,0,0.19,0.3,0.03,0.4,0.13
17806,IND,India,Sikkim,West Sikkim,137308,5,40,25.1,25.15,31.23,35.63,33.55,34.06,33.9,34.73,37.24,35.88,35.85,42.82,36.14,38.85,40.25,36.91,39.71,39.32,35.74,38.11,39.38,36.59,40.15,37.47,1.97,1.97,2.57,3,2.8,2.85,2.83,2.91,3.16,3.03,3.02,3.71,3.05,3.32,3.45,3.13,3.4,3.36,3.01,3.24,3.37,3.1,3.45,3.18,0,0,0,0,0,0,0,0,0,0,0,0.28,0,0,0.02,0,0,0,0,0,0,0,0.02,0
17807,IND,India,Tamil Nadu,Ariyalur,822106,5,40,19.66,22.03,20.6,22.96,22.84,22.5,23.95,25.12,23.12,25.37,24.69,24.56,27.03,25.17,25.4,24.2,25.69,21.39,25.85,25.55,26.47,24.2,23.09,24.48,1.44,1.67,1.53,1.76,1.75,1.71,1.86,1.97,1.78,2,1.93,1.92,2.16,1.98,2,1.88,2.03,1.61,2.04,2.01,2.1,1.88,1.77,1.91,0,0,0,0,0,0,0,0,0,0,0,0,0,0,0,0,0,0,0,0,0,0,0,0
17808,IND,India,Tamil Nadu,Chennai,5849455,5,40,22.26,25.34,25.58,25.49,25.27,26.86,26.49,29.78,28.38,31.28,30.73,31.16,30.48,29.49,31.21,29.97,32.62,27.92,34.86,34.4,32.07,32.77,30.14,34.68,1.69,1.99,2.02,2.01,1.99,2.14,2.11,2.43,2.29,2.58,2.52,2.56,2.5,2.4,2.57,2.45,2.71,2.25,2.93,2.88,2.65,2.72,2.46,2.91,0,0,0,0,0,0,0,0,0,0,0,0,0,0,0,0,0,0,0,0,0,0,0,0
17809,IND,India,Tamil Nadu,Coimbatore,3356787,5,40,13.09,14.04,14.82,17.36,17.15,18.63,20.19,20.77,22.89,22.08,24.14,22.99,24.37,26.25,24.01,21.85,24.62,23.08,24.72,24.76,26.34,21.26,23.25,27.51,0.79,0.89,0.96,1.21,1.19,1.34,1.49,1.55,1.75,1.67,1.88,1.76,1.9,2.08,1.86,1.65,1.92,1.77,1.93,1.94,2.09,1.59,1.79,2.21,0,0,0,0,0,0,0,0,0,0,0,0,0,0,0,0,0,0,0,0,0,0,0,0
17810,IND,India,Tamil Nadu,Cuddalore,2903218,5,40,20.36,23.8,22.64,23.82,23.21,23.68,24.64,26.55,24.38,26.84,25.95,26.39,27.14,25.47,26.16,25.23,26.44,22.48,28.09,26.82,26.08,24.66,23.52,25.32,1.5,1.84,1.73,1.84,1.78,1.83,1.93,2.11,1.9,2.14,2.05,2.1,2.17,2.01,2.07,1.98,2.1,1.71,2.26,2.14,2.07,1.93,1.82,1.99,0,0,0,0,0,0,0,0,0,0,0,0,0,0,0,0,0,0,0,0,0,0,0,0
17811,IND,India,Tamil Nadu,Dharmapuri,1633456,5,40,18.11,18.54,19.9,26.18,23.95,24.6,27.87,27.4,27.93,28.4,28.92,29.59,30.26,32.62,30.5,27.9,29.96,27.51,29.48,30.47,30.48,27,27.34,30.76,1.28,1.33,1.46,2.08,1.86,1.92,2.24,2.2,2.25,2.29,2.34,2.41,2.48,2.71,2.5,2.24,2.45,2.21,2.4,2.5,2.5,2.16,2.19,2.52,0,0,0,0,0,0,0,0,0,0,0,0,0,0,0,0,0,0,0,0,0,0,0,0
17812,IND,India,Tamil Nadu,Dindigul,2321093,5,40,15.75,17.39,17.6,20.92,20.66,21.15,22.15,23.93,23.27,23.24,23.69,23.68,26.22,27.49,23.78,22.22,24.16,22.74,24.59,26.7,25.83,23.59,24.29,26.71,1.05,1.21,1.23,1.56,1.53,1.58,1.68,1.86,1.79,1.79,1.83,1.83,2.08,2.2,1.84,1.69,1.88,1.74,1.92,2.13,2.04,1.82,1.89,2.13,0,0,0,0,0,0,0,0,0,0,0,0,0,0,0,0,0,0,0,0,0,0,0,0
17813,IND,India,Tamil Nadu,Erode,2284839,5,40,18.95,20.08,20.09,24.09,23.56,22.05,25.24,26.68,27.53,29.24,30.34,29.83,31.1,34.16,30.05,27.9,29.33,27.91,30.28,32.39,31.15,27.66,29.8,33.35,1.37,1.48,1.48,1.87,1.82,1.67,1.98,2.12,2.21,2.38,2.48,2.43,2.56,2.86,2.45,2.24,2.38,2.25,2.48,2.68,2.56,2.22,2.43,2.78,0,0,0,0,0,0,0,0,0,0,0,0,0,0,0,0,0,0,0,0,0,0,0,0
17814,IND,India,Tamil Nadu,Kancheepuram,3622565,5,40,22.52,26.42,26.89,26.88,26.91,27.91,27.75,31.93,30.54,33.64,32.56,33.3,32.29,30.61,32.68,30.45,32.06,27.41,34.92,33.37,30.84,31.75,29.05,31.69,1.72,2.1,2.15,2.14,2.15,2.25,2.23,2.64,2.5,2.81,2.7,2.77,2.67,2.51,2.71,2.49,2.65,2.2,2.93,2.78,2.53,2.62,2.36,2.62,0,0,0,0,0,0,0,0,0,0,0,0,0,0,0,0,0,0,0,0,0,0,0,0
17815,IND,India,Tamil Nadu,Kanniyakumari,2020596,5,40,15.19,17.19,17.67,18.83,17.39,18.9,18.91,21.31,19.92,21.54,22.53,21.34,21.65,23.69,20.57,18.47,21.91,18.96,22.78,22.05,25.34,19.06,20.37,20.61,1,1.19,1.24,1.36,1.21,1.36,1.36,1.6,1.46,1.62,1.72,1.6,1.63,1.83,1.53,1.32,1.66,1.37,1.74,1.67,1.99,1.38,1.51,1.53,0,0,0,0,0,0,0,0,0,0,0,0,0,0,0,0,0,0,0,0,0,0,0,0
17816,IND,India,Tamil Nadu,Karur,1154459,5,40,18.51,20.43,19.19,23.63,22.96,22.8,24.34,26.26,25.63,26.78,26.53,27.41,29.93,31.36,28.13,25.89,27.28,26.26,27.93,30.08,29.32,26.57,28.02,30.34,1.32,1.51,1.39,1.83,1.76,1.74,1.89,2.08,2.02,2.13,2.11,2.2,2.44,2.58,2.27,2.05,2.18,2.08,2.25,2.46,2.38,2.11,2.26,2.48,0,0,0,0,0,0,0,0,0,0,0,0,0,0,0,0,0,0,0,0,0,0,0,0
17817,IND,India,Tamil Nadu,Krishnagiri,2035237,5,40,16.21,16.34,17.43,23.95,23.42,24.58,27.62,27.53,27.17,27.79,28.65,29.03,29.68,30.83,29.37,27.6,28.32,26.05,26.96,28.56,28.52,24.34,25.01,28,1.1,1.11,1.22,1.86,1.81,1.92,2.22,2.21,2.17,2.23,2.32,2.36,2.42,2.53,2.39,2.21,2.29,2.06,2.15,2.31,2.31,1.9,1.96,2.25,0,0,0,0,0,0,0,0,0,0,0,0,0,0,0,0,0,0,0,0,0,0,0,0
17818,IND,India,Tamil Nadu,Madurai,3321482,5,40,15.01,17.17,18.37,20.24,20.12,20.85,22.15,24.41,23.5,24.09,24.47,23.94,25.96,25.35,23.86,22.67,24.07,21.41,25.61,25.64,26.52,23.26,24.25,26.52,0.98,1.19,1.31,1.49,1.48,1.55,1.68,1.9,1.81,1.87,1.91,1.86,2.05,1.99,1.85,1.73,1.87,1.61,2.02,2.02,2.11,1.79,1.89,2.11,0,0,0,0,0,0,0,0,0,0,0,0,0,0,0,0,0,0,0,0,0,0,0,0
17819,IND,India,Tamil Nadu,Nagappattinam,1671543,5,40,20.27,23.55,22.67,22.97,22.68,22.86,22.99,25.06,23.17,24.92,24.38,24.66,25.67,23.43,24.29,24.02,25.9,21.44,26.87,26.04,25.62,23.49,22.37,23.7,1.5,1.82,1.73,1.76,1.73,1.75,1.76,1.97,1.78,1.95,1.9,1.93,2.03,1.81,1.89,1.86,2.05,1.61,2.14,2.06,2.02,1.81,1.7,1.83,0,0,0,0,0,0,0,0,0,0,0,0,0,0,0,0,0,0,0,0,0,0,0,0
17820,IND,India,Tamil Nadu,Namakkal,2104807,5,40,20.58,22.24,21.82,25.98,24.62,23.37,26.54,28.2,28.74,30.16,30.92,31.36,32.78,35.43,31.8,29.14,30.66,28.84,31.59,34.02,32.76,29.16,31.07,34.36,1.53,1.69,1.65,2.06,1.92,1.8,2.11,2.27,2.33,2.47,2.54,2.58,2.72,2.98,2.63,2.37,2.51,2.34,2.61,2.84,2.72,2.37,2.55,2.88,0,0,0,0,0,0,0,0,0,0,0,0,0,0,0,0,0,0,0,0,0,0,0,0
17821,IND,India,Tamil Nadu,Perambalur,586161,5,40,17.62,19.9,19.59,22.81,21.95,22.07,24.57,26.53,24.88,26.54,26.27,25.99,28.36,27.37,27.61,25.64,27.32,22.83,26.99,26.5,27.96,25.18,23.75,25.44,1.24,1.46,1.43,1.74,1.66,1.67,1.92,2.11,1.95,2.11,2.08,2.06,2.29,2.19,2.22,2.02,2.19,1.75,2.16,2.11,2.25,1.98,1.84,2,0,0,0,0,0,0,0,0,0,0,0,0,0,0,0,0,0,0,0,0,0,0,0,0
17822,IND,India,Tamil Nadu,Pudukkottai,1825484,5,40,19.11,21.16,20.36,22.02,21.67,21.26,22.19,24.6,22.9,23.93,23.91,23.13,25.59,23.79,24.64,22.55,25.29,21.27,23.73,24.24,26.65,22.65,23.11,24.28,1.38,1.58,1.51,1.67,1.63,1.59,1.68,1.92,1.75,1.86,1.85,1.78,2.02,1.84,1.93,1.72,1.99,1.59,1.84,1.89,2.12,1.73,1.77,1.89,0,0,0,0,0,0,0,0,0,0,0,0,0,0,0,0,0,0,0,0,0,0,0,0
17823,IND,India,Tamil Nadu,Ramanathapuram,1483644,5,40,18.13,21.41,21.11,22.14,21.26,21.33,22.36,25.11,23.83,24.37,25.19,23.66,25.13,23.52,24.52,22.59,24.46,21.48,24.05,24.51,27.54,22.74,22.85,24.48,1.29,1.61,1.58,1.68,1.59,1.6,1.7,1.97,1.85,1.9,1.98,1.83,1.97,1.81,1.91,1.72,1.91,1.61,1.87,1.91,2.21,1.74,1.75,1.91,0,0,0,0,0,0,0,0,0,0,0,0,0,0,0,0,0,0,0,0,0,0,0,0
17824,IND,India,Tamil Nadu,Salem,3897299,5,40,18.74,20.47,21.04,26.16,23.55,23.31,26.6,27.4,28.04,28.84,29.59,29.26,30.84,33.1,30.63,27.88,29.85,27.16,30.08,31.46,31.23,27.74,28.48,32.56,1.35,1.52,1.57,2.07,1.82,1.79,2.12,2.2,2.26,2.34,2.41,2.38,2.53,2.75,2.51,2.24,2.44,2.17,2.46,2.59,2.57,2.23,2.3,2.7,0,0,0,0,0,0,0,0,0,0,0,0,0,0,0,0,0,0,0,0,0,0,0,0
17825,IND,India,Tamil Nadu,Sivaganga,1444379,5,40,16.89,18.99,18.85,20.84,20.37,20.57,21.87,24.13,22.8,23.4,23.62,22.41,24.57,23.18,23.96,21.87,24.35,20.69,23.43,23.78,26.9,22.54,23.41,24.76,1.17,1.37,1.36,1.55,1.51,1.53,1.65,1.87,1.74,1.8,1.83,1.71,1.92,1.78,1.86,1.65,1.9,1.54,1.81,1.84,2.15,1.72,1.8,1.94,0,0,0,0,0,0,0,0,0,0,0,0,0,0,0,0,0,0,0,0,0,0,0,0
17826,IND,India,Tamil Nadu,Thanjavur,2556073,5,40,19.91,22.75,21.37,22.92,22.9,22.3,23.24,24.89,23.28,25.26,24.99,24.57,27.16,25.23,26.01,24.99,26.79,22.49,26.45,26.41,28.09,24.6,24.47,25.2,1.46,1.74,1.6,1.76,1.75,1.7,1.79,1.95,1.79,1.99,1.96,1.92,2.17,1.98,2.06,1.96,2.14,1.71,2.1,2.1,2.26,1.92,1.91,1.98,0,0,0,0,0,0,0,0,0,0,0,0,0,0,0,0,0,0,0,0,0,0,0,0
17827,IND,India,Tamil Nadu,The Nilgiris,788348,5,40,5.64,6.32,7.36,8.89,9.83,10.11,10.96,10.65,11.82,10.83,12.35,12.31,11.88,12.59,11.96,11.03,12.28,11.38,12.66,11.94,12.53,9.5,10.34,14.04,0.06,0.13,0.23,0.38,0.47,0.5,0.58,0.55,0.67,0.57,0.72,0.72,0.67,0.74,0.68,0.59,0.71,0.63,0.75,0.68,0.74,0.44,0.52,0.89,0,0,0,0,0,0,0,0,0,0,0,0,0,0,0,0,0,0,0,0,0,0,0,0
17828,IND,India,Tamil Nadu,Theni,1374224,5,40,11.88,13.39,16.22,17.68,17.13,18.3,19.41,20.37,20.22,19.9,21.42,20.64,22.08,24.56,20.68,20.08,20.96,19.32,22.21,22.66,22.2,20.09,20.55,22.24,0.67,0.82,1.1,1.24,1.19,1.3,1.41,1.51,1.49,1.46,1.61,1.53,1.67,1.92,1.54,1.48,1.56,1.4,1.69,1.73,1.69,1.48,1.52,1.69,0,0,0,0,0,0,0,0,0,0,0,0,0,0,0,0,0,0,0,0,0,0,0,0
17829,IND,India,Tamil Nadu,Thiruvallur,4054679,5,40,22.58,26.7,26.74,26.19,25.91,27.6,27.08,31.08,30.08,32.48,31.42,32.68,31.76,29.99,32.14,30.89,33.67,28.41,35.28,34.53,33.04,33.77,29.86,34.47,1.72,2.13,2.13,2.08,2.05,2.21,2.16,2.56,2.46,2.69,2.59,2.71,2.62,2.45,2.66,2.54,2.81,2.29,2.97,2.89,2.75,2.82,2.44,2.89,0,0,0,0,0,0,0,0,0,0,0,0,0,0,0,0,0,0,0,0,0,0,0,0
17830,IND,India,Tamil Nadu,Thiruvarur,1472166,5,40,19.63,22.92,22.07,23.16,23.31,22.86,22.97,24.86,22.97,24.63,24.33,24.04,26.01,23.47,24.9,24.46,26.38,22.07,26.49,26.23,27.43,24.18,23.53,24.6,1.43,1.76,1.67,1.78,1.79,1.75,1.76,1.95,1.76,1.92,1.89,1.87,2.06,1.81,1.95,1.91,2.09,1.67,2.11,2.08,2.2,1.88,1.82,1.92,0,0,0,0,0,0,0,0,0,0,0,0,0,0,0,0,0,0,0,0,0,0,0,0
17831,IND,India,Tamil Nadu,Thoothukudi,2007759,5,40,17.27,20.73,21.14,23.25,21.32,22.46,22.71,25.31,24.08,25.25,26.26,24.75,26.1,25.58,24.57,23.36,24.86,22.1,25.47,25.88,29.89,23.34,23.7,25.79,1.2,1.54,1.58,1.79,1.6,1.71,1.74,1.99,1.87,1.98,2.08,1.94,2.07,2.02,1.92,1.8,1.95,1.68,2.01,2.05,2.44,1.8,1.83,2.04,0,0,0,0,0,0,0,0,0,0,0,0,0,0,0,0,0,0,0,0,0,0,0,0
17832,IND,India,Tamil Nadu,Tiruchirappalli,2946135,5,40,19.31,21.17,19.96,22.82,22.44,22.09,24.35,26.88,25.68,27.13,26.61,26.59,29.16,28.97,28.77,26.6,28.91,25,28.53,29.04,30.69,26.75,27.41,28.83,1.4,1.58,1.47,1.75,1.71,1.67,1.9,2.14,2.03,2.17,2.12,2.12,2.37,2.35,2.33,2.12,2.34,1.96,2.31,2.36,2.52,2.13,2.2,2.34,0,0,0,0,0,0,0,0,0,0,0,0,0,0,0,0,0,0,0,0,0,0,0,0
17833,IND,India,Tamil Nadu,Tirunelveli,3235198,5,40,13.56,16.83,18.67,20.38,19.34,20.99,21.19,23.09,22.71,22.71,24.33,23.69,24.26,24.73,22.51,21.6,23.19,21.01,23.8,23.57,27.33,21.49,22.63,24.31,0.84,1.16,1.34,1.51,1.41,1.57,1.59,1.77,1.74,1.74,1.89,1.83,1.89,1.93,1.72,1.63,1.78,1.57,1.84,1.82,2.19,1.62,1.73,1.89,0,0,0,0,0,0,0,0,0,0,0,0,0,0,0,0,0,0,0,0,0,0,0,0
17834,IND,India,Tamil Nadu,Tiruppur,3042607,5,40,17.19,18.29,17.74,21.58,21.33,21.88,23.75,24.43,25.61,26.22,27.06,26.58,28.72,31.33,27.33,25.42,27.61,26.36,27.94,29.92,29.36,26.05,27.61,31.39,1.19,1.3,1.25,1.62,1.6,1.65,1.84,1.9,2.02,2.08,2.16,2.12,2.32,2.58,2.19,2,2.22,2.09,2.25,2.44,2.39,2.06,2.22,2.59,0,0,0,0,0,0,0,0,0,0,0,0,0,0,0,0,0,0,0,0,0,0,0,0
17835,IND,India,Tamil Nadu,Tiruvannamalai,2667367,5,40,19.83,21.48,22.4,24.73,23.77,24.02,24.86,27.11,26.22,28.11,26.97,29.55,29.04,29.28,29.29,26.95,28.74,24.54,29.3,29.11,28.42,26.69,25.72,27.17,1.45,1.61,1.71,1.93,1.84,1.86,1.95,2.17,2.08,2.26,2.15,2.41,2.36,2.38,2.38,2.15,2.33,1.91,2.38,2.36,2.3,2.13,2.03,2.17,0,0,0,0,0,0,0,0,0,0,0,0,0,0,0,0,0,0,0,0,0,0,0,0
17836,IND,India,Tamil Nadu,Vellore,4226896,5,40,17.42,18.66,19.65,22.85,22.4,22.91,23.34,25.9,24.97,26.7,25.96,28.33,27.88,28.04,27.61,25.8,26.81,24.36,28.34,28.95,28.37,25.38,24.65,26.99,1.22,1.34,1.44,1.75,1.71,1.76,1.8,2.05,1.96,2.13,2.05,2.29,2.24,2.26,2.22,2.04,2.14,1.9,2.29,2.35,2.29,2,1.93,2.15,0,0,0,0,0,0,0,0,0,0,0,0,0,0,0,0,0,0,0,0,0,0,0,0
17837,IND,India,Tamil Nadu,Viluppuram,4012846,5,40,21.34,24.11,23.59,25.29,24.43,24.96,25.97,27.96,25.92,28.22,27.29,28.49,28.38,27.82,28.34,26.37,28.13,23.53,28.91,27.85,26.88,25.6,24.19,26.12,1.6,1.87,1.82,1.99,1.9,1.96,2.05,2.25,2.05,2.28,2.18,2.3,2.29,2.24,2.29,2.09,2.27,1.82,2.34,2.24,2.14,2.02,1.88,2.07,0,0,0,0,0,0,0,0,0,0,0,0,0,0,0,0,0,0,0,0,0,0,0,0
17838,IND,India,Tamil Nadu,Virudhunagar,2094237,5,40,15.3,18.85,20.05,21.64,21.39,22.61,24.51,26.67,25.91,25.22,26.27,25.28,26.16,26.26,25.16,24.53,25.77,22.8,26.01,26.24,28.29,23.62,24.68,27.06,1.01,1.36,1.47,1.63,1.61,1.73,1.91,2.12,2.05,1.98,2.08,1.99,2.07,2.08,1.98,1.91,2.04,1.74,2.06,2.08,2.28,1.83,1.93,2.16,0,0,0,0,0,0,0,0,0,0,0,0,0,0,0,0,0,0,0,0,0,0,0,0
17839,IND,India,Telangana,Adilabad,689466,5,40,19.25,20.27,22.48,25.91,25.45,27.09,28.04,28.89,31.59,32.28,34.32,33.42,32.83,34.36,31.53,35.75,34.88,33.6,34.73,35.3,35.5,37.6,37.32,41.43,1.4,1.5,1.71,2.05,2,2.17,2.26,2.34,2.61,2.67,2.87,2.78,2.73,2.88,2.6,3.01,2.93,2.8,2.91,2.97,2.99,3.19,3.17,3.57,0,0,0,0,0,0,0,0,0,0,0,0,0,0,0,0,0,0,0,0,0,0,0,0.14
17840,IND,India,Telangana,Hyderabad,4187482,5,40,22.71,23.68,24.51,26.7,26.74,28.67,29,32.56,34.22,35.81,36.59,38.89,38.9,38.3,35.35,37.76,39.44,35.94,40.54,43.02,41.64,39.77,39.57,44.94,1.74,1.83,1.91,2.13,2.13,2.32,2.35,2.7,2.86,3.02,3.1,3.32,3.32,3.26,2.97,3.21,3.37,3.03,3.48,3.73,3.59,3.41,3.39,3.91,0,0,0,0,0,0,0,0,0,0,0,0,0,0,0,0,0,0,0.05,0.3,0.16,0,0,0.48
17841,IND,India,Telangana,Jagtial,959818,5,40,20.36,20.95,22.36,25.54,24.67,25.64,26.99,28.01,29.98,31.61,32.04,32.26,32.31,32.51,30.61,33.53,33.46,31.97,34.44,35.03,35.33,36.91,37.7,40.81,1.51,1.56,1.7,2.01,1.93,2.02,2.15,2.25,2.45,2.61,2.65,2.67,2.68,2.7,2.51,2.8,2.79,2.64,2.89,2.94,2.97,3.13,3.2,3.51,0,0,0,0,0,0,0,0,0,0,0,0,0,0,0,0,0,0,0,0,0,0,0,0.08
17842,IND,India,Telangana,Jangoan,468848,5,40,18.99,20.93,20.93,23.35,22.76,23.54,23.27,26.67,26.9,28.65,27.54,30.05,29.48,28.31,26.88,29.17,30.08,27.64,29.94,30.48,30.1,30.37,31.97,34.7,1.37,1.56,1.56,1.8,1.74,1.82,1.79,2.12,2.15,2.32,2.21,2.45,2.4,2.28,2.14,2.37,2.46,2.22,2.44,2.5,2.46,2.49,2.64,2.91,0,0,0,0,0,0,0,0,0,0,0,0,0,0,0,0,0,0,0,0,0,0,0,0
17843,IND,India,Telangana,Jayashankar Bhupalpally,535195,5,40,19.4,22.04,22.68,24.13,24.26,25.42,25.79,27.69,28.07,30.43,30.1,31.11,30.66,31.9,30.03,33.07,32.9,31.88,32.51,32.28,32.63,32.68,34.89,38.03,1.41,1.67,1.73,1.87,1.89,2,2.04,2.22,2.26,2.49,2.46,2.56,2.51,2.64,2.45,2.75,2.73,2.63,2.7,2.67,2.71,2.71,2.93,3.24,0,0,0,0,0,0,0,0,0,0,0,0,0,0,0,0,0,0,0,0,0,0,0,0
17844,IND,India,Telangana,Jogulamba Gadwal,685527,5,40,19.57,22.44,21.45,22.84,24.95,24.91,23.96,27.94,29,29.19,27.95,29.84,30.44,29.44,27.05,27.75,31.54,27.38,29.15,31.1,30.14,29.19,30.06,31.47,1.43,1.71,1.61,1.75,1.96,1.95,1.86,2.25,2.35,2.37,2.25,2.43,2.49,2.39,2.16,2.23,2.6,2.19,2.37,2.56,2.46,2.37,2.46,2.59,0,0,0,0,0,0,0,0,0,0,0,0,0,0,0,0,0,0,0,0,0,0,0,0
17845,IND,India,Telangana,Kamareddy,974417,5,40,19.38,20.26,22.25,24.4,24.14,24.96,25.8,27.6,29.19,30.18,30.12,31.22,30.9,30.85,28.89,30.95,31.3,28.92,31.46,33,32.71,33.07,32.55,36.66,1.41,1.5,1.69,1.9,1.88,1.96,2.04,2.21,2.37,2.47,2.46,2.57,2.54,2.53,2.34,2.54,2.58,2.34,2.59,2.74,2.72,2.75,2.7,3.1,0,0,0,0,0,0,0,0,0,0,0,0,0,0,0,0,0,0,0,0,0,0,0,0
17846,IND,India,Telangana,Karimnagar,1039699,5,40,22.69,23.87,25.73,26.97,26.63,27.63,28.18,30.34,31.91,34.04,34.03,34.33,34.6,33.98,32.59,35.78,36.39,34.35,38.21,37.89,38.53,38.6,40.66,43.13,1.73,1.85,2.03,2.15,2.12,2.22,2.27,2.48,2.64,2.85,2.84,2.87,2.9,2.84,2.7,3.02,3.08,2.88,3.25,3.22,3.29,3.29,3.49,3.74,0,0,0,0,0,0,0,0,0,0,0,0,0,0,0,0,0,0,0,0,0,0,0.06,0.31
17847,IND,India,Telangana,Khammam,1488652,5,40,17.05,18.32,20.4,22.07,21.83,23.02,23.03,25.25,27.29,29.08,29.44,30.77,29.29,30.54,27.68,29.27,32.75,29.1,28.46,30.59,31.44,30.46,31.67,36.08,1.18,1.31,1.51,1.67,1.65,1.77,1.77,1.98,2.18,2.36,2.39,2.53,2.38,2.5,2.22,2.38,2.72,2.36,2.3,2.51,2.59,2.49,2.61,3.05,0,0,0,0,0,0,0,0,0,0,0,0,0,0,0,0,0,0,0,0,0,0,0,0
17848,IND,India,Telangana,Kumurambheem Asifabad,600497,5,40,19.93,21.94,22.27,26.53,25.54,27.1,28.93,29.37,30.69,31.44,33.14,32.89,32.52,34.55,31.93,35.4,34.8,34.02,35.07,33.23,33.69,35.59,36.27,39.77,1.46,1.66,1.69,2.11,2.01,2.17,2.34,2.39,2.52,2.59,2.76,2.73,2.7,2.9,2.64,2.98,2.92,2.84,2.95,2.77,2.81,3,3.06,3.41,0,0,0,0,0,0,0,0,0,0,0,0,0,0,0,0,0,0,0,0,0,0,0,0
17849,IND,India,Telangana,Mahabubabad,608897,5,40,16.4,17.94,19.3,21.32,20.75,21.89,21.77,24.54,25.23,27.41,26.98,28.09,27.25,27.73,25.52,27.39,29.74,27.34,27.36,29.33,29.44,29.23,31.01,34.5,1.12,1.27,1.4,1.6,1.54,1.66,1.64,1.91,1.98,2.2,2.15,2.26,2.18,2.23,2.01,2.19,2.42,2.19,2.19,2.38,2.4,2.37,2.55,2.89,0,0,0,0,0,0,0,0,0,0,0,0,0,0,0,0,0,0,0,0,0,0,0,0
17850,IND,India,Telangana,Mahabubnagar,957964,5,40,19.14,21.59,21.5,22.5,23.78,23.77,23.17,26.86,27.15,27.36,26.63,27.93,28.58,28.29,25.91,27.26,29.61,25.93,28.47,29.31,28.42,27.01,28.04,30.53,1.39,1.63,1.62,1.72,1.84,1.84,1.78,2.14,2.17,2.19,2.12,2.25,2.31,2.28,2.05,2.18,2.41,2.05,2.3,2.38,2.3,2.16,2.26,2.5,0,0,0,0,0,0,0,0,0,0,0,0,0,0,0,0,0,0,0,0,0,0,0,0
17851,IND,India,Telangana,Mancherial,951043,5,40,20.28,22.47,23.06,26.17,25.1,26.13,27.05,28.01,29.46,30.73,31.32,31.39,31.62,33.18,31.03,34.44,33.57,33.36,34.48,33.39,34.08,35.58,36.25,39.26,1.5,1.71,1.77,2.07,1.97,2.07,2.16,2.26,2.4,2.52,2.58,2.59,2.61,2.76,2.55,2.88,2.8,2.78,2.89,2.78,2.85,3,3.06,3.36,0,0,0,0,0,0,0,0,0,0,0,0,0,0,0,0,0,0,0,0,0,0,0,0
17852,IND,India,Telangana,Medak,805377,5,40,18.67,18.96,21.09,23.61,23.61,24.78,25.82,27.88,29.1,30.29,29.8,31.89,31.29,30.51,29,31.02,31.55,29.27,31.54,32.9,32.34,32.43,31.91,36.68,1.34,1.37,1.58,1.82,1.82,1.94,2.04,2.24,2.36,2.48,2.43,2.64,2.58,2.5,2.35,2.55,2.6,2.38,2.6,2.73,2.68,2.69,2.64,3.1,0,0,0,0,0,0,0,0,0,0,0,0,0,0,0,0,0,0,0,0,0,0,0,0
17853,IND,India,Telangana,Medchal Malkajgiri,2718279,5,40,20.78,22.01,22.79,24.91,25.27,26.83,27.7,30.47,32.61,33.7,34.46,36.44,36.48,35.54,33.36,35.54,36.97,33.16,36.93,39.34,38.22,36.99,35.97,41.56,1.55,1.67,1.74,1.95,1.99,2.14,2.22,2.5,2.71,2.81,2.89,3.08,3.09,2.99,2.78,2.99,3.13,2.76,3.13,3.37,3.26,3.14,3.04,3.58,0,0,0,0,0,0,0,0,0,0,0,0,0,0,0,0,0,0,0,0,0,0,0,0.15
17854,IND,India,Telangana,Mulugu,517630,5,40,16.13,19.35,19.58,21.65,21.82,23.41,23.93,25.46,26.13,28.39,28.07,29.4,27.96,29.74,27.49,29.64,30.41,29.21,29.15,29.09,30.13,29.42,30.92,35.43,1.09,1.41,1.43,1.63,1.65,1.8,1.85,2.01,2.07,2.29,2.26,2.39,2.25,2.42,2.2,2.41,2.49,2.37,2.37,2.36,2.46,2.39,2.54,2.98,0,0,0,0,0,0,0,0,0,0,0,0,0,0,0,0,0,0,0,0,0,0,0,0
17855,IND,India,Telangana,Nagarkurnool,946950,5,40,17.49,20.94,20.34,22.58,23,23.39,22.76,26.09,26.23,26.79,25.51,28.01,28.56,28.12,25.42,26.85,29.79,25.6,27.54,28.88,28.13,27.12,27.24,29.16,1.22,1.56,1.5,1.72,1.76,1.8,1.74,2.07,2.08,2.14,2.01,2.26,2.31,2.27,2,2.14,2.43,2.02,2.21,2.34,2.27,2.17,2.18,2.37,0,0,0,0,0,0,0,0,0,0,0,0,0,0,0,0,0,0,0,0,0,0,0,0
17856,IND,India,Telangana,Nalgonda,1791666,5,40,20.99,22.93,23.94,25.41,24.52,25.55,24.91,28.55,29.28,30.78,29.48,32.05,32.61,31.5,28.67,30.89,33.1,29.78,31.48,33.54,32.34,32.4,33.11,36.38,1.57,1.76,1.86,2,1.91,2.01,1.95,2.31,2.38,2.53,2.4,2.65,2.71,2.6,2.32,2.54,2.75,2.43,2.6,2.8,2.68,2.68,2.76,3.08,0,0,0,0,0,0,0,0,0,0,0,0,0,0,0,0,0,0,0,0,0,0,0,0
17857,IND,India,Telangana,Narayanpet,618394,5,40,19.55,21.22,21.48,22.24,23.85,23.71,22.88,27.11,27.54,27.2,26.45,27.7,28.1,27.65,25.29,26.18,29.86,26.08,28.43,29.84,28.71,27.2,28.12,30.24,1.43,1.59,1.61,1.69,1.85,1.83,1.75,2.17,2.21,2.18,2.1,2.22,2.26,2.22,1.99,2.08,2.44,2.07,2.3,2.43,2.32,2.18,2.27,2.47,0,0,0,0,0,0,0,0,0,0,0,0,0,0,0,0,0,0,0,0,0,0,0,0
17858,IND,India,Telangana,Nirmal,681150,5,40,19.79,20.67,22.73,25.65,25.4,26.78,27.84,28.89,31.51,32.18,33.49,32.49,32.44,32.95,30.16,33.95,33.31,31.56,33.6,34.79,35.05,36.73,36.71,40.38,1.45,1.54,1.74,2.02,2,2.13,2.24,2.34,2.6,2.66,2.79,2.69,2.69,2.74,2.47,2.84,2.77,2.6,2.8,2.92,2.95,3.11,3.11,3.47,0,0,0,0,0,0,0,0,0,0,0,0,0,0,0,0,0,0,0,0,0,0,0,0.04
17859,IND,India,Telangana,Nizamabad,1725480,5,40,21.09,21.33,23.32,25.59,25.04,25.94,26.97,28.54,30.77,31.85,32.76,32.54,32.6,32.72,30.41,33.59,33.34,31.4,34.28,36.02,36.36,36.95,37.39,41,1.58,1.6,1.8,2.02,1.96,2.05,2.15,2.31,2.53,2.63,2.72,2.7,2.7,2.72,2.49,2.8,2.78,2.59,2.87,3.04,3.07,3.13,3.17,3.53,0,0,0,0,0,0,0,0,0,0,0,0,0,0,0,0,0,0,0,0,0,0,0,0.1
17860,IND,India,Telangana,Peddapalli,1047973,5,40,23.23,24.74,26.22,27.37,26.95,28.16,28.57,30.41,31.62,33.82,34.31,34.84,35.11,35.84,33.75,37.28,37.3,35.84,38.74,37.82,38.92,38.92,40.78,42.71,1.79,1.93,2.08,2.19,2.15,2.27,2.31,2.49,2.61,2.82,2.87,2.92,2.95,3.02,2.82,3.16,3.17,3.02,3.31,3.22,3.32,3.32,3.51,3.7,0,0,0,0,0,0,0,0,0,0,0,0,0,0,0,0,0,0,0,0,0,0,0.08,0.27
17861,IND,India,Telangana,Rajanna Sircilla,483691,5,40,19.6,20.67,21.93,24.66,23.77,24.65,25.65,27.39,28.56,30.64,29.78,30.82,31.12,30.38,29.1,31.69,32,30.15,32.83,33.54,33.29,35.07,35.4,39.3,1.43,1.54,1.66,1.93,1.84,1.93,2.02,2.19,2.31,2.51,2.43,2.53,2.56,2.49,2.36,2.62,2.65,2.46,2.73,2.8,2.77,2.95,2.98,3.36,0,0,0,0,0,0,0,0,0,0,0,0,0,0,0,0,0,0,0,0,0,0,0,0
17862,IND,India,Telangana,Rangareddy,2493494,5,40,18.9,20.37,21.1,23.82,24.75,26.28,26.21,29.53,30.7,31.77,31.78,33.87,34.18,33.12,31.07,32.82,34.59,30.96,34.25,35.99,35.09,33.47,33.38,38.38,1.36,1.51,1.58,1.84,1.94,2.09,2.08,2.4,2.52,2.62,2.62,2.83,2.86,2.76,2.55,2.73,2.9,2.54,2.87,3.04,2.95,2.79,2.78,3.27,0,0,0,0,0,0,0,0,0,0,0,0,0,0,0,0,0,0,0,0,0,0,0,0
17863,IND,India,Telangana,Sangareddy,1572140,5,40,18.81,18.75,21.95,23.31,24.15,25.76,26.04,28.83,30.31,31.42,31.88,33.15,32.08,31.71,29.61,31,32.62,29.25,32.02,33.15,32.09,31.56,31.3,35.38,1.35,1.35,1.66,1.79,1.88,2.03,2.06,2.34,2.48,2.59,2.63,2.76,2.65,2.62,2.41,2.55,2.71,2.38,2.65,2.76,2.65,2.6,2.58,2.98,0,0,0,0,0,0,0,0,0,0,0,0,0,0,0,0,0,0,0,0,0,0,0,0
17864,IND,India,Telangana,Siddipet,1085135,5,40,18.64,19.8,20.09,23.31,22.58,23.56,23.95,26.08,26.99,28.31,27.59,30.21,29.92,29.29,27.75,29.9,30.5,28.35,30.51,30.98,30.78,31.51,31.38,36.11,1.34,1.45,1.48,1.79,1.72,1.82,1.86,2.07,2.16,2.28,2.21,2.47,2.44,2.38,2.23,2.44,2.5,2.29,2.5,2.55,2.53,2.6,2.59,3.05,0,0,0,0,0,0,0,0,0,0,0,0,0,0,0,0,0,0,0,0,0,0,0,0
17865,IND,India,Telangana,Suryapet,1175206,5,40,20.85,21.21,23.77,24.66,24.43,25.5,25.06,28.18,29.4,31.53,30.62,32.75,31.93,32.23,29.01,30.78,34.52,30.79,31.59,33.95,33.37,32.88,34.95,38.51,1.55,1.59,1.84,1.93,1.9,2.01,1.97,2.27,2.39,2.6,2.51,2.72,2.64,2.67,2.35,2.53,2.89,2.53,2.61,2.84,2.78,2.73,2.93,3.28,0,0,0,0,0,0,0,0,0,0,0,0,0,0,0,0,0,0,0,0,0,0,0,0
17866,IND,India,Telangana,Vikarabad,945458,5,40,17.34,17.96,20.78,21.78,23.46,24.22,24.22,27.23,28.41,28.79,28.8,30.07,29.63,29.56,27.72,28.73,31.44,27.32,29.61,30.27,29.16,27.71,27.94,31.83,1.21,1.27,1.55,1.64,1.81,1.88,1.88,2.18,2.29,2.33,2.33,2.46,2.41,2.41,2.23,2.33,2.59,2.19,2.41,2.48,2.37,2.23,2.25,2.63,0,0,0,0,0,0,0,0,0,0,0,0,0,0,0,0,0,0,0,0,0,0,0,0
17867,IND,India,Telangana,Wanaparthy,539907,5,40,20.48,23.9,22.7,23.72,24.89,24.83,23.97,27.69,28.36,28.71,27.51,29.57,30.23,29.73,26.81,28.03,31.47,27.59,30.12,31.52,30.4,29.63,30.22,31.56,1.52,1.85,1.73,1.83,1.95,1.94,1.86,2.22,2.29,2.32,2.21,2.41,2.47,2.42,2.14,2.26,2.59,2.21,2.46,2.6,2.49,2.41,2.47,2.6,0,0,0,0,0,0,0,0,0,0,0,0,0,0,0,0,0,0,0,0,0,0,0,0
17868,IND,India,Telangana,Warangal (Rural),841844,5,40,18.32,20.47,21.13,22.42,22.88,24.23,24.3,27,27.38,29.65,29.31,30.51,30.03,30.24,28.36,30.91,31.71,30.02,30.97,31.31,31.26,31.07,33.79,37.09,1.31,1.52,1.58,1.71,1.75,1.88,1.89,2.16,2.19,2.42,2.38,2.5,2.45,2.47,2.29,2.54,2.62,2.45,2.55,2.58,2.57,2.55,2.82,3.14,0,0,0,0,0,0,0,0,0,0,0,0,0,0,0,0,0,0,0,0,0,0,0,0
17869,IND,India,Telangana,Warangal (Urban),1141624,5,40,19.44,21.12,21.92,23.64,23.78,24.88,25.33,28.46,29.17,31.39,30.54,31.92,31.3,30.77,29.27,32.06,32.62,30.7,33.12,32.71,32.19,32.34,35.26,37.73,1.41,1.58,1.66,1.83,1.84,1.95,1.99,2.3,2.37,2.59,2.5,2.64,2.58,2.53,2.38,2.65,2.71,2.52,2.76,2.72,2.66,2.68,2.97,3.21,0,0,0,0,0,0,0,0,0,0,0,0,0,0,0,0,0,0,0,0,0,0,0,0
17870,IND,India,Telangana,Yadadri Bhuvanagiri,738552,5,40,21.19,23.75,23.67,25.84,25.39,26.38,26.27,29.48,30.22,31.29,30.74,33.26,33.65,31.49,29.57,31.72,33.04,30.22,33.01,34.16,33.08,32.91,34.01,37.9,1.59,1.84,1.83,2.04,2,2.09,2.08,2.4,2.47,2.58,2.52,2.77,2.81,2.6,2.41,2.62,2.75,2.47,2.74,2.86,2.75,2.74,2.84,3.22,0,0,0,0,0,0,0,0,0,0,0,0,0,0,0,0,0,0,0,0,0,0,0,0
17871,IND,India,Telangana,NA,1482302,5,40,15.83,18.35,19.09,21.51,21.13,23.26,23.39,24.59,26.2,27.82,28.5,29.76,27.72,29.56,27.23,28.85,31.59,29.23,27.61,29.11,29.94,29.32,30.05,34.8,1.06,1.31,1.38,1.62,1.58,1.79,1.8,1.92,2.08,2.24,2.3,2.43,2.23,2.41,2.18,2.34,2.61,2.37,2.22,2.36,2.44,2.38,2.45,2.92,0,0,0,0,0,0,0,0,0,0,0,0,0,0,0,0,0,0,0,0,0,0,0,0
17872,IND,India,Tripura,Dhalai,415644,5,40,36.82,33.61,39.49,39.62,39.32,43.01,42.42,42.99,49.5,46.36,45.4,50.39,47.49,51.36,51.71,46.51,53.52,50.61,53.17,45.97,62.11,52.1,54.1,58.48,3.12,2.8,3.38,3.39,3.36,3.72,3.67,3.72,4.36,4.05,3.96,4.45,4.16,4.54,4.58,4.07,4.76,4.47,4.72,4.01,5.6,4.62,4.81,5.24,0,0,0,0,0,0.29,0.24,0.29,0.93,0.62,0.53,1.02,0.73,1.11,1.15,0.64,1.33,1.04,1.29,0.58,2.17,1.19,1.38,1.81
17873,IND,India,Tripura,Gomati,583499,5,40,45.51,45.29,46.58,48.42,47.04,50.09,51.12,54.11,59.03,53.75,57.11,63.27,57.62,61.34,60.06,55.82,67.67,60.36,65.01,55.39,74.22,63.54,66.24,69.59,3.97,3.95,4.08,4.26,4.12,4.42,4.52,4.81,5.3,4.78,5.11,5.71,5.16,5.52,5.4,4.98,6.14,5.43,5.88,4.94,6.78,5.74,6,6.33,0.54,0.52,0.65,0.83,0.69,0.99,1.09,1.38,1.87,1.35,1.68,2.28,1.73,2.09,1.97,1.55,2.71,2,2.45,1.51,3.35,2.31,2.57,2.9
17874,IND,India,Tripura,Khowai,477965,5,40,40.51,39.22,44.01,45.61,43.88,47.42,47.61,48.04,53.07,50.81,50.62,57.76,55.41,58.69,58.74,51.93,60.67,58.65,59.37,53.45,70.15,58.82,60.82,63.71,3.48,3.35,3.82,3.98,3.81,4.16,4.18,4.22,4.71,4.49,4.47,5.17,4.94,5.26,5.27,4.6,5.46,5.26,5.33,4.75,6.38,5.27,5.47,5.75,0.05,0,0.39,0.55,0.38,0.73,0.75,0.79,1.28,1.06,1.04,1.74,1.51,1.83,1.84,1.17,2.03,1.83,1.9,1.32,2.95,1.84,2.04,2.32
17875,IND,India,Tripura,North Tripura,289307,5,40,32.4,29.69,34.63,33.59,33.9,37.47,36.78,36.59,43.35,41.22,39.33,43.75,43.27,45.34,45.29,40.25,44.7,42.18,44.6,39.21,52.52,44.75,47.29,50.93,2.69,2.42,2.9,2.8,2.83,3.18,3.11,3.1,3.76,3.55,3.36,3.8,3.75,3.95,3.95,3.45,3.89,3.64,3.88,3.35,4.66,3.9,4.14,4.5,0,0,0,0,0,0,0,0,0.33,0.12,0,0.37,0.32,0.52,0.52,0.02,0.46,0.21,0.45,0,1.23,0.47,0.71,1.07
17876,IND,India,Tripura,Sepahijala,404754,5,40,48.94,49.84,52.09,54.74,52.45,55.35,57.91,61.01,64.05,62.34,64.93,73.18,68.44,69.27,68.26,62.73,72.45,67.23,70.14,62.62,83.23,70.6,75.46,77.84,4.31,4.39,4.62,4.87,4.65,4.93,5.19,5.49,5.79,5.62,5.87,6.68,6.22,6.3,6.2,5.66,6.61,6.1,6.38,5.65,7.67,6.43,6.91,7.14,0.88,0.96,1.19,1.44,1.22,1.5,1.76,2.06,2.36,2.19,2.44,3.25,2.79,2.87,2.77,2.23,3.18,2.67,2.95,2.22,4.24,3,3.48,3.71
17877,IND,India,Tripura,South Tripura,375754,5,40,49.43,50.8,51.09,53.43,53.27,55.02,56.37,59.75,64.95,59.94,62.88,70.21,62.54,65.72,65.38,60.78,72.64,66.48,71.02,61.78,80.41,70.69,73.07,77.25,4.35,4.49,4.52,4.75,4.73,4.9,5.03,5.37,5.87,5.38,5.67,6.39,5.64,5.95,5.92,5.47,6.63,6.03,6.47,5.56,7.39,6.44,6.67,7.08,0.92,1.06,1.09,1.32,1.3,1.47,1.6,1.94,2.44,1.95,2.24,2.96,2.21,2.52,2.49,2.04,3.2,2.6,3.04,2.13,3.96,3.01,3.24,3.65
17878,IND,India,Tripura,Unokoti,472728,5,40,34.85,32.48,37.94,36.52,37.21,40.89,40.26,40.82,47.25,43.96,42.54,46.77,45.76,47.96,48.88,43.6,48.31,46.89,49.39,43.69,58.09,48.96,51.98,55.67,2.93,2.69,3.23,3.09,3.16,3.52,3.46,3.51,4.14,3.82,3.68,4.09,3.99,4.21,4.3,3.78,4.24,4.11,4.35,3.79,5.2,4.31,4.6,4.97,0,0,0,0,0,0.09,0.03,0.08,0.71,0.39,0.25,0.66,0.56,0.78,0.87,0.35,0.81,0.68,0.92,0.36,1.77,0.88,1.17,1.54
17879,IND,India,Tripura,West Tripura,999367,5,40,46.13,46.65,50.36,53.72,51.68,54.91,56.75,59.92,62.43,61.4,63.09,71.41,68.07,69.52,69.49,61.97,69.67,67.83,67.5,63.17,81.63,68.73,72.55,73.58,4.03,4.08,4.45,4.77,4.57,4.89,5.07,5.38,5.63,5.53,5.69,6.51,6.18,6.32,6.32,5.58,6.34,6.16,6.12,5.7,7.51,6.25,6.62,6.72,0.6,0.65,1.02,1.34,1.14,1.46,1.64,1.95,2.2,2.1,2.26,3.08,2.75,2.89,2.89,2.15,2.91,2.73,2.69,2.27,4.08,2.82,3.19,3.29
17880,IND,India,Uttar Pradesh,Agra,4253657,5,40,72.63,68.77,71.49,77.99,82.79,89.43,83.61,86.59,81.62,88.71,94.27,91.51,98.92,103.16,93.12,94.05,91.14,93.27,97.89,95.2,93.53,104.63,102.48,104.91,6.63,6.25,6.52,7.15,7.62,8.27,7.7,8,7.51,8.2,8.75,8.48,9.2,9.62,8.64,8.73,8.44,8.65,9.1,8.84,8.68,9.76,9.55,9.79,3.2,2.82,3.09,3.72,4.19,4.84,4.27,4.57,4.08,4.77,5.32,5.05,5.77,6.19,5.21,5.3,5.01,5.22,5.67,5.41,5.25,6.33,6.12,6.36
17881,IND,India,Uttar Pradesh,Aligarh,4152828,5,40,63.32,58.14,66,77.77,77.8,94.72,85.73,85.52,78.97,81.78,90.21,87.57,105.28,104.04,93.83,97.04,93.9,92.97,97.64,98.07,95.08,103.8,93.12,109.07,5.72,5.21,5.98,7.13,7.13,8.79,7.91,7.89,7.25,7.52,8.35,8.09,9.83,9.71,8.7,9.02,8.71,8.62,9.08,9.12,8.83,9.68,8.64,10.2,2.29,1.78,2.55,3.7,3.7,5.36,4.48,4.46,3.82,4.09,4.92,4.66,6.4,6.28,5.27,5.59,5.28,5.19,5.65,5.69,5.4,6.25,5.21,6.77
17882,IND,India,Uttar Pradesh,Ambedkar Nagar,2692878,5,40,70.71,63.04,73.17,81.22,81.63,90.79,89.49,87.38,88.02,90.56,106.6,100.04,100.32,109.76,95.79,100.17,85.28,92.63,111.86,97.59,95.78,107.31,100.56,104.77,6.44,5.69,6.68,7.47,7.51,8.41,8.28,8.07,8.14,8.39,9.96,9.31,9.34,10.27,8.9,9.33,7.87,8.59,10.47,9.07,8.9,10.03,9.37,9.78,3.01,2.26,3.25,4.04,4.08,4.98,4.85,4.64,4.71,4.96,6.53,5.88,5.91,6.84,5.47,5.9,4.44,5.16,7.04,5.64,5.47,6.6,5.94,6.35
17883,IND,India,Uttar Pradesh,Amethi,2859643,5,40,75.3,69.24,77.91,80.44,83.49,92.99,91.77,87.39,83.05,88.42,104.75,98.89,96.58,106.63,89.32,97.06,86.05,89.27,108.89,100.89,95.09,112.01,100.49,102.96,6.89,6.3,7.14,7.39,7.69,8.62,8.5,8.07,7.65,8.17,9.78,9.2,8.97,9.96,8.26,9.02,7.94,8.26,10.18,9.4,8.83,10.49,9.36,9.6,3.46,2.87,3.71,3.96,4.26,5.19,5.07,4.64,4.22,4.74,6.35,5.77,5.54,6.53,4.83,5.59,4.51,4.83,6.75,5.97,5.4,7.06,5.93,6.17
17884,IND,India,Uttar Pradesh,Amroha,2354366,5,40,36.22,36.34,41.87,44.69,52.37,59.09,56.95,54.79,53.82,56.72,60.53,63.82,70.22,70.93,58.7,68.05,61.86,65.24,73.82,64.04,67.94,61.49,60.62,72.9,3.06,3.07,3.61,3.89,4.64,5.3,5.09,4.88,4.78,5.07,5.44,5.76,6.39,6.46,5.26,6.18,5.57,5.9,6.74,5.79,6.17,5.54,5.45,6.65,0,0,0.18,0.46,1.21,1.87,1.66,1.45,1.35,1.64,2.01,2.33,2.96,3.03,1.83,2.75,2.14,2.47,3.31,2.36,2.74,2.11,2.02,3.22
17885,IND,India,Uttar Pradesh,Auraiya,1599592,5,40,76.96,71.67,72.51,75.77,79.06,85.66,82.21,83.96,76.31,84.14,94.33,86.02,90.76,92.8,84.65,94.41,88.16,89.44,92.83,93.77,92.4,103.87,95.8,98.9,7.05,6.53,6.62,6.94,7.26,7.9,7.57,7.74,6.99,7.76,8.75,7.94,8.4,8.6,7.81,8.76,8.15,8.27,8.61,8.7,8.57,9.69,8.9,9.2,3.62,3.1,3.19,3.51,3.83,4.47,4.14,4.31,3.56,4.33,5.32,4.51,4.97,5.17,4.38,5.33,4.72,4.84,5.18,5.27,5.14,6.26,5.47,5.77
17886,IND,India,Uttar Pradesh,Azamgarh,4501783,5,40,75.57,65.79,74.99,83.15,82.67,91.14,91.11,87.85,86.95,91.06,108.85,99.45,97.66,107.43,95.54,100.46,87.6,87.69,113.31,94.41,94.74,108.68,103.35,107.43,6.92,5.96,6.86,7.66,7.61,8.44,8.44,8.12,8.03,8.43,10.18,9.26,9.08,10.04,8.87,9.36,8.09,8.1,10.61,8.76,8.79,10.16,9.64,10.04,3.49,2.53,3.43,4.23,4.18,5.01,5.01,4.69,4.6,5,6.75,5.83,5.65,6.61,5.44,5.93,4.66,4.67,7.18,5.33,5.36,6.73,6.21,6.61
17887,IND,India,Uttar Pradesh,Baghpat,1456640,5,40,53.56,53.61,62.07,69.26,70.99,84.46,76.86,77.61,74.13,84.12,86.24,86.65,101.61,102.11,83.75,91.52,87.52,88.38,94.4,86.17,90.51,90.64,89.8,104.12,4.76,4.76,5.59,6.3,6.47,7.79,7.04,7.12,6.77,7.75,7.96,8,9.47,9.52,7.72,8.48,8.09,8.17,8.76,7.96,8.38,8.39,8.31,9.71,1.33,1.33,2.16,2.87,3.04,4.36,3.61,3.69,3.34,4.32,4.53,4.57,6.04,6.09,4.29,5.05,4.66,4.74,5.33,4.53,4.95,4.96,4.88,6.28
17888,IND,India,Uttar Pradesh,Bahraich,2839622,5,40,52.56,52.34,60.73,67.27,60.1,64.92,66.54,67.48,71.82,73.6,79.54,81,79.59,90.22,81.14,78.58,72.65,80.28,81.48,79.96,77.81,81.51,79.47,86.08,4.66,4.64,5.46,6.1,5.4,5.87,6.03,6.12,6.55,6.72,7.3,7.45,7.31,8.35,7.46,7.21,6.63,7.38,7.49,7.35,7.14,7.5,7.3,7.95,1.23,1.21,2.03,2.67,1.97,2.44,2.6,2.69,3.12,3.29,3.87,4.02,3.88,4.92,4.03,3.78,3.2,3.95,4.06,3.92,3.71,4.07,3.87,4.52
17889,IND,India,Uttar Pradesh,Ballia,3651870,5,40,68.76,66.58,74.57,86.9,80.34,86.23,86.85,83.72,86.71,91.03,106.7,96.28,93.09,103.41,90.29,99.14,86.65,86.28,107,88.46,90.59,105.49,99.01,102.47,6.25,6.03,6.82,8.03,7.38,7.96,8.02,7.71,8.01,8.43,9.97,8.95,8.63,9.64,8.36,9.23,8,7.97,10,8.18,8.39,9.85,9.21,9.55,2.82,2.6,3.39,4.6,3.95,4.53,4.59,4.28,4.58,5,6.54,5.52,5.2,6.21,4.93,5.8,4.57,4.54,6.57,4.75,4.96,6.42,5.78,6.12
17890,IND,India,Uttar Pradesh,Balrampur,2412972,5,40,46.56,45.72,55.73,65.14,57.19,59.4,62.05,62.26,70.2,68.5,72.71,75.76,72.67,84.02,72.75,68.75,63.56,76.02,76.4,72.47,72.56,73.99,71.78,79.78,4.07,3.99,4.97,5.89,5.11,5.33,5.59,5.61,6.39,6.22,6.64,6.93,6.63,7.74,6.64,6.25,5.74,6.96,7,6.61,6.62,6.76,6.54,7.33,0.64,0.56,1.54,2.46,1.68,1.9,2.16,2.18,2.96,2.79,3.21,3.5,3.2,4.31,3.21,2.82,2.31,3.53,3.57,3.18,3.19,3.33,3.11,3.9
17891,IND,India,Uttar Pradesh,Banda,2004848,5,40,55.12,52.25,53.31,59.23,61,66.6,64.59,64.24,59.14,67.91,78.49,68.98,69.22,74.75,70.68,73.02,68.69,66.97,74.6,75.37,71.9,85.74,81.07,82.63,4.91,4.63,4.73,5.31,5.49,6.04,5.84,5.81,5.31,6.17,7.2,6.27,6.29,6.84,6.44,6.67,6.24,6.07,6.82,6.9,6.56,7.91,7.45,7.61,1.48,1.2,1.3,1.88,2.06,2.61,2.41,2.38,1.88,2.74,3.77,2.84,2.86,3.41,3.01,3.24,2.81,2.64,3.39,3.47,3.13,4.48,4.02,4.18
17892,IND,India,Uttar Pradesh,Barabanki,4286133,5,40,68.75,65.69,75.74,81.59,82.98,90.01,89.06,84.94,84.45,88.74,100.84,98.82,96.21,107.62,92.07,98.47,85.44,93.25,106.62,100.38,97.1,108.24,97.97,102.1,6.25,5.95,6.93,7.51,7.64,8.33,8.24,7.83,7.79,8.21,9.39,9.19,8.94,10.06,8.53,9.16,7.88,8.65,9.96,9.35,9.03,10.12,9.11,9.52,2.82,2.52,3.5,4.08,4.21,4.9,4.81,4.4,4.36,4.78,5.96,5.76,5.51,6.63,5.1,5.73,4.45,5.22,6.53,5.92,5.6,6.69,5.68,6.09
17893,IND,India,Uttar Pradesh,Bareilly,4971744,5,40,50.8,50.28,55.12,56.45,59.27,65.47,64.59,64.04,65.98,68.78,77.24,74.71,82.04,78.98,69.54,75.41,68.12,74.95,76.02,73.99,75.53,72.21,75.65,79.17,4.49,4.44,4.91,5.04,5.32,5.93,5.84,5.79,5.98,6.25,7.08,6.83,7.55,7.25,6.33,6.9,6.19,6.86,6.96,6.76,6.91,6.59,6.92,7.27,1.06,1.01,1.48,1.61,1.89,2.5,2.41,2.36,2.55,2.82,3.65,3.4,4.12,3.82,2.9,3.47,2.76,3.43,3.53,3.33,3.48,3.16,3.49,3.84
17894,IND,India,Uttar Pradesh,Basti,2406653,5,40,64.16,59.93,70.68,81.27,76.37,83.77,83.54,82.75,87.47,85.99,99.05,96.93,97.28,107.23,92.4,92.65,80.67,92.6,102.39,94.23,92.08,100.15,96.77,100.32,5.8,5.38,6.44,7.47,6.99,7.72,7.7,7.62,8.08,7.94,9.22,9.01,9.04,10.02,8.57,8.59,7.42,8.58,9.54,8.74,8.53,9.32,8.99,9.34,2.37,1.95,3.01,4.04,3.56,4.29,4.27,4.19,4.65,4.51,5.79,5.58,5.61,6.59,5.14,5.16,3.99,5.15,6.11,5.31,5.1,5.89,5.56,5.91
17895,IND,India,Uttar Pradesh,Bhadohi,1751436,5,40,70.46,66.46,69.54,73.95,76.83,82.42,81.57,79.48,74.44,82.11,94.59,86.13,82.98,95.91,86.92,89.37,82.76,76.92,97.68,91.1,85.29,102.49,98.61,98.89,6.42,6.02,6.32,6.76,7.04,7.59,7.5,7.3,6.81,7.56,8.78,7.95,7.64,8.91,8.03,8.27,7.62,7.05,9.08,8.44,7.87,9.55,9.17,9.2,2.99,2.59,2.89,3.33,3.61,4.16,4.07,3.87,3.38,4.13,5.35,4.52,4.21,5.48,4.6,4.84,4.19,3.62,5.65,5.01,4.44,6.12,5.74,5.77
17896,IND,India,Uttar Pradesh,Bijnor,4095135,5,40,30.57,29.71,35.25,36.24,37.4,42.25,43.2,41.01,43.89,47.42,50,49.38,50.2,54.71,48.46,55.71,50.34,53.77,59.39,48.74,54.35,46.29,50.4,55.83,2.51,2.42,2.96,3.06,3.18,3.65,3.74,3.53,3.81,4.16,4.41,4.35,4.43,4.87,4.26,4.97,4.44,4.78,5.33,4.29,4.84,4.05,4.45,4.98,0,0,0,0,0,0.22,0.31,0.1,0.38,0.73,0.98,0.92,1,1.44,0.83,1.54,1.01,1.35,1.9,0.86,1.41,0.62,1.02,1.55
17897,IND,India,Uttar Pradesh,Budaun,3474058,5,40,56.45,53.33,60.49,66.19,68.72,81.86,74.66,74.79,70.95,73.61,85.26,82.32,96.37,92.52,78.11,86.2,79.6,83,89.61,85.49,84.88,88.1,83.49,94.07,5.04,4.74,5.44,6,6.24,7.53,6.83,6.84,6.46,6.72,7.87,7.58,8.95,8.58,7.16,7.96,7.31,7.64,8.29,7.89,7.83,8.14,7.69,8.73,1.61,1.31,2.01,2.57,2.81,4.1,3.4,3.41,3.03,3.29,4.44,4.15,5.52,5.15,3.73,4.53,3.88,4.21,4.86,4.46,4.4,4.71,4.26,5.3
17898,IND,India,Uttar Pradesh,Bulandshahr,3895220,5,40,55.28,52.77,58.67,65.83,68.96,80.16,74.36,74.27,70.9,76.84,81.64,81.22,95,94.2,83.83,88.33,86.85,85.12,89.52,88.41,88.65,89.86,83.11,98.75,4.93,4.68,5.26,5.96,6.27,7.37,6.8,6.79,6.46,7.04,7.51,7.47,8.82,8.74,7.73,8.17,8.02,7.85,8.28,8.17,8.2,8.32,7.65,9.19,1.5,1.25,1.83,2.53,2.84,3.94,3.37,3.36,3.03,3.61,4.08,4.04,5.39,5.31,4.3,4.74,4.59,4.42,4.85,4.74,4.77,4.89,4.22,5.76
17899,IND,India,Uttar Pradesh,Chandauli,2257550,5,40,59.61,56.57,59.95,66.54,67.02,73.41,73.36,69.26,65.98,72.31,87.33,77.15,75.34,87.38,76.6,81.41,72.9,71.5,87.33,77.34,76.65,90.15,87.99,91.41,5.35,5.05,5.39,6.03,6.08,6.7,6.7,6.3,5.98,6.6,8.07,7.07,6.89,8.07,7.02,7.49,6.65,6.52,8.07,7.09,7.02,8.35,8.13,8.47,1.92,1.62,1.96,2.6,2.65,3.27,3.27,2.87,2.55,3.17,4.64,3.64,3.46,4.64,3.59,4.06,3.22,3.09,4.64,3.66,3.59,4.92,4.7,5.04
17900,IND,India,Uttar Pradesh,Chitrakoot,1110002,5,40,51.08,48.82,49.48,55.08,55.48,61.13,58.31,56.16,53.89,61.47,71.56,61.32,63.73,69.55,66.86,68.71,62.68,60.18,69.4,69.29,64.9,77.61,74.26,77.42,4.52,4.29,4.36,4.91,4.95,5.5,5.22,5.01,4.79,5.53,6.52,5.52,5.76,6.33,6.06,6.24,5.65,5.41,6.31,6.3,5.87,7.12,6.79,7.1,1.09,0.86,0.93,1.48,1.52,2.07,1.79,1.58,1.36,2.1,3.09,2.09,2.33,2.9,2.63,2.81,2.22,1.98,2.88,2.87,2.44,3.69,3.36,3.67
17901,IND,India,Uttar Pradesh,Deoria,3490772,5,40,67.77,64.48,77.14,90.23,81.35,87.89,87.14,86.42,93,95.31,106.68,101.13,98.67,109.31,96.96,100.65,90.55,94.31,106.22,92.68,94.52,102.32,101.46,100.15,6.15,5.83,7.07,8.35,7.48,8.12,8.05,7.98,8.62,8.85,9.96,9.42,9.18,10.22,9.01,9.37,8.38,8.75,9.92,8.59,8.77,9.54,9.45,9.32,2.72,2.4,3.64,4.92,4.05,4.69,4.62,4.55,5.19,5.42,6.53,5.99,5.75,6.79,5.58,5.94,4.95,5.32,6.49,5.16,5.34,6.11,6.02,5.89
17902,IND,India,Uttar Pradesh,Etah,1979047,5,40,69.51,66.89,70.06,79.7,79.97,92.48,84.12,88.05,81.78,86.46,95.76,90.78,102.16,104.74,91.6,97.35,92.28,92.98,98.53,97.81,97.26,108.06,97.27,107.41,6.32,6.07,6.38,7.32,7.35,8.57,7.75,8.14,7.52,7.98,8.89,8.41,9.52,9.77,8.49,9.05,8.55,8.62,9.17,9.1,9.04,10.1,9.04,10.04,2.89,2.64,2.95,3.89,3.92,5.14,4.32,4.71,4.09,4.55,5.46,4.98,6.09,6.34,5.06,5.62,5.12,5.19,5.74,5.67,5.61,6.67,5.61,6.61
17903,IND,India,Uttar Pradesh,Etawah,1758602,5,40,73.5,69.03,70.18,76.23,80.26,87.46,82.94,85.73,79.24,85.81,95.41,89.09,93.95,97.23,86.84,95.87,90.2,92.23,95.69,96.85,94.57,107.51,100.68,103.9,6.71,6.28,6.39,6.98,7.38,8.08,7.64,7.91,7.28,7.92,8.86,8.24,8.72,9.04,8.02,8.9,8.35,8.55,8.89,9,8.78,10.05,9.38,9.69,3.28,2.85,2.96,3.55,3.95,4.65,4.21,4.48,3.85,4.49,5.43,4.81,5.29,5.61,4.59,5.47,4.92,5.12,5.46,5.57,5.35,6.62,5.95,6.26
17904,IND,India,Uttar Pradesh,Faizabad,2153545,5,40,67.48,62.75,73.41,79.71,80.19,88.79,87.98,85.27,83.22,85.79,102.18,99.18,97.94,107.54,92.84,94.13,82.22,92.23,107.66,98.09,94.39,105.47,98.57,100.47,6.12,5.66,6.7,7.32,7.37,8.21,8.13,7.87,7.67,7.92,9.52,9.23,9.11,10.05,8.61,8.73,7.57,8.55,10.06,9.12,8.76,9.85,9.17,9.36,2.69,2.23,3.27,3.89,3.94,4.78,4.7,4.44,4.24,4.49,6.09,5.8,5.68,6.62,5.18,5.3,4.14,5.12,6.63,5.69,5.33,6.42,5.74,5.93
17905,IND,India,Uttar Pradesh,Farrukhabad,2113678,5,40,69.91,65.89,70.28,77.02,78.56,90.41,86.86,86.22,82.48,86.74,98.27,92.57,99.67,99.83,87.08,100.69,89.58,92.72,95.78,96.61,94.05,102.29,93.9,102.91,6.36,5.97,6.4,7.06,7.21,8.37,8.02,7.96,7.59,8.01,9.14,8.58,9.28,9.29,8.04,9.38,8.29,8.6,8.9,8.98,8.73,9.53,8.71,9.6,2.93,2.54,2.97,3.63,3.78,4.94,4.59,4.53,4.16,4.58,5.71,5.15,5.85,5.86,4.61,5.95,4.86,5.17,5.47,5.55,5.3,6.1,5.28,6.17
17906,IND,India,Uttar Pradesh,Fatehpur,2968289,5,40,74.86,69.46,71.81,77.14,78.32,83.42,83.06,81.75,75.12,83.41,97.36,88.61,87.97,93.99,83.36,89.57,83.81,81.77,92.99,94.36,89.05,104.77,97.01,100.23,6.85,6.32,6.55,7.07,7.19,7.69,7.65,7.52,6.87,7.68,9.05,8.19,8.13,8.72,7.68,8.29,7.72,7.52,8.62,8.76,8.24,9.78,9.02,9.33,3.42,2.89,3.12,3.64,3.76,4.26,4.22,4.09,3.44,4.25,5.62,4.76,4.7,5.29,4.25,4.86,4.29,4.09,5.19,5.33,4.81,6.35,5.59,5.9
17907,IND,India,Uttar Pradesh,Firozabad,3535204,5,40,71.92,69.48,70.93,78.45,83.38,91.32,83.83,88.6,82.58,88.64,97.09,92,100.59,105.1,93.33,96.4,91.54,93.93,99.61,96.51,96.89,107.33,103.03,106.16,6.56,6.32,6.46,7.2,7.68,8.46,7.72,8.19,7.6,8.2,9.02,8.53,9.37,9.81,8.66,8.96,8.48,8.72,9.27,8.97,9.01,10.03,9.61,9.91,3.13,2.89,3.03,3.77,4.25,5.03,4.29,4.76,4.17,4.77,5.59,5.1,5.94,6.38,5.23,5.53,5.05,5.29,5.84,5.54,5.58,6.6,6.18,6.48
17908,IND,India,Uttar Pradesh,Gautam Buddha Nagar,2604177,5,40,72.35,69.31,77.56,81.87,86.39,97.65,89.98,90.02,88.37,98.6,101.93,98.88,118.11,121.63,105.1,106.8,101.77,100.07,111.73,105.99,109,111.95,103.69,119.99,6.6,6.3,7.11,7.53,7.98,9.08,8.33,8.33,8.17,9.17,9.5,9.2,11.08,11.43,9.81,9.98,9.48,9.32,10.46,9.9,10.19,10.48,9.67,11.27,3.17,2.87,3.68,4.1,4.55,5.65,4.9,4.9,4.74,5.74,6.07,5.77,7.65,8,6.38,6.55,6.05,5.89,7.03,6.47,6.76,7.05,6.24,7.84
17909,IND,India,Uttar Pradesh,Ghaziabad,3882065,5,40,63.11,61.07,68.87,75.94,77.22,90.36,83.72,84.13,79.79,89.85,93.1,93.91,108.11,113.05,95.49,98.52,94.72,97.25,106.4,98.83,102.44,102.33,98.05,113.65,5.69,5.49,6.26,6.95,7.08,8.37,7.71,7.75,7.33,8.32,8.63,8.71,10.11,10.59,8.87,9.17,8.79,9.04,9.94,9.2,9.55,9.54,9.12,10.65,2.26,2.06,2.83,3.52,3.65,4.94,4.28,4.32,3.9,4.89,5.2,5.28,6.68,7.16,5.44,5.74,5.36,5.61,6.51,5.77,6.12,6.11,5.69,7.22
17910,IND,India,Uttar Pradesh,Ghazipur,4052326,5,40,71.87,66.87,73,81.7,79.4,86.92,87.16,82.75,80.04,87.53,104.83,93.88,89.42,100.89,89.9,95.45,84.73,82.41,106.18,88.88,88.13,105.47,102.47,105.5,6.55,6.06,6.66,7.52,7.29,8.03,8.05,7.62,7.35,8.09,9.78,8.71,8.27,9.4,8.32,8.86,7.81,7.59,9.92,8.22,8.15,9.85,9.55,9.85,3.12,2.63,3.23,4.09,3.86,4.6,4.62,4.19,3.92,4.66,6.35,5.28,4.84,5.97,4.89,5.43,4.38,4.16,6.49,4.79,4.72,6.42,6.12,6.42
17911,IND,India,Uttar Pradesh,Gonda,3810975,5,40,61.66,59.49,70.54,78.23,73.46,79.62,80.8,79.8,81.52,81.93,92.84,94.3,93.12,103.97,90.63,88.41,79.8,90.52,97.22,94.27,90.53,97.86,94.22,98.48,5.55,5.34,6.42,7.18,6.71,7.31,7.43,7.33,7.5,7.54,8.61,8.75,8.64,9.7,8.39,8.17,7.33,8.38,9.04,8.75,8.38,9.1,8.74,9.16,2.12,1.91,2.99,3.75,3.28,3.88,4,3.9,4.07,4.11,5.18,5.32,5.21,6.27,4.96,4.74,3.9,4.95,5.61,5.32,4.95,5.67,5.31,5.73
17912,IND,India,Uttar Pradesh,Gorakhpur,4757213,5,40,65.82,61.5,73.39,85.26,77.42,84.87,83.13,84.32,91.29,91.96,101.83,99.17,98.23,107.69,95.3,97.24,88.32,96.01,104.28,94.3,94.49,101.16,99.78,101.84,5.96,5.54,6.7,7.87,7.1,7.83,7.66,7.77,8.46,8.52,9.49,9.23,9.14,10.06,8.85,9.04,8.17,8.92,9.73,8.75,8.77,9.42,9.29,9.49,2.53,2.11,3.27,4.44,3.67,4.4,4.23,4.34,5.03,5.09,6.06,5.8,5.71,6.63,5.42,5.61,4.74,5.49,6.3,5.32,5.34,5.99,5.86,6.06
17913,IND,India,Uttar Pradesh,Hamirpur,1239827,5,40,55.79,52.31,53.34,57.85,61.15,67.68,64.69,65.57,59.43,67.62,77.25,69.32,70.71,74.85,69.84,72.43,70.86,68.98,74.66,76.12,74.79,86.73,80.74,82.3,4.98,4.64,4.74,5.18,5.5,6.14,5.85,5.94,5.33,6.14,7.08,6.3,6.44,6.85,6.35,6.61,6.45,6.27,6.83,6.97,6.84,8.01,7.42,7.58,1.55,1.21,1.31,1.75,2.07,2.71,2.42,2.51,1.9,2.71,3.65,2.87,3.01,3.42,2.92,3.18,3.02,2.84,3.4,3.54,3.41,4.58,3.99,4.15
17914,IND,India,Uttar Pradesh,Hapur,1480746,5,40,48.15,46.02,54.55,58.52,62.39,74.07,70.33,66.35,68.12,74.32,78.77,76.88,88.15,87.46,76.9,81.56,80.72,80.7,87.78,80.9,84.06,79.09,77.91,95.54,4.23,4.02,4.86,5.24,5.62,6.77,6.4,6.01,6.19,6.79,7.23,7.04,8.15,8.08,7.05,7.5,7.42,7.42,8.11,7.44,7.75,7.26,7.15,8.87,0.8,0.59,1.43,1.81,2.19,3.34,2.97,2.58,2.76,3.36,3.8,3.61,4.72,4.65,3.62,4.07,3.99,3.99,4.68,4.01,4.32,3.83,3.72,5.44
17915,IND,India,Uttar Pradesh,Hardoi,4581753,5,40,75,70.29,77.12,79.57,83.22,89.4,88.03,86.26,84.83,89.61,101.52,96.28,100.97,106.41,90.78,102.94,88.94,94.41,101.67,99.13,95.11,102.66,94.35,100.47,6.86,6.4,7.07,7.31,7.67,8.27,8.14,7.96,7.82,8.29,9.46,8.95,9.41,9.94,8.41,9.6,8.23,8.76,9.47,9.22,8.83,9.57,8.76,9.36,3.43,2.97,3.64,3.88,4.24,4.84,4.71,4.53,4.39,4.86,6.03,5.52,5.98,6.51,4.98,6.17,4.8,5.33,6.04,5.79,5.4,6.14,5.33,5.93
17916,IND,India,Uttar Pradesh,Hathras,1698569,5,40,68.47,65.44,69.84,80.06,83.19,96.87,86.41,89.15,82.9,90.04,97.48,94.28,106.56,106.64,98.45,97.51,93.34,93.19,99.06,98.81,97.02,107.99,99.35,109.26,6.22,5.92,6.35,7.36,7.66,9,7.98,8.25,7.63,8.33,9.06,8.75,9.95,9.96,9.16,9.07,8.66,8.64,9.22,9.19,9.02,10.09,9.25,10.22,2.79,2.49,2.92,3.93,4.23,5.57,4.55,4.82,4.2,4.9,5.63,5.32,6.52,6.53,5.73,5.64,5.23,5.21,5.79,5.76,5.59,6.66,5.82,6.79
17917,IND,India,Uttar Pradesh,Jalaun,1896350,5,40,60.88,56.79,56.99,61.2,65.82,72.23,69.22,69.93,64.2,71.9,80.74,74.6,78.57,80.48,74.15,78.73,77.91,74.97,78.58,80.05,79.6,90.25,83.69,87.34,5.48,5.08,5.09,5.51,5.96,6.59,6.29,6.36,5.8,6.56,7.42,6.82,7.21,7.4,6.78,7.23,7.15,6.86,7.21,7.35,7.31,8.35,7.71,8.07,2.05,1.65,1.66,2.08,2.53,3.16,2.86,2.93,2.37,3.13,3.99,3.39,3.78,3.97,3.35,3.8,3.72,3.43,3.78,3.92,3.88,4.92,4.28,4.64
17918,IND,India,Uttar Pradesh,Jaunpur,5086963,5,40,76.84,67.64,75.36,80.14,83.54,90.4,91.03,87.95,82.81,88.66,105.76,97.36,94.3,105.65,95.92,99.79,88.39,84.95,112.01,98.05,91.36,110.41,105.41,107.91,7.04,6.14,6.9,7.36,7.7,8.37,8.43,8.13,7.63,8.2,9.87,9.05,8.75,9.86,8.91,9.29,8.17,7.84,10.49,9.12,8.46,10.33,9.84,10.09,3.61,2.71,3.47,3.93,4.27,4.94,5,4.7,4.2,4.77,6.44,5.62,5.32,6.43,5.48,5.86,4.74,4.41,7.06,5.69,5.03,6.9,6.41,6.66
17919,IND,India,Uttar Pradesh,Jhansi,2259633,5,40,45,44.01,41.71,46.38,50.28,54.92,51.57,54.37,51.58,56.55,62.45,59.21,62.72,65.72,59.5,62.15,61.87,59.7,60.31,61.19,61.03,70.91,67.46,66.31,3.92,3.82,3.6,4.06,4.44,4.89,4.56,4.84,4.56,5.05,5.63,5.31,5.66,5.95,5.34,5.6,5.57,5.36,5.42,5.51,5.49,6.46,6.12,6.01,0.49,0.39,0.17,0.63,1.01,1.46,1.13,1.41,1.13,1.62,2.2,1.88,2.23,2.52,1.91,2.17,2.14,1.93,1.99,2.08,2.06,3.03,2.69,2.58
17920,IND,India,Uttar Pradesh,Kannauj,1862255,5,40,74.97,71.89,74.64,78.97,83.09,91.01,88.7,87.47,81.35,88.28,99.61,91.34,95.61,99.04,87.26,100.69,90.16,93.2,98.98,97.02,94.47,104.14,95.64,101.45,6.86,6.55,6.82,7.25,7.65,8.43,8.2,8.08,7.48,8.16,9.27,8.46,8.88,9.22,8.06,9.38,8.35,8.64,9.21,9.02,8.77,9.72,8.88,9.45,3.43,3.12,3.39,3.82,4.22,5,4.77,4.65,4.05,4.73,5.84,5.03,5.45,5.79,4.63,5.95,4.92,5.21,5.78,5.59,5.34,6.29,5.45,6.02
17921,IND,India,Uttar Pradesh,Kanpur Dehat,1986566,5,40,76.51,71.31,73.14,76.59,78.83,85.24,82.92,83.49,75.68,84.06,95.54,87.27,90.48,93.32,84.67,91.32,85.91,86.53,92.23,93.74,91.33,102.96,95.58,98,7.01,6.5,6.68,7.02,7.24,7.86,7.64,7.69,6.93,7.75,8.87,8.06,8.38,8.66,7.81,8.46,7.93,7.99,8.55,8.7,8.46,9.6,8.88,9.11,3.58,3.07,3.25,3.59,3.81,4.43,4.21,4.26,3.5,4.32,5.44,4.63,4.95,5.23,4.38,5.03,4.5,4.56,5.12,5.27,5.03,6.17,5.45,5.68
17922,IND,India,Uttar Pradesh,Kanpur Nagar,5121237,5,40,77.32,72.65,75.96,81.37,83.48,88.98,88.68,87.17,81.11,87.84,101.15,93.69,94.46,99.26,89.87,97.49,89.59,88.97,99.74,99.37,97.18,109.8,100.97,104.22,7.09,6.63,6.95,7.48,7.69,8.23,8.2,8.05,7.46,8.12,9.42,8.69,8.77,9.24,8.32,9.06,8.29,8.23,9.28,9.25,9.03,10.27,9.41,9.72,3.66,3.2,3.52,4.05,4.26,4.8,4.77,4.62,4.03,4.69,5.99,5.26,5.34,5.81,4.89,5.63,4.86,4.8,5.85,5.82,5.6,6.84,5.98,6.29
17923,IND,India,Uttar Pradesh,Kasganj,1576882,5,40,60.26,57.84,64.22,73.82,74.4,88.78,81.31,83.94,76.16,81.03,90.46,85.86,101.3,101.19,85.59,92.65,89.57,88.49,94.89,93.68,92.54,101.34,91.29,102.58,5.42,5.18,5.8,6.74,6.8,8.21,7.48,7.74,6.97,7.45,8.38,7.92,9.44,9.43,7.9,8.59,8.29,8.18,8.81,8.69,8.58,9.44,8.46,9.56,1.99,1.75,2.37,3.31,3.37,4.78,4.05,4.31,3.54,4.02,4.95,4.49,6.01,6,4.47,5.16,4.86,4.75,5.38,5.26,5.15,6.01,5.03,6.13
17924,IND,India,Uttar Pradesh,Kaushambi,2990143,5,40,70.72,66.21,67.97,73.47,74.08,81.68,78.86,76.92,71.76,79.86,92.1,83.45,82.97,92.62,84.79,89.62,80.12,75.01,93.35,91.08,83.57,99.88,95,99.07,6.44,6,6.17,6.71,6.77,7.51,7.24,7.05,6.54,7.34,8.54,7.69,7.64,8.59,7.82,8.29,7.36,6.86,8.66,8.44,7.7,9.3,8.82,9.22,3.01,2.57,2.74,3.28,3.34,4.08,3.81,3.62,3.11,3.91,5.11,4.26,4.21,5.16,4.39,4.86,3.93,3.43,5.23,5.01,4.27,5.87,5.39,5.79
17925,IND,India,Uttar Pradesh,Kushinagar,3981771,5,40,59.24,57.86,70.42,82.29,72.81,77.8,77.1,81.26,91.06,91.41,95.47,97.9,93.08,101.41,92.96,91.14,85.94,91.72,94.45,89.47,89.74,94.1,97,94.87,5.32,5.18,6.41,7.57,6.65,7.13,7.07,7.47,8.43,8.47,8.87,9.1,8.63,9.45,8.62,8.44,7.93,8.5,8.77,8.28,8.3,8.73,9.02,8.81,1.89,1.75,2.98,4.14,3.22,3.7,3.64,4.04,5,5.04,5.44,5.67,5.2,6.02,5.19,5.01,4.5,5.07,5.34,4.85,4.87,5.3,5.59,5.38
17926,IND,India,Uttar Pradesh,Lakhimpur Kheri,4506473,5,40,48.78,48.51,57.36,63.58,59.68,65.09,65.45,65.55,68.83,73.66,79.11,80.78,81.12,87.62,76.8,77.61,69.98,77.9,78.15,77.91,76.22,76.68,74.13,83.57,4.29,4.26,5.13,5.74,5.36,5.89,5.92,5.93,6.26,6.73,7.26,7.43,7.46,8.1,7.04,7.12,6.37,7.14,7.17,7.14,6.98,7.02,6.77,7.7,0.86,0.83,1.7,2.31,1.93,2.46,2.49,2.5,2.83,3.3,3.83,4,4.03,4.67,3.61,3.69,2.94,3.71,3.74,3.71,3.55,3.59,3.34,4.27
17927,IND,India,Uttar Pradesh,Lalitpur,1354546,5,40,30.74,31.41,29.44,34.55,36.79,43.3,39.78,41.24,40.4,44.06,47.29,45.81,46.73,53.96,47.3,51.5,49.53,46.34,47.99,47.86,45.94,56.26,52.23,52.28,2.52,2.59,2.39,2.9,3.12,3.75,3.41,3.55,3.47,3.83,4.14,4,4.09,4.8,4.15,4.56,4.36,4.05,4.21,4.2,4.01,5.02,4.63,4.63,0,0,0,0,0,0.32,0,0.12,0.04,0.4,0.71,0.57,0.66,1.37,0.72,1.13,0.93,0.62,0.78,0.77,0.58,1.59,1.2,1.2
17928,IND,India,Uttar Pradesh,Lucknow,5155721,5,40,73.3,69.64,77.97,83.68,86.95,93.3,92.95,87.82,86.05,92.13,104.63,98.97,98.47,107.25,95.24,103.25,90.89,94.35,110.99,101.94,99.97,112.17,101.31,104.39,6.69,6.33,7.15,7.71,8.03,8.65,8.62,8.12,7.94,8.54,9.76,9.21,9.16,10.02,8.84,9.63,8.42,8.76,10.39,9.5,9.31,10.5,9.44,9.74,3.26,2.9,3.72,4.28,4.6,5.22,5.19,4.69,4.51,5.11,6.33,5.78,5.73,6.59,5.41,6.2,4.99,5.33,6.96,6.07,5.88,7.07,6.01,6.31
17929,IND,India,Uttar Pradesh,Maharajganj,3255113,5,40,51.87,51.79,62.57,73.22,62.4,66.47,66.63,70.71,81.48,79.37,82.85,86.08,81.58,90.88,79.73,77.27,72.83,82.16,83.31,78.75,80.22,82.46,82.17,85.07,4.59,4.59,5.64,6.69,5.63,6.02,6.04,6.44,7.5,7.29,7.63,7.95,7.5,8.42,7.32,7.08,6.65,7.56,7.67,7.23,7.37,7.59,7.56,7.85,1.16,1.16,2.21,3.26,2.2,2.59,2.61,3.01,4.07,3.86,4.2,4.52,4.07,4.99,3.89,3.65,3.22,4.13,4.24,3.8,3.94,4.16,4.13,4.42
17930,IND,India,Uttar Pradesh,Mahoba,971958,5,40,43.78,43.19,42.26,47.62,49.73,56.18,53.51,54.92,50.73,57.21,64.46,59.18,59.22,63.81,59.66,62.16,60.47,58.59,62.37,62.89,61.72,73.2,70.3,69.2,3.8,3.74,3.65,4.18,4.38,5.02,4.75,4.89,4.48,5.12,5.83,5.31,5.31,5.76,5.36,5.6,5.44,5.25,5.62,5.67,5.56,6.68,6.4,6.29,0.37,0.31,0.22,0.75,0.95,1.59,1.32,1.46,1.05,1.69,2.4,1.88,1.88,2.33,1.93,2.17,2.01,1.82,2.19,2.24,2.13,3.25,2.97,2.86
17931,IND,India,Uttar Pradesh,Mainpuri,2105322,5,40,75.97,71.59,73.49,81.27,83.77,90.75,85.22,87.99,82.07,87.91,98.48,91.76,99.32,101.94,89.84,100.06,92.19,94.6,98.73,98.23,97.41,107.99,100.37,106.89,6.96,6.53,6.71,7.47,7.72,8.4,7.86,8.13,7.55,8.13,9.16,8.5,9.24,9.5,8.31,9.32,8.54,8.78,9.19,9.14,9.06,10.09,9.35,9.99,3.53,3.1,3.28,4.04,4.29,4.97,4.43,4.7,4.12,4.7,5.73,5.07,5.81,6.07,4.88,5.89,5.11,5.35,5.76,5.71,5.63,6.66,5.92,6.56
17932,IND,India,Uttar Pradesh,Mathura,2863039,5,40,67.01,62.9,69.89,78.7,79.12,90.35,83.51,87.11,80.65,85.57,90.48,89.33,101.97,106.37,94.09,95.04,91.68,92.39,98.51,94.55,92.07,103.66,99.53,108.62,6.08,5.67,6.36,7.22,7.26,8.36,7.69,8.05,7.41,7.9,8.38,8.26,9.5,9.93,8.73,8.82,8.49,8.56,9.16,8.78,8.53,9.67,9.26,10.15,2.65,2.24,2.93,3.79,3.83,4.93,4.26,4.62,3.98,4.47,4.95,4.83,6.07,6.5,5.3,5.39,5.06,5.13,5.73,5.35,5.1,6.24,5.83,6.72
17933,IND,India,Uttar Pradesh,Mau,3146042,5,40,73.87,66.48,75.84,86.19,81.9,89.79,89.64,86.68,86.23,92.56,109.2,99.02,95.68,105.56,93.91,101.19,87.48,87.04,110.57,91,94.26,106.85,102.2,106.05,6.75,6.03,6.94,7.96,7.54,8.31,8.29,8,7.96,8.58,10.21,9.21,8.89,9.86,8.71,9.43,8.08,8.04,10.35,8.43,8.75,9.98,9.53,9.9,3.32,2.6,3.51,4.53,4.11,4.88,4.86,4.57,4.53,5.15,6.78,5.78,5.46,6.43,5.28,6,4.65,4.61,6.92,5,5.32,6.55,6.1,6.47
17934,IND,India,Uttar Pradesh,Meerut,3847662,5,40,42.53,41.59,50.17,54.17,56.25,72.26,66.73,63.27,62.75,68.41,75.05,74.23,82.36,85.05,67.8,75.68,75.45,75.25,78.3,71.65,76.28,70.25,73.75,88.82,3.68,3.59,4.43,4.82,5.02,6.59,6.05,5.71,5.66,6.21,6.86,6.78,7.58,7.85,6.15,6.93,6.9,6.88,7.18,6.53,6.99,6.39,6.74,8.21,0.25,0.16,1,1.39,1.59,3.16,2.62,2.28,2.23,2.78,3.43,3.35,4.15,4.42,2.72,3.5,3.47,3.45,3.75,3.1,3.56,2.96,3.31,4.78
17935,IND,India,Uttar Pradesh,Mirzapur,2835466,5,40,48.55,47.7,49.88,55.27,56.35,62.32,60.47,56.82,55.38,60.14,72.99,62.48,63.2,73.81,65.07,67.6,62.48,60.74,73.79,68.47,66.18,78.04,72.46,77.17,4.27,4.18,4.4,4.93,5.03,5.62,5.44,5.08,4.94,5.4,6.66,5.63,5.7,6.74,5.89,6.13,5.63,5.46,6.74,6.22,6,7.16,6.61,7.07,0.84,0.75,0.97,1.5,1.6,2.19,2.01,1.65,1.51,1.97,3.23,2.2,2.27,3.31,2.46,2.7,2.2,2.03,3.31,2.79,2.57,3.73,3.18,3.64
17936,IND,India,Uttar Pradesh,Moradabad,3267062,5,40,37.33,37.77,42.73,42.77,46.62,52.28,52.18,49.33,52.26,52.91,60.39,58.97,62.98,63.08,55.7,62.03,57.43,60.7,65.44,57.89,61.58,56.31,60.22,65.71,3.17,3.21,3.7,3.7,4.08,4.63,4.62,4.34,4.63,4.69,5.43,5.29,5.68,5.69,4.97,5.59,5.14,5.46,5.92,5.18,5.54,5.03,5.41,5.95,0,0,0.27,0.27,0.65,1.2,1.19,0.91,1.2,1.26,2,1.86,2.25,2.26,1.54,2.16,1.71,2.03,2.49,1.75,2.11,1.6,1.98,2.52
17937,IND,India,Uttar Pradesh,Muzaffarnagar,3303410,5,40,34.55,36.06,42.96,46.93,49.24,58.55,57.22,55.6,57.41,61.66,65.84,65.21,70.26,72.55,56.02,71.05,63.31,67.96,75.29,64.15,69.55,62.46,68.34,74.04,2.9,3.04,3.72,4.11,4.34,5.25,5.12,4.96,5.14,5.55,5.96,5.9,6.4,6.62,5,6.47,5.71,6.17,6.89,5.8,6.33,5.63,6.21,6.77,0,0,0.29,0.68,0.91,1.82,1.69,1.53,1.71,2.12,2.53,2.47,2.97,3.19,1.57,3.04,2.28,2.74,3.46,2.37,2.9,2.2,2.78,3.34
17938,IND,India,Uttar Pradesh,Pilibhit,2311365,5,40,41,41.12,47.19,50.78,50.23,54,53.92,54.62,58.27,63.15,67.27,65.64,67.95,69.58,62.85,65.33,57.6,65.87,65.19,64.87,65.74,61.95,63.88,67.05,3.53,3.54,4.13,4.49,4.43,4.8,4.79,4.86,5.22,5.7,6.1,5.94,6.17,6.33,5.67,5.91,5.15,5.96,5.9,5.87,5.95,5.58,5.77,6.08,0.1,0.11,0.7,1.06,1,1.37,1.36,1.43,1.79,2.27,2.67,2.51,2.74,2.9,2.24,2.48,1.72,2.53,2.47,2.44,2.52,2.15,2.34,2.65
17939,IND,India,Uttar Pradesh,Pratapgarh,3615621,5,40,76.59,68,74.59,78.44,81.21,89,88.82,85.08,80.24,85.34,102.15,93.59,92.7,103.07,89.01,95.2,85.68,83.33,107.13,99.03,90.48,108.69,101.58,105.35,7.02,6.17,6.82,7.2,7.47,8.23,8.21,7.85,7.37,7.87,9.52,8.68,8.59,9.61,8.23,8.84,7.91,7.68,10.01,9.21,8.38,10.16,9.46,9.83,3.59,2.74,3.39,3.77,4.04,4.8,4.78,4.42,3.94,4.44,6.09,5.25,5.16,6.18,4.8,5.41,4.48,4.25,6.58,5.78,4.95,6.73,6.03,6.4
17940,IND,India,Uttar Pradesh,Prayagraj,5415602,5,40,65.26,61.86,64.3,69.55,70.81,77.84,75.35,73.5,68.8,75.88,87.85,79.37,77.51,89.04,82.08,85.27,77.56,72.21,90.31,86.96,80.62,96.8,91.66,94.77,5.91,5.57,5.81,6.33,6.45,7.14,6.89,6.71,6.25,6.95,8.12,7.29,7.11,8.24,7.55,7.87,7.11,6.59,8.36,8.03,7.41,9,8.49,8.8,2.48,2.14,2.38,2.9,3.02,3.71,3.46,3.28,2.82,3.52,4.69,3.86,3.68,4.81,4.12,4.44,3.68,3.16,4.93,4.6,3.98,5.57,5.06,5.37
17941,IND,India,Uttar Pradesh,Rae Bareli,2764725,5,40,75.99,71.13,77.56,81.27,83.82,90.04,90.04,86.58,82.5,88.63,103.51,96.85,95.39,102.06,87.04,95.6,87.25,86.72,103.05,101.13,96.18,112.29,100.23,103.89,6.96,6.48,7.11,7.47,7.72,8.33,8.33,7.99,7.59,8.2,9.65,9,8.86,9.51,8.04,8.88,8.06,8.01,9.61,9.42,8.94,10.51,9.33,9.69,3.53,3.05,3.68,4.04,4.29,4.9,4.9,4.56,4.16,4.77,6.22,5.57,5.43,6.08,4.61,5.45,4.63,4.58,6.18,5.99,5.51,7.08,5.9,6.26
17942,IND,India,Uttar Pradesh,Rampur,2661235,5,40,42.26,42.67,46.15,43.82,46.23,52.42,50.8,50.02,52.6,54.4,61.68,58.43,63.18,62.19,57.6,60.98,56.02,60.75,63.04,58.65,62.2,58.33,62.66,64.36,3.65,3.69,4.03,3.8,4.04,4.65,4.49,4.41,4.67,4.84,5.55,5.24,5.7,5.6,5.16,5.49,5,5.46,5.69,5.26,5.61,5.23,5.65,5.82,0.22,0.26,0.6,0.37,0.61,1.22,1.06,0.98,1.24,1.41,2.12,1.81,2.27,2.17,1.73,2.06,1.57,2.03,2.26,1.83,2.18,1.8,2.22,2.39
17943,IND,India,Uttar Pradesh,Saharanpur,3818439,5,40,36.54,37.37,41.83,42.48,43.84,49.71,49.99,48.09,52.37,55.64,60.38,56.9,64.11,68.44,51.68,63.19,58.81,62.49,67.99,59.49,63.85,58.54,62.69,66.93,3.09,3.17,3.61,3.67,3.81,4.38,4.41,4.22,4.64,4.96,5.43,5.09,5.79,6.22,4.58,5.7,5.27,5.63,6.17,5.34,5.77,5.25,5.65,6.07,0,0,0.18,0.24,0.38,0.95,0.98,0.79,1.21,1.53,2,1.66,2.36,2.79,1.15,2.27,1.84,2.2,2.74,1.91,2.34,1.82,2.22,2.64
17944,IND,India,Uttar Pradesh,Sambhal,2372466,5,40,48.17,46.94,53.56,57.75,63.43,74.7,68.83,66.92,62.79,66.29,75.45,75.26,89.53,84.81,71.43,78.31,74.17,76.67,84.45,77.08,80.6,78.89,74.51,87.44,4.23,4.11,4.76,5.17,5.73,6.83,6.26,6.07,5.66,6.01,6.9,6.89,8.28,7.82,6.51,7.18,6.78,7.02,7.79,7.06,7.41,7.24,6.81,8.08,0.8,0.68,1.33,1.74,2.3,3.4,2.83,2.64,2.23,2.58,3.47,3.46,4.85,4.39,3.08,3.75,3.35,3.59,4.36,3.63,3.98,3.81,3.38,4.65
17945,IND,India,Uttar Pradesh,Sant Kabir Nagar,1640454,5,40,66.45,61.69,72.44,84.33,77.09,85.03,83.02,84.13,90.3,89.74,100.01,97.68,97.74,107.79,93.96,95.71,85.83,95.58,103.64,94.37,93.48,101.44,98.55,102.01,6.02,5.56,6.61,7.77,7.06,7.84,7.65,7.75,8.36,8.3,9.31,9.08,9.09,10.07,8.72,8.89,7.92,8.88,9.67,8.76,8.67,9.45,9.17,9.51,2.59,2.13,3.18,4.34,3.63,4.41,4.22,4.32,4.93,4.87,5.88,5.65,5.66,6.64,5.29,5.46,4.49,5.45,6.24,5.33,5.24,6.02,5.74,6.08
17946,IND,India,Uttar Pradesh,Shahjahanpur,3370212,5,40,61.28,57.41,63.57,69.23,71.51,78.66,76.28,76.43,76.07,79.77,90.03,88.9,95.22,98,81.31,90.03,80.08,86.86,87.83,89.78,87.57,89.16,87,93.99,5.52,5.14,5.74,6.29,6.52,7.22,6.99,7,6.97,7.33,8.33,8.22,8.84,9.11,7.48,8.33,7.36,8.02,8.12,8.31,8.09,8.25,8.04,8.72,2.09,1.71,2.31,2.86,3.09,3.79,3.56,3.57,3.54,3.9,4.9,4.79,5.41,5.68,4.05,4.9,3.93,4.59,4.69,4.88,4.66,4.82,4.61,5.29
17947,IND,India,Uttar Pradesh,Shamli,1332901,5,40,39.01,42.06,48.82,52.08,55.84,67.97,64.2,63.18,64.31,68.89,75.1,71,81.72,82.56,62.63,78.56,70.77,72.76,78.55,71.66,76.52,72.65,77.98,83.12,3.33,3.63,4.29,4.61,4.98,6.17,5.8,5.7,5.81,6.26,6.87,6.47,7.52,7.6,5.65,7.21,6.45,6.64,7.21,6.53,7.01,6.63,7.15,7.66,0,0.2,0.86,1.18,1.55,2.74,2.37,2.27,2.38,2.83,3.44,3.04,4.09,4.17,2.22,3.78,3.02,3.21,3.78,3.1,3.58,3.2,3.72,4.23
17948,IND,India,Uttar Pradesh,Shravasti,2313893,5,40,50.47,49.92,58.58,65.33,57.55,60.89,63.14,64.59,70.35,70.43,74.97,77.03,74.46,86.73,77.96,73.53,68.83,78.57,77.58,75.87,74.19,77.65,75.7,82.35,4.46,4.4,5.25,5.91,5.15,5.48,5.7,5.84,6.4,6.41,6.86,7.06,6.81,8.01,7.15,6.72,6.26,7.21,7.11,6.95,6.78,7.12,6.93,7.58,1.03,0.97,1.82,2.48,1.72,2.05,2.27,2.41,2.97,2.98,3.43,3.63,3.38,4.58,3.72,3.29,2.83,3.78,3.68,3.52,3.35,3.69,3.5,4.15
17949,IND,India,Uttar Pradesh,Siddharth Nagar,3485912,5,40,54.69,53.43,62.72,73.66,63.44,66.6,68.08,70.57,78.6,76.39,81.72,83.98,81.67,92.07,79.9,76.91,70.47,83.22,84.23,78.33,79.25,81.54,80.26,86.66,4.87,4.75,5.66,6.73,5.73,6.04,6.18,6.43,7.21,7,7.52,7.74,7.51,8.53,7.34,7.05,6.42,7.67,7.76,7.19,7.28,7.5,7.38,8,1.44,1.32,2.23,3.3,2.3,2.61,2.75,3,3.78,3.57,4.09,4.31,4.08,5.1,3.91,3.62,2.99,4.24,4.33,3.76,3.85,4.07,3.95,4.57
17950,IND,India,Uttar Pradesh,Sitapur,5028006,5,40,63.66,60.67,70.84,75.54,74.99,80.59,81.35,79.06,80.7,85.73,95.12,94.08,95.08,104.39,90,96.47,84.55,90.08,95.63,94.53,89.99,95.78,89.75,98.72,5.75,5.46,6.45,6.91,6.86,7.41,7.48,7.26,7.42,7.91,8.83,8.73,8.83,9.74,8.33,8.96,7.8,8.34,8.88,8.77,8.33,8.9,8.31,9.18,2.32,2.03,3.02,3.48,3.43,3.98,4.05,3.83,3.99,4.48,5.4,5.3,5.4,6.31,4.9,5.53,4.37,4.91,5.45,5.34,4.9,5.47,4.88,5.75
17951,IND,India,Uttar Pradesh,Sonbhadra,2086251,5,40,28.43,29.52,30.56,35.27,34.46,38.73,38.45,36.38,37.35,41.42,48.06,42.12,42.94,49.6,43.18,46.82,42.14,41.54,45.76,42.55,41.79,47.5,46.56,50.17,2.3,2.4,2.5,2.97,2.89,3.31,3.28,3.08,3.17,3.57,4.22,3.64,3.72,4.37,3.74,4.1,3.64,3.58,3.99,3.68,3.61,4.16,4.07,4.43,0,0,0,0,0,0,0,0,0,0.14,0.79,0.21,0.29,0.94,0.31,0.67,0.21,0.15,0.56,0.25,0.18,0.73,0.64,1
17952,IND,India,Uttar Pradesh,Sultanpur,2480449,5,40,72.05,63.46,73.52,78.39,81.96,91.38,90.91,87.23,83.35,85.75,104.44,97.15,96.98,105.59,91.66,97.15,84.34,88.08,111.09,98.58,92.37,108.33,100.03,102.82,6.57,5.73,6.71,7.19,7.54,8.47,8.42,8.06,7.68,7.91,9.75,9.03,9.01,9.86,8.49,9.03,7.78,8.14,10.4,9.17,8.56,10.13,9.31,9.59,3.14,2.3,3.28,3.76,4.11,5.04,4.99,4.63,4.25,4.48,6.32,5.6,5.58,6.43,5.06,5.6,4.35,4.71,6.97,5.74,5.13,6.7,5.88,6.16
17953,IND,India,Uttar Pradesh,Unnao,3499247,5,40,78.55,74.33,80.25,85.79,87.31,92.86,94.34,90.31,85.74,92.67,106.56,99.19,98.13,104.45,92.76,101.3,91.38,92.27,105.71,103.49,99.99,113.82,102.44,106.08,7.21,6.79,7.37,7.92,8.07,8.61,8.76,8.36,7.91,8.59,9.95,9.23,9.13,9.75,8.6,9.44,8.47,8.55,9.87,9.65,9.31,10.66,9.55,9.91,3.78,3.36,3.94,4.49,4.64,5.18,5.33,4.93,4.48,5.16,6.52,5.8,5.7,6.32,5.17,6.01,5.04,5.12,6.44,6.22,5.88,7.23,6.12,6.48
17954,IND,India,Uttar Pradesh,Varanasi,4052825,5,40,67.63,63.43,67.25,72.66,75.39,81.14,81.85,78.41,74.19,82.34,97.21,87.63,84.45,96.69,85.44,89.74,82.27,78.04,98.53,88.72,86.27,101.81,100.25,100.85,6.14,5.73,6.1,6.63,6.9,7.46,7.53,7.19,6.78,7.58,9.04,8.1,7.79,8.99,7.88,8.3,7.57,7.16,9.17,8.2,7.96,9.49,9.33,9.39,2.71,2.3,2.67,3.2,3.47,4.03,4.1,3.76,3.35,4.15,5.61,4.67,4.36,5.56,4.45,4.87,4.14,3.73,5.74,4.77,4.53,6.06,5.9,5.96
17955,IND,India,Uttarakhand,Almora,681006,5,40,20.63,19.08,24.29,24.89,23.3,24.48,27.06,22.11,24.69,24.48,27.15,25.64,24.87,27.5,26.05,26.84,25.65,27.72,30.07,25.72,25.95,24.06,24.33,30.25,1.53,1.38,1.89,1.95,1.79,1.91,2.16,1.68,1.93,1.91,2.17,2.02,1.95,2.21,2.06,2.14,2.02,2.23,2.46,2.03,2.05,1.87,1.89,2.47,0,0,0,0,0,0,0,0,0,0,0,0,0,0,0,0,0,0,0,0,0,0,0,0
17956,IND,India,Uttarakhand,Bageshwar,278720,5,40,18.44,17.81,23.97,24.77,22.12,19.58,22.87,21.34,21.47,23.2,25.86,21.56,22.42,26.56,25.61,24.97,25.19,27.05,27.79,23.26,25.28,24.39,25.67,29.18,1.32,1.26,1.86,1.94,1.68,1.43,1.75,1.6,1.61,1.78,2.04,1.62,1.71,2.11,2.02,1.96,1.98,2.16,2.23,1.79,1.99,1.9,2.03,2.37,0,0,0,0,0,0,0,0,0,0,0,0,0,0,0,0,0,0,0,0,0,0,0,0
17957,IND,India,Uttarakhand,Chamoli,473089,5,40,20.26,19.34,27.2,26.27,23.45,23.46,25.74,23.64,23.3,23.79,28.66,24.1,23.25,28.53,27.81,27.08,26.86,28.89,29.54,25.9,26.7,24.48,26.55,31.29,1.5,1.41,2.18,2.08,1.81,1.81,2.03,1.83,1.79,1.84,2.32,1.87,1.79,2.31,2.24,2.16,2.14,2.34,2.4,2.05,2.13,1.91,2.11,2.58,0,0,0,0,0,0,0,0,0,0,0,0,0,0,0,0,0,0,0,0,0,0,0,0
17958,IND,India,Uttarakhand,Champawat,291186,5,40,17.92,17.22,21.99,25.11,21.88,24.48,25.18,21.42,22.97,24.19,27.2,25.61,25.69,27.13,25.17,25.75,25.65,27.33,30.63,24.83,24.63,24.05,24.57,29.73,1.27,1.2,1.67,1.97,1.65,1.91,1.98,1.61,1.76,1.88,2.18,2.02,2.03,2.17,1.98,2.03,2.02,2.19,2.51,1.94,1.92,1.87,1.92,2.42,0,0,0,0,0,0,0,0,0,0,0,0,0,0,0,0,0,0,0,0,0,0,0,0
17959,IND,India,Uttarakhand,Dehradun,1864225,5,40,28.97,28.12,33.91,35.31,34.96,39.44,37.85,32.94,36.71,35.85,41.33,39.52,40.1,45.66,37.98,42.16,40.74,44.7,48.96,42.66,44.98,40.62,39.88,45.63,2.35,2.27,2.83,2.97,2.94,3.37,3.22,2.74,3.11,3.02,3.56,3.38,3.44,3.98,3.23,3.64,3.5,3.89,4.31,3.69,3.92,3.49,3.42,3.98,0,0,0,0,0,0,0,0,0,0,0.13,0,0.01,0.55,0,0.21,0.07,0.46,0.88,0.26,0.49,0.06,0,0.55
17960,IND,India,Uttarakhand,Hardwar,2152031,5,40,34.27,34.23,37.9,38.53,38,43.03,43.84,41.37,45.39,48,52.11,49.76,51.7,58.08,48.89,56.3,50.99,55.25,59.09,51.02,55.01,49.7,53.09,58.44,2.87,2.86,3.22,3.29,3.23,3.73,3.81,3.56,3.96,4.21,4.62,4.39,4.58,5.2,4.3,5.03,4.51,4.92,5.3,4.51,4.9,4.38,4.71,5.24,0,0,0,0,0,0.3,0.38,0.13,0.53,0.78,1.19,0.96,1.15,1.77,0.87,1.6,1.08,1.49,1.87,1.08,1.47,0.95,1.28,1.81
17961,IND,India,Uttarakhand,Nainital,1015931,5,40,23.3,21.76,26.81,29.99,27.9,33.27,33.19,28.59,32.38,33.07,38.75,35.12,36.7,40.96,39.09,38.67,36.13,39.8,42.89,37.91,38.65,37.51,36.36,42.41,1.79,1.64,2.14,2.45,2.24,2.77,2.76,2.31,2.68,2.75,3.31,2.95,3.11,3.52,3.34,3.3,3.05,3.41,3.71,3.23,3.3,3.19,3.07,3.67,0,0,0,0,0,0,0,0,0,0,0,0,0,0.09,0,0,0,0,0.28,0,0,0,0,0.24
17962,IND,India,Uttarakhand,Pauri Garhwal,891635,5,40,24.75,22.99,28.89,29.2,28.46,30.72,32.78,26.94,29.88,28.95,33.04,31.42,30.47,34.92,32.56,34.78,31.6,34.3,36.88,32.64,34.09,30.49,31.77,36.28,1.94,1.76,2.34,2.37,2.3,2.52,2.72,2.15,2.44,2.35,2.75,2.59,2.5,2.93,2.7,2.92,2.61,2.87,3.12,2.71,2.85,2.5,2.62,3.07,0,0,0,0,0,0,0,0,0,0,0,0,0,0,0,0,0,0,0,0,0,0,0,0
17963,IND,India,Uttarakhand,Pithoragarh,553289,5,40,16.9,15.99,22.51,23.89,21.03,20,21.78,20.15,20.81,22.96,24.14,21.67,22.6,25.05,23.61,23.65,24.19,25.66,25.9,22.61,23.2,22.84,23.86,27.19,1.17,1.08,1.72,1.85,1.57,1.47,1.64,1.48,1.55,1.76,1.88,1.63,1.72,1.97,1.82,1.83,1.88,2.03,2.05,1.73,1.78,1.75,1.85,2.17,0,0,0,0,0,0,0,0,0,0,0,0,0,0,0,0,0,0,0,0,0,0,0,0
17964,IND,India,Uttarakhand,Rudraprayag,151230,5,40,22.53,21.13,29.85,28.32,24.48,26.48,27.66,25.2,24.5,24.86,29.92,24.86,25.93,31.39,29.19,29.41,28.9,31.36,30.87,27.56,27.91,26.89,28.49,33.43,1.72,1.58,2.44,2.29,1.91,2.11,2.22,1.98,1.91,1.95,2.44,1.95,2.05,2.59,2.37,2.39,2.34,2.58,2.54,2.21,2.24,2.15,2.3,2.79,0,0,0,0,0,0,0,0,0,0,0,0,0,0,0,0,0,0,0,0,0,0,0,0
17965,IND,India,Uttarakhand,Tehri Garhwal,707045,5,40,25.9,23.99,30.8,30.89,29.21,31.78,32.75,27.14,29.17,27.75,32.58,29.75,29.21,35.28,29.89,31.58,29.86,32.7,34.95,31.33,32.41,29.39,29.81,35.01,2.05,1.86,2.53,2.54,2.37,2.62,2.72,2.17,2.37,2.23,2.7,2.43,2.37,2.97,2.44,2.61,2.44,2.71,2.93,2.58,2.69,2.39,2.43,2.94,0,0,0,0,0,0,0,0,0,0,0,0,0,0,0,0,0,0,0,0,0,0,0,0
17966,IND,India,Uttarakhand,Udham Singh Nagar,1919016,5,40,28.62,27.7,33.53,34.81,33.62,38.83,38.78,36.88,39.57,41.92,48.28,42.39,44.85,48.35,48.23,47.85,44.41,48.34,52.35,46.77,47.59,46.65,47.2,49.56,2.32,2.22,2.8,2.92,2.8,3.32,3.31,3.12,3.39,3.62,4.24,3.66,3.91,4.25,4.24,4.2,3.86,4.25,4.64,4.09,4.17,4.08,4.14,4.37,0,0,0,0,0,0,0,0,0,0.19,0.81,0.23,0.48,0.82,0.81,0.77,0.43,0.82,1.21,0.66,0.74,0.65,0.71,0.94
17967,IND,India,Uttarakhand,Uttarkashi,377530,5,40,24.47,23.11,31.34,31.21,27.06,30.28,30.74,25.84,26.75,26.02,30.15,26.44,26.97,31.74,28.08,29.5,28.91,30.1,32.96,28.02,29.49,27.1,28.45,32.77,1.91,1.78,2.58,2.57,2.16,2.48,2.52,2.04,2.13,2.06,2.46,2.1,2.15,2.62,2.26,2.4,2.34,2.46,2.74,2.26,2.4,2.17,2.3,2.72,0,0,0,0,0,0,0,0,0,0,0,0,0,0,0,0,0,0,0,0,0,0,0,0
17968,IND,India,West Bengal,Alipurduar,1368534,5,40,33.62,34.05,37.29,41.03,40.25,43.25,43.6,43.97,51.17,47.75,48.91,55.38,48.96,50,52.8,48.73,51.33,48.36,48.05,51.07,54.83,50.84,53.27,55.88,2.8,2.85,3.16,3.53,3.45,3.75,3.78,3.82,4.52,4.19,4.3,4.94,4.31,4.41,4.68,4.29,4.54,4.25,4.22,4.51,4.88,4.49,4.73,4.99,0,0,0,0.1,0.02,0.32,0.35,0.39,1.09,0.76,0.87,1.51,0.88,0.98,1.25,0.86,1.11,0.82,0.79,1.08,1.45,1.06,1.3,1.56
17969,IND,India,West Bengal,Bankura,3867370,5,40,35.64,37.56,41.9,43.75,46.34,45.64,50.89,49.67,55.48,59.43,64.79,64.11,56.48,66.85,62.48,65.41,68.56,65.83,67.69,68.08,67.93,66.12,76.2,76.88,3,3.19,3.62,3.8,4.05,3.98,4.5,4.38,4.95,5.33,5.86,5.79,5.05,6.06,5.63,5.92,6.23,5.96,6.14,6.18,6.17,5.99,6.98,7.04,0,0,0.19,0.37,0.62,0.55,1.07,0.95,1.52,1.9,2.43,2.36,1.62,2.63,2.2,2.49,2.8,2.53,2.71,2.75,2.74,2.56,3.55,3.61
17970,IND,India,West Bengal,Barddhaman,8343103,5,40,36.7,38.21,44.09,44.73,48.59,47.75,50.74,51.68,56.46,59.1,65.91,65.26,55.49,68.92,63.33,65.19,67.39,65.94,68.15,66.46,71.04,65.22,76.58,73.23,3.11,3.25,3.83,3.89,4.27,4.19,4.48,4.57,5.04,5.3,5.97,5.91,4.95,6.26,5.72,5.9,6.11,5.97,6.19,6.02,6.47,5.9,7.02,6.69,0,0,0.4,0.46,0.84,0.76,1.05,1.14,1.61,1.87,2.54,2.48,1.52,2.83,2.29,2.47,2.68,2.54,2.76,2.59,3.04,2.47,3.59,3.26
17971,IND,India,West Bengal,Birbhum,3777754,5,40,35.92,38.44,42.87,43.5,44.48,41.49,45.27,46.08,51.39,50.3,56.64,56.68,46.68,61.04,53.45,55.45,54.55,59.01,59.1,57.81,60.1,58.21,64.17,65.15,3.03,3.28,3.71,3.77,3.87,3.58,3.95,4.03,4.55,4.44,5.06,5.07,4.08,5.49,4.75,4.94,4.86,5.29,5.3,5.18,5.4,5.21,5.8,5.89,0,0,0.28,0.34,0.44,0.15,0.52,0.6,1.12,1.01,1.63,1.64,0.65,2.06,1.32,1.51,1.43,1.86,1.87,1.75,1.97,1.78,2.37,2.46
17972,IND,India,West Bengal,Dakshin Dinajpur,1753778,5,40,45.61,42.28,46.37,50.09,47.42,51.89,47.1,54.54,58.5,53.78,60.73,65.48,55.88,64.02,71.05,64.95,61.6,59.86,55.28,59.34,65.74,56.65,71.64,68.84,3.98,3.65,4.05,4.42,4.16,4.6,4.13,4.86,5.24,4.78,5.46,5.93,4.99,5.78,6.47,5.87,5.55,5.38,4.93,5.33,5.95,5.06,6.53,6.26,0.55,0.22,0.62,0.99,0.73,1.17,0.7,1.43,1.81,1.35,2.03,2.5,1.56,2.35,3.04,2.44,2.12,1.95,1.5,1.9,2.52,1.63,3.1,2.83
17973,IND,India,West Bengal,Darjeeling,1920808,5,40,31.03,29.78,33.58,38.04,35.71,38.62,40.16,41.49,49.26,46.14,47.09,54.87,44.24,49.13,49.02,46.22,48.65,46.96,45.28,46.85,50.33,47,51.41,50.79,2.55,2.43,2.8,3.24,3.01,3.29,3.45,3.58,4.34,4.03,4.12,4.89,3.85,4.32,4.31,4.04,4.28,4.11,3.95,4.1,4.44,4.12,4.55,4.49,0,0,0,0,0,0,0.02,0.15,0.91,0.6,0.69,1.46,0.42,0.89,0.88,0.61,0.85,0.68,0.52,0.67,1.01,0.69,1.12,1.06
17974,IND,India,West Bengal,Hooghly,5980019,5,40,34.49,37.21,43.56,44.04,48.48,48.43,49.37,52.16,56.66,58.1,64.53,67.18,58.01,66.97,64.07,63.67,71.51,66.14,69.57,65.2,72.58,64.36,77.21,72.83,2.89,3.16,3.78,3.83,4.26,4.26,4.35,4.62,5.06,5.2,5.83,6.09,5.2,6.07,5.79,5.75,6.52,5.99,6.33,5.9,6.62,5.82,7.08,6.65,0,0,0.35,0.4,0.83,0.83,0.92,1.19,1.63,1.77,2.4,2.66,1.77,2.64,2.36,2.32,3.09,2.56,2.9,2.47,3.19,2.39,3.65,3.22
17975,IND,India,West Bengal,Howrah,5178193,5,40,31.13,35.38,39.25,39.56,42.7,41.47,44.81,49.56,54.6,53.23,59.35,62.43,51.79,58.48,57.79,56.96,66.3,57.94,65.57,57.56,62.4,54.51,63.77,61.36,2.56,2.98,3.36,3.39,3.69,3.57,3.9,4.37,4.86,4.73,5.33,5.63,4.59,5.24,5.17,5.09,6.01,5.19,5.94,5.15,5.63,4.85,5.76,5.52,0,0,0,0,0.26,0.14,0.47,0.94,1.43,1.3,1.9,2.2,1.16,1.81,1.74,1.66,2.58,1.76,2.51,1.72,2.2,1.42,2.33,2.09
17976,IND,India,West Bengal,Jalpaiguri,2858453,5,40,34.46,33.63,36.75,41.3,39.61,42.75,43.68,44.87,53.88,50.9,51.05,58.55,49.69,52.47,54.59,51.05,53.87,51,50.57,52.19,56.06,52.09,57.52,57.37,2.89,2.81,3.11,3.56,3.39,3.7,3.79,3.91,4.79,4.5,4.51,5.25,4.38,4.65,4.86,4.51,4.79,4.51,4.47,4.62,5,4.62,5.15,5.13,0,0,0,0.13,0,0.27,0.36,0.48,1.36,1.07,1.08,1.82,0.95,1.22,1.43,1.08,1.36,1.08,1.04,1.19,1.57,1.19,1.72,1.7
17977,IND,India,West Bengal,Koch Bihar,3037219,5,40,30.44,27.53,30.11,32.81,30.08,35.39,33.23,36.29,44.48,40.88,40.45,44.73,40.56,41.81,45.96,42.2,41.44,38.09,37.75,39.75,44.69,40.7,45.63,47.95,2.49,2.21,2.46,2.73,2.46,2.98,2.77,3.07,3.87,3.52,3.47,3.89,3.48,3.61,4.01,3.65,3.57,3.24,3.21,3.41,3.89,3.5,3.98,4.21,0,0,0,0,0,0,0,0,0.44,0.09,0.04,0.46,0.05,0.18,0.58,0.22,0.14,0,0,0,0.46,0.07,0.55,0.78
17978,IND,India,West Bengal,Kolkata,4508259,5,40,28.93,33.24,36.32,37.72,39.83,38.02,41.34,44.89,51.31,50.07,54.98,58.29,47.21,55.95,54.73,53.46,62.83,55.98,65.34,56.35,62.04,52.76,58.91,58.89,2.35,2.77,3.07,3.21,3.41,3.24,3.56,3.91,4.54,4.42,4.9,5.22,4.14,4.99,4.87,4.75,5.67,5,5.91,5.03,5.59,4.68,5.28,5.28,0,0,0,0,0,0,0.13,0.48,1.11,0.99,1.47,1.79,0.71,1.56,1.44,1.32,2.24,1.57,2.48,1.6,2.16,1.25,1.85,1.85
17979,IND,India,West Bengal,Maldah,4321272,5,40,45.36,44.52,45.91,51.52,48.65,51.38,48.58,53.33,60.58,54.35,62.71,66.32,55.99,67.85,73.47,65.99,67.08,66.81,60.74,66.45,69.99,63.76,74.68,72.25,3.95,3.87,4.01,4.56,4.28,4.55,4.27,4.74,5.45,4.84,5.66,6.01,5,6.16,6.71,5.98,6.08,6.06,5.46,6.02,6.37,5.76,6.83,6.59,0.52,0.44,0.58,1.13,0.85,1.12,0.84,1.31,2.02,1.41,2.23,2.58,1.57,2.73,3.28,2.55,2.65,2.63,2.03,2.59,2.94,2.33,3.4,3.16
17980,IND,India,West Bengal,Murshidabad,7711949,5,40,36.65,38.88,43.79,44.06,45.63,44.26,45.38,47.02,51.91,50.26,57.43,55.52,49,63.66,57.07,58.27,57.79,59.17,59.56,59.77,64.45,59.29,64.61,63.89,3.1,3.32,3.8,3.83,3.98,3.85,3.96,4.12,4.6,4.44,5.14,4.95,4.31,5.75,5.1,5.22,5.17,5.31,5.35,5.37,5.83,5.32,5.84,5.77,0,0,0.37,0.4,0.55,0.42,0.53,0.69,1.17,1.01,1.71,1.52,0.88,2.32,1.67,1.79,1.74,1.88,1.92,1.94,2.4,1.89,2.41,2.34
17981,IND,India,West Bengal,Nadia,5654066,5,40,36.66,37.89,45.03,45.4,48.04,48.08,48.19,50.93,54.77,57.15,62.57,61.55,54.24,68.52,62.63,63.45,64.35,60.94,65.05,61.37,71.01,61.56,71.93,67.21,3.1,3.22,3.92,3.96,4.22,4.22,4.23,4.5,4.88,5.11,5.64,5.54,4.83,6.23,5.65,5.73,5.82,5.48,5.88,5.52,6.47,5.54,6.56,6.1,0,0,0.49,0.53,0.79,0.79,0.8,1.07,1.45,1.68,2.21,2.11,1.4,2.8,2.22,2.3,2.39,2.05,2.45,2.09,3.04,2.11,3.13,2.67
17982,IND,India,West Bengal,North 24 Parganas,11094091,5,40,32.44,36.79,39.8,41.65,43.97,43.38,45.48,46.29,53.47,54.4,58.21,61.2,53.26,60.44,59.6,58.11,64.18,58.42,65.09,57.91,66.82,56.85,65.9,62.17,2.69,3.12,3.41,3.59,3.82,3.76,3.97,4.05,4.75,4.84,5.21,5.51,4.73,5.43,5.35,5.21,5.8,5.24,5.89,5.18,6.06,5.08,5.97,5.6,0,0,0,0.16,0.39,0.33,0.54,0.62,1.32,1.41,1.78,2.08,1.3,2,1.92,1.78,2.37,1.81,2.46,1.75,2.63,1.65,2.54,2.17
17983,IND,India,West Bengal,Pashchim Medinipur,6372521,5,40,29.69,33.18,37.09,37.42,39.1,39.15,41.34,43.91,47.29,48.07,54.32,54.39,48.99,55.46,54.31,54.21,61.19,55.47,57.99,54.58,56.93,54.86,62.59,64.34,2.42,2.76,3.14,3.18,3.34,3.35,3.56,3.81,4.14,4.22,4.83,4.84,4.31,4.94,4.83,4.82,5.51,4.95,5.19,4.86,5.09,4.89,5.64,5.82,0,0,0,0,0,0,0.13,0.38,0.71,0.79,1.4,1.41,0.88,1.51,1.4,1.39,2.08,1.52,1.76,1.43,1.66,1.46,2.21,2.39
17984,IND,India,West Bengal,Purba Medinipur,5537027,5,40,29.51,31.54,36.28,35.82,38.49,39.2,40.87,44.01,47.57,48.14,53.14,55.19,50.74,53.48,55.43,54.84,60.94,53.5,58.06,52.78,57.57,53.34,60.08,60.48,2.4,2.6,3.07,3.02,3.28,3.35,3.51,3.82,4.17,4.23,4.72,4.92,4.48,4.75,4.94,4.88,5.48,4.75,5.2,4.68,5.15,4.74,5.4,5.44,0,0,0,0,0,0,0.08,0.39,0.74,0.8,1.29,1.49,1.05,1.32,1.51,1.45,2.05,1.32,1.77,1.25,1.72,1.31,1.97,2.01
17985,IND,India,West Bengal,Puruliya,3178490,5,40,39.22,41.18,42.19,46.59,48.04,48.34,52.86,49.97,56.3,60.15,66.64,64.86,58.11,69.35,64.81,71.77,68.61,67.09,70.2,68.6,64.79,68.72,75.16,80.27,3.35,3.55,3.65,4.08,4.22,4.25,4.69,4.41,5.03,5.4,6.04,5.87,5.2,6.31,5.86,6.54,6.23,6.09,6.39,6.23,5.86,6.24,6.88,7.38,0,0.12,0.22,0.65,0.79,0.82,1.26,0.98,1.6,1.97,2.61,2.44,1.77,2.88,2.43,3.11,2.8,2.66,2.96,2.8,2.43,2.81,3.45,3.95
17986,IND,India,West Bengal,South 24 Parganas,8750991,5,40,31.29,35.02,37.99,39.28,41.23,40.41,43.73,47.74,53.42,53.14,55.61,59.78,52.54,56.51,57.61,56.23,62.81,56.6,63.64,56.36,63.74,54.83,62.71,59.26,2.58,2.94,3.23,3.36,3.55,3.47,3.8,4.19,4.75,4.72,4.96,5.37,4.66,5.05,5.16,5.02,5.67,5.06,5.75,5.03,5.76,4.88,5.66,5.32,0,0,0,0,0.12,0.04,0.37,0.76,1.32,1.29,1.53,1.94,1.23,1.62,1.73,1.59,2.24,1.63,2.32,1.6,2.33,1.45,2.23,1.89
17987,IND,India,West Bengal,Uttar Dinajpur,3367379,5,40,44.1,40.03,42.87,45.99,43.16,48.21,43.17,50.73,58.22,54.99,57.06,64.61,52.43,59.5,66.28,60.58,59.33,58.5,53.07,56.98,61.56,57.42,66.63,64.33,3.83,3.43,3.71,4.02,3.74,4.23,3.74,4.48,5.22,4.9,5.1,5.84,4.65,5.34,6.01,5.45,5.32,5.24,4.71,5.09,5.54,5.14,6.04,5.81,0.4,0,0.28,0.59,0.31,0.8,0.31,1.05,1.79,1.47,1.67,2.41,1.22,1.91,2.58,2.02,1.89,1.81,1.28,1.66,2.11,1.71,2.61,2.38
